year,week,agegroup,cbs_value,cbs_avg,cbs_low,cbs_high
2016,1,m_v_0_64,385,415,374,456
2016,2,m_v_0_64,432,413,371,456
2016,3,m_v_0_64,418,415,371,460
2016,4,m_v_0_64,354,417,374,459
2016,5,m_v_0_64,450,417,375,460
2016,6,m_v_0_64,401,417,371,463
2016,7,m_v_0_64,408,420,374,466
2016,8,m_v_0_64,340,420,374,467
2016,9,m_v_0_64,404,420,370,470
2016,10,m_v_0_64,394,417,370,464
2016,11,m_v_0_64,410,415,367,463
2016,12,m_v_0_64,449,410,364,456
2016,13,m_v_0_64,502,407,366,448
2016,14,m_v_0_64,499,401,357,444
2016,15,m_v_0_64,485,394,355,432
2016,16,m_v_0_64,426,389,350,427
2016,17,m_v_0_64,455,383,341,425
2016,18,m_v_0_64,446,381,342,419
2016,19,m_v_0_64,391,380,339,420
2016,20,m_v_0_64,374,378,339,418
2016,21,m_v_0_64,367,377,335,419
2016,22,m_v_0_64,371,376,330,422
2016,23,m_v_0_64,386,378,335,421
2016,24,m_v_0_64,405,383,340,425
2016,25,m_v_0_64,375,382,341,423
2016,26,m_v_0_64,381,384,342,426
2016,27,m_v_0_64,402,385,342,428
2016,28,m_v_0_64,390,386,347,424
2016,29,m_v_0_64,373,389,351,426
2016,30,m_v_0_64,407,387,349,425
2016,31,m_v_0_64,376,383,347,419
2016,32,m_v_0_64,420,384,345,423
2016,33,m_v_0_64,463,382,345,418
2016,34,m_v_0_64,417,382,342,422
2016,35,m_v_0_64,353,384,338,429
2016,36,m_v_0_64,416,385,339,431
2016,37,m_v_0_64,396,390,343,437
2016,38,m_v_0_64,395,397,350,445
2016,39,m_v_0_64,394,396,346,447
2016,40,m_v_0_64,435,400,348,453
2016,41,m_v_0_64,379,400,354,447
2016,42,m_v_0_64,432,405,360,449
2016,43,m_v_0_64,425,406,362,450
2016,44,m_v_0_64,409,403,360,447
2016,45,m_v_0_64,434,403,362,443
2016,46,m_v_0_64,435,408,369,446
2016,47,m_v_0_64,417,411,376,447
2016,48,m_v_0_64,436,414,377,450
2016,49,m_v_0_64,446,411,373,450
2016,50,m_v_0_64,464,413,374,451
2016,51,m_v_0_64,473,416,378,454
2016,52,m_v_0_64,432,415,375,455
2016,53,m_v_0_64,462,413,372,454
2017,1,m_v_0_64,385,415,374,456
2017,2,m_v_0_64,432,413,371,456
2017,3,m_v_0_64,418,415,371,460
2017,4,m_v_0_64,354,417,374,459
2017,5,m_v_0_64,450,417,375,460
2017,6,m_v_0_64,401,417,371,463
2017,7,m_v_0_64,408,420,374,466
2017,8,m_v_0_64,340,420,374,467
2017,9,m_v_0_64,404,420,370,470
2017,10,m_v_0_64,394,417,370,464
2017,11,m_v_0_64,410,415,367,463
2017,12,m_v_0_64,449,410,364,456
2017,13,m_v_0_64,502,407,366,448
2017,14,m_v_0_64,499,401,357,444
2017,15,m_v_0_64,485,394,355,432
2017,16,m_v_0_64,426,389,350,427
2017,17,m_v_0_64,455,383,341,425
2017,18,m_v_0_64,446,381,342,419
2017,19,m_v_0_64,391,380,339,420
2017,20,m_v_0_64,374,378,339,418
2017,21,m_v_0_64,367,377,335,419
2017,22,m_v_0_64,371,376,330,422
2017,23,m_v_0_64,386,378,335,421
2017,24,m_v_0_64,405,383,340,425
2017,25,m_v_0_64,375,382,341,423
2017,26,m_v_0_64,381,384,342,426
2017,27,m_v_0_64,402,385,342,428
2017,28,m_v_0_64,390,386,347,424
2017,29,m_v_0_64,373,389,351,426
2017,30,m_v_0_64,407,387,349,425
2017,31,m_v_0_64,376,383,347,419
2017,32,m_v_0_64,420,384,345,423
2017,33,m_v_0_64,463,382,345,418
2017,34,m_v_0_64,417,382,342,422
2017,35,m_v_0_64,353,384,338,429
2017,36,m_v_0_64,416,385,339,431
2017,37,m_v_0_64,396,390,343,437
2017,38,m_v_0_64,395,397,350,445
2017,39,m_v_0_64,394,396,346,447
2017,40,m_v_0_64,435,400,348,453
2017,41,m_v_0_64,379,400,354,447
2017,42,m_v_0_64,432,405,360,449
2017,43,m_v_0_64,425,406,362,450
2017,44,m_v_0_64,409,403,360,447
2017,45,m_v_0_64,434,403,362,443
2017,46,m_v_0_64,435,408,369,446
2017,47,m_v_0_64,417,411,376,447
2017,48,m_v_0_64,436,414,377,450
2017,49,m_v_0_64,446,411,373,450
2017,50,m_v_0_64,464,413,374,451
2017,51,m_v_0_64,473,416,378,454
2017,52,m_v_0_64,432,415,375,455
2017,53,m_v_0_64,462,413,372,454
2018,1,m_v_0_64,385,415,374,456
2018,2,m_v_0_64,432,413,371,456
2018,3,m_v_0_64,418,415,371,460
2018,4,m_v_0_64,354,417,374,459
2018,5,m_v_0_64,450,417,375,460
2018,6,m_v_0_64,401,417,371,463
2018,7,m_v_0_64,408,420,374,466
2018,8,m_v_0_64,340,420,374,467
2018,9,m_v_0_64,404,420,370,470
2018,10,m_v_0_64,394,417,370,464
2018,11,m_v_0_64,410,415,367,463
2018,12,m_v_0_64,449,410,364,456
2018,13,m_v_0_64,502,407,366,448
2018,14,m_v_0_64,499,401,357,444
2018,15,m_v_0_64,485,394,355,432
2018,16,m_v_0_64,426,389,350,427
2018,17,m_v_0_64,455,383,341,425
2018,18,m_v_0_64,446,381,342,419
2018,19,m_v_0_64,391,380,339,420
2018,20,m_v_0_64,374,378,339,418
2018,21,m_v_0_64,367,377,335,419
2018,22,m_v_0_64,371,376,330,422
2018,23,m_v_0_64,386,378,335,421
2018,24,m_v_0_64,405,383,340,425
2018,25,m_v_0_64,375,382,341,423
2018,26,m_v_0_64,381,384,342,426
2018,27,m_v_0_64,402,385,342,428
2018,28,m_v_0_64,390,386,347,424
2018,29,m_v_0_64,373,389,351,426
2018,30,m_v_0_64,407,387,349,425
2018,31,m_v_0_64,376,383,347,419
2018,32,m_v_0_64,420,384,345,423
2018,33,m_v_0_64,463,382,345,418
2018,34,m_v_0_64,417,382,342,422
2018,35,m_v_0_64,353,384,338,429
2018,36,m_v_0_64,416,385,339,431
2018,37,m_v_0_64,396,390,343,437
2018,38,m_v_0_64,395,397,350,445
2018,39,m_v_0_64,394,396,346,447
2018,40,m_v_0_64,435,400,348,453
2018,41,m_v_0_64,379,400,354,447
2018,42,m_v_0_64,432,405,360,449
2018,43,m_v_0_64,425,406,362,450
2018,44,m_v_0_64,409,403,360,447
2018,45,m_v_0_64,434,403,362,443
2018,46,m_v_0_64,435,408,369,446
2018,47,m_v_0_64,417,411,376,447
2018,48,m_v_0_64,436,414,377,450
2018,49,m_v_0_64,446,411,373,450
2018,50,m_v_0_64,464,413,374,451
2018,51,m_v_0_64,473,416,378,454
2018,52,m_v_0_64,432,415,375,455
2018,53,m_v_0_64,462,413,372,454
2019,1,m_v_0_64,385,415,374,456
2019,2,m_v_0_64,432,413,371,456
2019,3,m_v_0_64,418,415,371,460
2019,4,m_v_0_64,354,417,374,459
2019,5,m_v_0_64,450,417,375,460
2019,6,m_v_0_64,401,417,371,463
2019,7,m_v_0_64,408,420,374,466
2019,8,m_v_0_64,340,420,374,467
2019,9,m_v_0_64,404,420,370,470
2019,10,m_v_0_64,394,417,370,464
2019,11,m_v_0_64,410,415,367,463
2019,12,m_v_0_64,449,410,364,456
2019,13,m_v_0_64,502,407,366,448
2019,14,m_v_0_64,499,401,357,444
2019,15,m_v_0_64,485,394,355,432
2019,16,m_v_0_64,426,389,350,427
2019,17,m_v_0_64,455,383,341,425
2019,18,m_v_0_64,446,381,342,419
2019,19,m_v_0_64,391,380,339,420
2019,20,m_v_0_64,374,378,339,418
2019,21,m_v_0_64,367,377,335,419
2019,22,m_v_0_64,371,376,330,422
2019,23,m_v_0_64,386,378,335,421
2019,24,m_v_0_64,405,383,340,425
2019,25,m_v_0_64,375,382,341,423
2019,26,m_v_0_64,381,384,342,426
2019,27,m_v_0_64,402,385,342,428
2019,28,m_v_0_64,390,386,347,424
2019,29,m_v_0_64,373,389,351,426
2019,30,m_v_0_64,407,387,349,425
2019,31,m_v_0_64,376,383,347,419
2019,32,m_v_0_64,420,384,345,423
2019,33,m_v_0_64,463,382,345,418
2019,34,m_v_0_64,417,382,342,422
2019,35,m_v_0_64,353,384,338,429
2019,36,m_v_0_64,416,385,339,431
2019,37,m_v_0_64,396,390,343,437
2019,38,m_v_0_64,395,397,350,445
2019,39,m_v_0_64,394,396,346,447
2019,40,m_v_0_64,435,400,348,453
2019,41,m_v_0_64,379,400,354,447
2019,42,m_v_0_64,432,405,360,449
2019,43,m_v_0_64,425,406,362,450
2019,44,m_v_0_64,409,403,360,447
2019,45,m_v_0_64,434,403,362,443
2019,46,m_v_0_64,435,408,369,446
2019,47,m_v_0_64,417,411,376,447
2019,48,m_v_0_64,436,414,377,450
2019,49,m_v_0_64,446,411,373,450
2019,50,m_v_0_64,464,413,374,451
2019,51,m_v_0_64,473,416,378,454
2019,52,m_v_0_64,432,415,375,455
2019,53,m_v_0_64,462,413,372,454
2020,1,m_v_0_64,385,415,374,456
2020,2,m_v_0_64,432,413,371,456
2020,3,m_v_0_64,418,415,371,460
2020,4,m_v_0_64,354,417,374,459
2020,5,m_v_0_64,450,417,375,460
2020,6,m_v_0_64,401,417,371,463
2020,7,m_v_0_64,408,420,374,466
2020,8,m_v_0_64,340,420,374,467
2020,9,m_v_0_64,404,420,370,470
2020,10,m_v_0_64,394,417,370,464
2020,11,m_v_0_64,410,415,367,463
2020,12,m_v_0_64,449,410,364,456
2020,13,m_v_0_64,502,407,366,448
2020,14,m_v_0_64,499,401,357,444
2020,15,m_v_0_64,485,394,355,432
2020,16,m_v_0_64,426,389,350,427
2020,17,m_v_0_64,455,383,341,425
2020,18,m_v_0_64,446,381,342,419
2020,19,m_v_0_64,391,380,339,420
2020,20,m_v_0_64,374,378,339,418
2020,21,m_v_0_64,367,377,335,419
2020,22,m_v_0_64,371,376,330,422
2020,23,m_v_0_64,386,378,335,421
2020,24,m_v_0_64,405,383,340,425
2020,25,m_v_0_64,375,382,341,423
2020,26,m_v_0_64,381,384,342,426
2020,27,m_v_0_64,402,385,342,428
2020,28,m_v_0_64,390,386,347,424
2020,29,m_v_0_64,373,389,351,426
2020,30,m_v_0_64,407,387,349,425
2020,31,m_v_0_64,376,383,347,419
2020,32,m_v_0_64,420,384,345,423
2020,33,m_v_0_64,463,382,345,418
2020,34,m_v_0_64,417,382,342,422
2020,35,m_v_0_64,353,384,338,429
2020,36,m_v_0_64,416,385,339,431
2020,37,m_v_0_64,396,390,343,437
2020,38,m_v_0_64,395,397,350,445
2020,39,m_v_0_64,394,396,346,447
2020,40,m_v_0_64,435,400,348,453
2020,41,m_v_0_64,379,400,354,447
2020,42,m_v_0_64,432,405,360,449
2020,43,m_v_0_64,425,406,362,450
2020,44,m_v_0_64,409,403,360,447
2020,45,m_v_0_64,434,403,362,443
2020,46,m_v_0_64,435,408,369,446
2020,47,m_v_0_64,417,411,376,447
2020,48,m_v_0_64,436,414,377,450
2020,49,m_v_0_64,446,411,373,450
2020,50,m_v_0_64,464,413,374,451
2020,51,m_v_0_64,473,416,378,454
2020,52,m_v_0_64,432,415,375,455
2020,53,m_v_0_64,462,413,372,454
2021,1,m_v_0_64,431,411,369,452
2021,2,m_v_0_64,410,409,367,451
2021,3,m_v_0_64,427,411,366,455
2021,4,m_v_0_64,401,412,370,455
2021,5,m_v_0_64,380,413,370,455
2021,6,m_v_0_64,410,413,366,459
2021,7,m_v_0_64,480,415,369,462
2021,8,m_v_0_64,403,416,369,463
2021,9,m_v_0_64,417,415,365,466
2021,10,m_v_0_64,416,413,365,460
2021,11,m_v_0_64,414,410,363,458
2021,12,m_v_0_64,389,405,360,451
2021,13,m_v_0_64,413,402,361,444
2021,14,m_v_0_64,450,396,353,440
2021,15,m_v_0_64,440,390,351,428
2021,16,m_v_0_64,454,385,346,423
2021,17,m_v_0_64,434,379,337,420
2021,18,m_v_0_64,412,377,338,415
2021,19,m_v_0_64,496,376,335,416
2021,20,m_v_0_64,415,374,335,414
2021,21,m_v_0_64,396,373,331,415
2021,22,m_v_0_64,439,372,326,418
2021,23,m_v_0_64,403,374,331,417
2021,24,m_v_0_64,411,378,336,421
2021,25,m_v_0_64,399,378,337,419
2021,26,m_v_0_64,425,380,338,422
2021,27,m_v_0_64,414,381,338,424
2021,28,m_v_0_64,409,382,343,420
2021,29,m_v_0_64,379,385,347,422
2021,30,m_v_0_64,399,383,345,421
2021,31,m_v_0_64,416,379,343,415
2021,32,m_v_0_64,416,380,341,419
2021,33,m_v_0_64,409,378,341,414
2021,34,m_v_0_64,445,378,338,418
2021,35,m_v_0_64,427,380,334,425
2021,36,m_v_0_64,437,381,335,427
2021,37,m_v_0_64,429,386,339,433
2021,38,m_v_0_64,439,393,346,440
2021,39,m_v_0_64,439,392,342,443
2021,40,m_v_0_64,434,396,344,449
2021,41,m_v_0_64,445,396,349,443
2021,42,m_v_0_64,447,400,356,445
2021,43,m_v_0_64,445,402,358,446
2021,44,m_v_0_64,456,399,355,443
2021,45,m_v_0_64,475,398,358,439
2021,46,m_v_0_64,446,404,365,442
2021,47,m_v_0_64,497,407,371,442
2021,48,m_v_0_64,495,409,372,446
2021,49,m_v_0_64,536,407,369,445
2021,50,m_v_0_64,483,408,369,447
2021,51,m_v_0_64,507,412,373,450
2021,52,m_v_0_64,502,411,371,451
2022,1,m_v_0_64,463,404,363,446
2022,2,m_v_0_64,387,403,361,445
2022,3,m_v_0_64,399,405,360,449
2022,4,m_v_0_64,359,406,363,448
2022,5,m_v_0_64,454,406,364,449
2022,6,m_v_0_64,386,406,360,453
2022,7,m_v_0_64,377,409,363,455
2022,8,m_v_0_64,394,409,363,456
2022,9,m_v_0_64,407,409,359,459
2022,10,m_v_0_64,453,406,359,453
2022,11,m_v_0_64,417,404,356,452
2022,12,m_v_0_64,437,399,353,445
2022,13,m_v_0_64,453,396,355,437
2022,14,m_v_0_64,420,390,347,434
2022,15,m_v_0_64,436,384,345,422
2022,16,m_v_0_64,424,379,340,417
2022,17,m_v_0_64,382,373,331,415
2022,18,m_v_0_64,426,371,333,409
2022,19,m_v_0_64,411,370,329,411
2022,20,m_v_0_64,391,369,329,408
2022,21,m_v_0_64,421,367,326,409
2022,22,m_v_0_64,403,367,321,413
2022,23,m_v_0_64,414,368,325,411
2022,24,m_v_0_64,389,373,330,415
2022,25,m_v_0_64,412,372,331,414
2022,26,m_v_0_64,436,374,332,416
2022,27,m_v_0_64,384,375,332,418
2022,28,m_v_0_64,455,376,337,414
2022,29,m_v_0_64,402,379,341,416
2022,30,m_v_0_64,396,377,339,415
2022,31,m_v_0_64,393,373,337,409
2022,32,m_v_0_64,412,374,335,413
2022,33,m_v_0_64,421,372,336,408
2022,34,m_v_0_64,452,372,332,412
2022,35,m_v_0_64,419,374,328,419
2022,36,m_v_0_64,411,375,329,421
2022,37,m_v_0_64,404,380,333,427
2022,38,m_v_0_64,438,387,339,434
2022,39,m_v_0_64,371,386,336,436
2022,40,m_v_0_64,401,390,337,442
2022,41,m_v_0_64,441,390,343,437
2022,42,m_v_0_64,448,394,350,439
2022,43,m_v_0_64,400,396,352,439
2022,44,m_v_0_64,443,393,349,437
2022,45,m_v_0_64,386,392,352,433
2022,46,m_v_0_64,396,397,359,436
2022,47,m_v_0_64,478,401,365,436
2022,48,m_v_0_64,457,403,366,440
2022,49,m_v_0_64,471,401,362,439
2022,50,m_v_0_64,505,402,363,441
2022,51,m_v_0_64,481,405,367,444
2022,52,m_v_0_64,522,405,364,445
2023,1,m_v_0_64,467,398,357,440
2023,2,m_v_0_64,431,397,355,439
2023,3,m_v_0_64,415,399,354,443
2023,4,m_v_0_64,407,400,358,443
2023,5,m_v_0_64,466,401,358,443
2023,6,m_v_0_64,407,400,354,447
2023,7,m_v_0_64,433,403,357,449
2023,8,m_v_0_64,430,404,357,450
2023,9,m_v_0_64,426,403,353,453
2023,10,m_v_0_64,467,400,353,448
2023,11,m_v_0_64,432,398,350,446
2023,12,m_v_0_64,400,394,348,439
2023,13,m_v_0_64,420,391,349,432
2023,14,m_v_0_64,431,385,341,428
2023,15,m_v_0_64,393,378,339,417
2023,16,m_v_0_64,450,373,335,412
2023,17,m_v_0_64,360,368,326,409
2023,18,m_v_0_64,394,365,327,404
2023,19,m_v_0_64,366,365,324,405
2023,20,m_v_0_64,346,363,324,403
2023,21,m_v_0_64,388,362,320,404
2023,22,m_v_0_64,364,361,315,407
2023,23,m_v_0_64,394,363,320,406
2023,24,m_v_0_64,425,367,324,410
2023,25,m_v_0_64,369,367,326,408
2023,26,m_v_0_64,368,369,327,411
2023,27,m_v_0_64,349,370,327,413
2023,28,m_v_0_64,377,371,332,409
2023,29,m_v_0_64,363,373,336,411
2023,30,m_v_0_64,354,371,333,409
2023,31,m_v_0_64,374,368,332,403
2023,32,m_v_0_64,430,369,330,407
2023,33,m_v_0_64,394,366,330,403
2023,34,m_v_0_64,398,367,327,406
2023,35,m_v_0_64,419,368,323,414
2023,36,m_v_0_64,361,370,324,416
2023,37,m_v_0_64,369,375,328,422
2023,38,m_v_0_64,415,381,334,429
2023,39,m_v_0_64,458,381,330,431
2023,40,m_v_0_64,414,384,332,437
2023,41,m_v_0_64,398,384,338,431
2023,42,m_v_0_64,405,389,344,433
2023,43,m_v_0_64,472,390,346,434
2023,44,m_v_0_64,396,387,344,431
2023,45,m_v_0_64,454,387,346,427
2023,46,m_v_0_64,413,392,353,430
2023,47,m_v_0_64,400,395,359,430
2023,48,m_v_0_64,405,397,360,434
2023,49,m_v_0_64,446,395,356,433
2023,50,m_v_0_64,467,396,357,435
2023,51,m_v_0_64,428,399,361,438
2023,52,m_v_0_64,416,399,359,439
2020,1,m_v_65_79,896,947,852,1041
2020,2,m_v_65_79,967,944,851,1038
2020,3,m_v_65_79,913,944,851,1038
2020,4,m_v_65_79,936,949,856,1043
2020,5,m_v_65_79,924,956,857,1056
2020,6,m_v_65_79,982,957,843,1071
2020,7,m_v_65_79,938,961,832,1091
2020,8,m_v_65_79,870,961,815,1108
2020,9,m_v_65_79,911,951,805,1096
2020,10,m_v_65_79,889,944,804,1085
2020,11,m_v_65_79,948,932,803,1062
2020,12,m_v_65_79,1079,917,796,1039
2020,13,m_v_65_79,1401,907,806,1008
2020,14,m_v_65_79,1503,889,806,972
2020,15,m_v_65_79,1435,876,809,942
2020,16,m_v_65_79,1234,867,799,935
2020,17,m_v_65_79,1155,857,787,926
2020,18,m_v_65_79,1000,847,779,916
2020,19,m_v_65_79,915,845,777,912
2020,20,m_v_65_79,835,834,768,901
2020,21,m_v_65_79,805,832,766,898
2020,22,m_v_65_79,858,830,764,895
2020,23,m_v_65_79,835,827,767,887
2020,24,m_v_65_79,834,829,770,888
2020,25,m_v_65_79,855,827,765,889
2020,26,m_v_65_79,828,825,763,887
2020,27,m_v_65_79,809,829,764,894
2020,28,m_v_65_79,812,830,760,899
2020,29,m_v_65_79,775,830,762,899
2020,30,m_v_65_79,823,828,759,896
2020,31,m_v_65_79,841,824,752,896
2020,32,m_v_65_79,820,829,755,904
2020,33,m_v_65_79,928,826,749,904
2020,34,m_v_65_79,863,829,756,901
2020,35,m_v_65_79,865,831,761,900
2020,36,m_v_65_79,828,833,766,900
2020,37,m_v_65_79,898,839,773,905
2020,38,m_v_65_79,845,850,777,923
2020,39,m_v_65_79,880,855,785,924
2020,40,m_v_65_79,917,865,789,941
2020,41,m_v_65_79,990,868,785,950
2020,42,m_v_65_79,987,872,788,956
2020,43,m_v_65_79,1080,878,787,969
2020,44,m_v_65_79,1166,888,798,979
2020,45,m_v_65_79,1111,890,807,973
2020,46,m_v_65_79,1059,898,814,982
2020,47,m_v_65_79,1083,913,829,996
2020,48,m_v_65_79,1084,925,845,1005
2020,49,m_v_65_79,1112,933,843,1022
2020,50,m_v_65_79,1104,938,853,1023
2020,51,m_v_65_79,1187,941,848,1034
2020,52,m_v_65_79,1146,944,849,1039
2020,53,m_v_65_79,1280,958,863,1052
2021,1,m_v_65_79,1179,971,877,1065
2021,2,m_v_65_79,1110,969,875,1062
2021,3,m_v_65_79,1087,969,875,1062
2021,4,m_v_65_79,1106,974,880,1067
2021,5,m_v_65_79,1102,981,881,1080
2021,6,m_v_65_79,1098,981,867,1095
2021,7,m_v_65_79,1039,986,856,1115
2021,8,m_v_65_79,984,986,840,1133
2021,9,m_v_65_79,968,975,830,1121
2021,10,m_v_65_79,989,969,828,1109
2021,11,m_v_65_79,987,956,827,1085
2021,12,m_v_65_79,1008,941,819,1062
2021,13,m_v_65_79,1040,930,830,1031
2021,14,m_v_65_79,1047,912,829,995
2021,15,m_v_65_79,1079,898,831,965
2021,16,m_v_65_79,1019,890,822,958
2021,17,m_v_65_79,1046,879,809,948
2021,18,m_v_65_79,1025,869,801,937
2021,19,m_v_65_79,936,866,799,934
2021,20,m_v_65_79,1027,855,789,922
2021,21,m_v_65_79,867,854,788,920
2021,22,m_v_65_79,947,851,786,916
2021,23,m_v_65_79,929,848,789,908
2021,24,m_v_65_79,897,850,791,909
2021,25,m_v_65_79,849,848,787,910
2021,26,m_v_65_79,865,846,784,908
2021,27,m_v_65_79,895,851,786,916
2021,28,m_v_65_79,900,851,782,920
2021,29,m_v_65_79,909,852,783,920
2021,30,m_v_65_79,945,849,781,917
2021,31,m_v_65_79,921,845,773,917
2021,32,m_v_65_79,885,851,776,925
2021,33,m_v_65_79,919,848,771,925
2021,34,m_v_65_79,945,850,777,923
2021,35,m_v_65_79,886,852,782,922
2021,36,m_v_65_79,1023,854,787,922
2021,37,m_v_65_79,932,861,794,927
2021,38,m_v_65_79,926,872,799,945
2021,39,m_v_65_79,986,877,807,946
2021,40,m_v_65_79,1005,887,811,963
2021,41,m_v_65_79,970,890,808,972
2021,42,m_v_65_79,1008,894,810,978
2021,43,m_v_65_79,1045,900,809,991
2021,44,m_v_65_79,1138,911,820,1002
2021,45,m_v_65_79,1189,913,830,996
2021,46,m_v_65_79,1221,921,837,1005
2021,47,m_v_65_79,1270,936,852,1020
2021,48,m_v_65_79,1334,949,869,1029
2021,49,m_v_65_79,1315,957,867,1046
2021,50,m_v_65_79,1248,962,878,1047
2021,51,m_v_65_79,1155,965,872,1058
2021,52,m_v_65_79,1158,968,873,1064
2022,1,m_v_65_79,1087,981,886,1075
2022,2,m_v_65_79,960,978,884,1072
2022,3,m_v_65_79,1010,978,885,1072
2022,4,m_v_65_79,981,983,890,1076
2022,5,m_v_65_79,992,990,891,1090
2022,6,m_v_65_79,999,991,877,1105
2022,7,m_v_65_79,1042,995,866,1125
2022,8,m_v_65_79,1034,996,849,1142
2022,9,m_v_65_79,959,985,839,1130
2022,10,m_v_65_79,1004,978,837,1119
2022,11,m_v_65_79,1120,965,836,1095
2022,12,m_v_65_79,1082,950,829,1072
2022,13,m_v_65_79,1038,939,839,1040
2022,14,m_v_65_79,1069,921,838,1004
2022,15,m_v_65_79,1022,907,840,974
2022,16,m_v_65_79,933,898,830,966
2022,17,m_v_65_79,931,887,818,957
2022,18,m_v_65_79,974,878,809,946
2022,19,m_v_65_79,1020,875,807,942
2022,20,m_v_65_79,936,864,797,930
2022,21,m_v_65_79,916,862,796,928
2022,22,m_v_65_79,944,859,794,924
2022,23,m_v_65_79,954,857,797,917
2022,24,m_v_65_79,957,858,799,917
2022,25,m_v_65_79,1013,857,795,918
2022,26,m_v_65_79,918,854,792,916
2022,27,m_v_65_79,911,859,794,924
2022,28,m_v_65_79,951,859,790,929
2022,29,m_v_65_79,983,860,791,928
2022,30,m_v_65_79,959,857,789,926
2022,31,m_v_65_79,920,853,782,925
2022,32,m_v_65_79,940,859,784,933
2022,33,m_v_65_79,956,856,779,933
2022,34,m_v_65_79,954,858,785,931
2022,35,m_v_65_79,952,860,791,930
2022,36,m_v_65_79,994,863,796,930
2022,37,m_v_65_79,933,869,803,935
2022,38,m_v_65_79,958,880,807,954
2022,39,m_v_65_79,1062,885,816,954
2022,40,m_v_65_79,1046,896,820,971
2022,41,m_v_65_79,1029,899,816,981
2022,42,m_v_65_79,1071,903,819,987
2022,43,m_v_65_79,1070,909,818,1000
2022,44,m_v_65_79,1044,920,829,1011
2022,45,m_v_65_79,1031,922,839,1005
2022,46,m_v_65_79,1052,930,846,1014
2022,47,m_v_65_79,1060,945,861,1029
2022,48,m_v_65_79,1131,958,878,1038
2022,49,m_v_65_79,1133,966,876,1056
2022,50,m_v_65_79,1242,972,887,1057
2022,51,m_v_65_79,1284,975,882,1068
2022,52,m_v_65_79,1283,978,882,1073
2023,1,m_v_65_79,1182,986,892,1080
2023,2,m_v_65_79,1166,984,890,1077
2023,3,m_v_65_79,1108,984,890,1077
2023,4,m_v_65_79,1028,989,895,1082
2023,5,m_v_65_79,1102,996,896,1095
2023,6,m_v_65_79,1023,996,882,1110
2023,7,m_v_65_79,1075,1001,871,1130
2023,8,m_v_65_79,1031,1001,855,1148
2023,9,m_v_65_79,1023,990,845,1136
2023,10,m_v_65_79,1105,983,843,1124
2023,11,m_v_65_79,1105,971,842,1100
2023,12,m_v_65_79,1093,955,834,1077
2023,13,m_v_65_79,982,945,844,1045
2023,14,m_v_65_79,977,926,843,1009
2023,15,m_v_65_79,920,912,845,979
2023,16,m_v_65_79,985,903,835,971
2023,17,m_v_65_79,884,892,823,962
2023,18,m_v_65_79,928,883,814,951
2023,19,m_v_65_79,985,880,812,947
2023,20,m_v_65_79,914,869,802,935
2023,21,m_v_65_79,957,867,801,933
2023,22,m_v_65_79,931,864,799,929
2023,23,m_v_65_79,956,862,802,921
2023,24,m_v_65_79,999,863,804,922
2023,25,m_v_65_79,957,861,800,923
2023,26,m_v_65_79,919,859,797,921
2023,27,m_v_65_79,908,864,799,929
2023,28,m_v_65_79,944,864,795,934
2023,29,m_v_65_79,925,865,796,933
2023,30,m_v_65_79,981,862,794,930
2023,31,m_v_65_79,941,858,786,930
2023,32,m_v_65_79,935,864,789,938
2023,33,m_v_65_79,917,861,784,938
2023,34,m_v_65_79,925,863,790,936
2023,35,m_v_65_79,890,865,795,935
2023,36,m_v_65_79,988,868,800,935
2023,37,m_v_65_79,931,874,808,940
2023,38,m_v_65_79,944,885,812,959
2023,39,m_v_65_79,1005,890,821,959
2023,40,m_v_65_79,1014,901,825,976
2023,41,m_v_65_79,1036,904,821,986
2023,42,m_v_65_79,976,908,824,992
2023,43,m_v_65_79,1087,914,823,1005
2023,44,m_v_65_79,1095,925,834,1016
2023,45,m_v_65_79,1120,927,844,1010
2023,46,m_v_65_79,1086,935,851,1019
2023,47,m_v_65_79,1084,950,867,1034
2023,48,m_v_65_79,1160,964,884,1044
2023,49,m_v_65_79,1086,971,882,1061
2023,50,m_v_65_79,1094,977,892,1062
2023,51,m_v_65_79,1197,980,887,1073
2023,52,m_v_65_79,1130,983,888,1079
2020,1,m_v_80_999,1822,1918,1632,2204
2020,2,m_v_80_999,1965,1957,1650,2263
2020,3,m_v_80_999,1826,1988,1657,2319
2020,4,m_v_80_999,1756,2030,1701,2360
2020,5,m_v_80_999,1790,2039,1717,2360
2020,6,m_v_80_999,1813,2032,1691,2373
2020,7,m_v_80_999,1852,2032,1649,2415
2020,8,m_v_80_999,1749,2009,1600,2418
2020,9,m_v_80_999,1783,1984,1574,2394
2020,10,m_v_80_999,1824,1957,1557,2357
2020,11,m_v_80_999,1860,1909,1537,2281
2020,12,m_v_80_999,2086,1849,1503,2195
2020,13,m_v_80_999,2555,1791,1486,2097
2020,14,m_v_80_999,3083,1735,1490,1981
2020,15,m_v_80_999,3062,1688,1496,1880
2020,16,m_v_80_999,2648,1660,1505,1815
2020,17,m_v_80_999,2300,1630,1490,1769
2020,18,m_v_80_999,1937,1613,1472,1755
2020,19,m_v_80_999,1683,1597,1458,1735
2020,20,m_v_80_999,1568,1581,1460,1703
2020,21,m_v_80_999,1598,1560,1459,1661
2020,22,m_v_80_999,1503,1547,1451,1643
2020,23,m_v_80_999,1461,1529,1425,1634
2020,24,m_v_80_999,1450,1525,1431,1619
2020,25,m_v_80_999,1466,1514,1427,1601
2020,26,m_v_80_999,1450,1507,1407,1606
2020,27,m_v_80_999,1427,1507,1375,1639
2020,28,m_v_80_999,1417,1501,1352,1650
2020,29,m_v_80_999,1380,1499,1337,1661
2020,30,m_v_80_999,1443,1491,1343,1639
2020,31,m_v_80_999,1449,1478,1334,1622
2020,32,m_v_80_999,1402,1467,1318,1615
2020,33,m_v_80_999,1818,1459,1325,1592
2020,34,m_v_80_999,1576,1450,1346,1554
2020,35,m_v_80_999,1517,1450,1354,1546
2020,36,m_v_80_999,1448,1456,1373,1538
2020,37,m_v_80_999,1448,1466,1383,1548
2020,38,m_v_80_999,1481,1479,1390,1568
2020,39,m_v_80_999,1617,1498,1416,1580
2020,40,m_v_80_999,1650,1518,1416,1620
2020,41,m_v_80_999,1653,1537,1436,1638
2020,42,m_v_80_999,1803,1560,1446,1674
2020,43,m_v_80_999,1943,1576,1438,1713
2020,44,m_v_80_999,2112,1595,1443,1748
2020,45,m_v_80_999,2044,1607,1441,1774
2020,46,m_v_80_999,2086,1625,1449,1801
2020,47,m_v_80_999,1835,1647,1468,1826
2020,48,m_v_80_999,1885,1673,1482,1863
2020,49,m_v_80_999,1972,1692,1481,1903
2020,50,m_v_80_999,2047,1749,1525,1973
2020,51,m_v_80_999,2249,1809,1563,2056
2020,52,m_v_80_999,2289,1865,1598,2132
2020,53,m_v_80_999,2361,1898,1621,2174
2021,1,m_v_80_999,2535,1930,1644,2215
2021,2,m_v_80_999,2330,1969,1662,2275
2021,3,m_v_80_999,2349,2000,1670,2331
2021,4,m_v_80_999,2207,2042,1713,2372
2021,5,m_v_80_999,2173,2051,1730,2372
2021,6,m_v_80_999,2043,2044,1703,2385
2021,7,m_v_80_999,2012,2044,1661,2427
2021,8,m_v_80_999,1818,2021,1612,2430
2021,9,m_v_80_999,1720,1997,1587,2407
2021,10,m_v_80_999,1839,1969,1569,2369
2021,11,m_v_80_999,1643,1921,1549,2292
2021,12,m_v_80_999,1649,1860,1514,2206
2021,13,m_v_80_999,1723,1802,1497,2108
2021,14,m_v_80_999,1668,1746,1500,1992
2021,15,m_v_80_999,1621,1699,1507,1891
2021,16,m_v_80_999,1671,1670,1515,1825
2021,17,m_v_80_999,1641,1640,1500,1779
2021,18,m_v_80_999,1571,1623,1482,1764
2021,19,m_v_80_999,1585,1607,1468,1745
2021,20,m_v_80_999,1548,1591,1469,1712
2021,21,m_v_80_999,1542,1570,1469,1671
2021,22,m_v_80_999,1624,1556,1460,1652
2021,23,m_v_80_999,1552,1539,1434,1643
2021,24,m_v_80_999,1562,1534,1440,1629
2021,25,m_v_80_999,1425,1523,1437,1610
2021,26,m_v_80_999,1502,1516,1417,1615
2021,27,m_v_80_999,1528,1516,1385,1648
2021,28,m_v_80_999,1564,1510,1361,1659
2021,29,m_v_80_999,1488,1509,1347,1671
2021,30,m_v_80_999,1572,1500,1352,1648
2021,31,m_v_80_999,1621,1487,1343,1631
2021,32,m_v_80_999,1540,1475,1327,1623
2021,33,m_v_80_999,1570,1467,1334,1601
2021,34,m_v_80_999,1537,1459,1354,1563
2021,35,m_v_80_999,1547,1459,1363,1555
2021,36,m_v_80_999,1633,1464,1382,1547
2021,37,m_v_80_999,1558,1475,1392,1557
2021,38,m_v_80_999,1525,1488,1399,1577
2021,39,m_v_80_999,1647,1507,1425,1589
2021,40,m_v_80_999,1633,1527,1426,1629
2021,41,m_v_80_999,1649,1546,1445,1647
2021,42,m_v_80_999,1820,1570,1455,1684
2021,43,m_v_80_999,1898,1585,1448,1722
2021,44,m_v_80_999,1924,1605,1453,1758
2021,45,m_v_80_999,2124,1617,1451,1783
2021,46,m_v_80_999,2338,1635,1459,1811
2021,47,m_v_80_999,2425,1657,1478,1836
2021,48,m_v_80_999,2566,1683,1492,1873
2021,49,m_v_80_999,2522,1702,1492,1913
2021,50,m_v_80_999,2322,1760,1536,1984
2021,51,m_v_80_999,2110,1820,1574,2067
2021,52,m_v_80_999,2028,1876,1609,2143
2022,1,m_v_80_999,1883,1940,1654,2226
2022,2,m_v_80_999,1810,1979,1673,2286
2022,3,m_v_80_999,1783,2011,1680,2342
2022,4,m_v_80_999,1860,2053,1724,2383
2022,5,m_v_80_999,1839,2062,1741,2383
2022,6,m_v_80_999,1871,2055,1714,2396
2022,7,m_v_80_999,1962,2055,1672,2438
2022,8,m_v_80_999,1924,2032,1623,2441
2022,9,m_v_80_999,1868,2007,1597,2417
2022,10,m_v_80_999,1931,1980,1580,2380
2022,11,m_v_80_999,2069,1931,1559,2303
2022,12,m_v_80_999,2112,1870,1524,2216
2022,13,m_v_80_999,2073,1812,1506,2118
2022,14,m_v_80_999,2085,1755,1509,2001
2022,15,m_v_80_999,2059,1708,1516,1900
2022,16,m_v_80_999,1878,1679,1524,1834
2022,17,m_v_80_999,1828,1648,1509,1788
2022,18,m_v_80_999,1730,1632,1491,1773
2022,19,m_v_80_999,1697,1615,1477,1754
2022,20,m_v_80_999,1731,1599,1478,1721
2022,21,m_v_80_999,1587,1578,1477,1679
2022,22,m_v_80_999,1618,1564,1468,1660
2022,23,m_v_80_999,1578,1547,1443,1651
2022,24,m_v_80_999,1666,1542,1448,1637
2022,25,m_v_80_999,1711,1531,1445,1618
2022,26,m_v_80_999,1748,1524,1425,1623
2022,27,m_v_80_999,1678,1525,1393,1656
2022,28,m_v_80_999,1681,1518,1369,1667
2022,29,m_v_80_999,1799,1517,1355,1679
2022,30,m_v_80_999,1781,1508,1360,1656
2022,31,m_v_80_999,1649,1495,1351,1639
2022,32,m_v_80_999,1634,1483,1335,1631
2022,33,m_v_80_999,1704,1475,1341,1609
2022,34,m_v_80_999,1635,1466,1362,1571
2022,35,m_v_80_999,1604,1466,1370,1562
2022,36,m_v_80_999,1532,1472,1390,1555
2022,37,m_v_80_999,1482,1482,1400,1565
2022,38,m_v_80_999,1620,1496,1407,1585
2022,39,m_v_80_999,1774,1515,1433,1597
2022,40,m_v_80_999,1861,1535,1434,1637
2022,41,m_v_80_999,1845,1554,1454,1655
2022,42,m_v_80_999,1852,1578,1464,1692
2022,43,m_v_80_999,1842,1594,1456,1731
2022,44,m_v_80_999,1748,1614,1461,1766
2022,45,m_v_80_999,1754,1626,1460,1792
2022,46,m_v_80_999,1764,1644,1468,1819
2022,47,m_v_80_999,1875,1666,1487,1845
2022,48,m_v_80_999,1845,1692,1501,1882
2022,49,m_v_80_999,2016,1711,1501,1922
2022,50,m_v_80_999,2254,1769,1545,1993
2022,51,m_v_80_999,2433,1830,1584,2076
2022,52,m_v_80_999,2330,1886,1619,2153
2023,1,m_v_80_999,2386,1966,1680,2252
2023,2,m_v_80_999,2276,2006,1699,2313
2023,3,m_v_80_999,2157,2038,1708,2369
2023,4,m_v_80_999,2008,2081,1752,2411
2023,5,m_v_80_999,2055,2090,1769,2411
2023,6,m_v_80_999,2021,2083,1742,2424
2023,7,m_v_80_999,2041,2083,1700,2466
2023,8,m_v_80_999,1985,2060,1651,2469
2023,9,m_v_80_999,2060,2035,1624,2445
2023,10,m_v_80_999,2215,2007,1607,2407
2023,11,m_v_80_999,2139,1957,1586,2329
2023,12,m_v_80_999,2081,1895,1549,2241
2023,13,m_v_80_999,1979,1837,1531,2143
2023,14,m_v_80_999,1864,1779,1533,2025
2023,15,m_v_80_999,1752,1731,1539,1923
2023,16,m_v_80_999,1797,1702,1547,1857
2023,17,m_v_80_999,1660,1671,1532,1810
2023,18,m_v_80_999,1697,1654,1513,1795
2023,19,m_v_80_999,1649,1637,1499,1776
2023,20,m_v_80_999,1655,1621,1500,1743
2023,21,m_v_80_999,1628,1600,1499,1701
2023,22,m_v_80_999,1588,1586,1490,1682
2023,23,m_v_80_999,1741,1568,1464,1673
2023,24,m_v_80_999,1783,1563,1469,1658
2023,25,m_v_80_999,1695,1552,1466,1639
2023,26,m_v_80_999,1617,1545,1445,1644
2023,27,m_v_80_999,1529,1545,1413,1677
2023,28,m_v_80_999,1627,1539,1390,1688
2023,29,m_v_80_999,1490,1537,1375,1699
2023,30,m_v_80_999,1599,1528,1381,1676
2023,31,m_v_80_999,1469,1515,1371,1659
2023,32,m_v_80_999,1531,1504,1355,1652
2023,33,m_v_80_999,1612,1495,1362,1629
2023,34,m_v_80_999,1575,1486,1382,1591
2023,35,m_v_80_999,1553,1486,1390,1582
2023,36,m_v_80_999,1617,1492,1410,1575
2023,37,m_v_80_999,1619,1503,1420,1585
2023,38,m_v_80_999,1645,1516,1427,1605
2023,39,m_v_80_999,1620,1536,1454,1618
2023,40,m_v_80_999,1687,1556,1455,1658
2023,41,m_v_80_999,1664,1576,1475,1676
2023,42,m_v_80_999,1753,1599,1485,1714
2023,43,m_v_80_999,1851,1615,1478,1752
2023,44,m_v_80_999,1974,1636,1483,1788
2023,45,m_v_80_999,1942,1648,1482,1814
2023,46,m_v_80_999,1916,1666,1490,1842
2023,47,m_v_80_999,1815,1689,1510,1868
2023,48,m_v_80_999,1982,1715,1524,1905
2023,49,m_v_80_999,2061,1735,1524,1945
2023,50,m_v_80_999,2061,1793,1569,2017
2023,51,m_v_80_999,2271,1855,1609,2101
2023,52,m_v_80_999,1897,1912,1645,2179
* Voorlopige cijfers,,,,,,
