pos_test_Date_statistics,pos_test_0-9,pos_test_10-19,pos_test_20-29,pos_test_30-39,pos_test_40-49,pos_test_50-59,pos_test_60-69,pos_test_70-79,pos_test_80-89,pos_test_90+,pos_test_<50,pos_test_Unknown
2020-01-01,,,1.0,,1.0,1.0,1.0,,,,,
2020-01-04,,1.0,,,,,,,,,,
2020-01-06,,,,1.0,,,,,,,,
2020-01-16,1.0,,,,,,,,,,,
2020-01-20,1.0,,,,,1.0,,,,,,
2020-01-22,,,,,,,,,1.0,,,
2020-01-24,,,,,1.0,,,,,,,
2020-01-25,,,,,,1.0,,,,,,
2020-01-26,,,,,,2.0,,,,,,
2020-01-27,,,1.0,,,1.0,1.0,,,,,
2020-01-29,,,,,,,,,1.0,,,
2020-01-31,,,,,,1.0,,,1.0,1.0,,
2020-02-01,,,,,,1.0,2.0,,,,,
2020-02-03,,,,,,1.0,,,1.0,,,
2020-02-06,,,1.0,,,,,,1.0,,,
2020-02-07,,,,,,,,2.0,,,,
2020-02-10,,,,,1.0,,3.0,,1.0,,,
2020-02-11,,,,,,,,1.0,,,,
2020-02-12,,,,,2.0,,,,,,,
2020-02-13,,,,,,,,,,1.0,,
2020-02-14,,,,,2.0,1.0,1.0,,,,,
2020-02-15,,,,,,,1.0,1.0,,,,
2020-02-16,,,,,1.0,1.0,1.0,,,,,
2020-02-17,,,,,,,1.0,2.0,,,,
2020-02-18,,,,,,,,1.0,,,,
2020-02-19,,,1.0,,,,2.0,2.0,,,,
2020-02-20,,,,,1.0,3.0,,4.0,,1.0,,
2020-02-21,,,1.0,,2.0,4.0,1.0,1.0,,,,
2020-02-22,,1.0,1.0,1.0,,1.0,1.0,,,,,
2020-02-23,,,,1.0,1.0,1.0,1.0,4.0,1.0,1.0,,
2020-02-24,,1.0,2.0,2.0,1.0,8.0,4.0,3.0,1.0,,,
2020-02-25,,2.0,1.0,1.0,5.0,4.0,3.0,4.0,2.0,2.0,,
2020-02-26,,,4.0,2.0,6.0,8.0,3.0,9.0,,1.0,,
2020-02-27,1.0,2.0,6.0,9.0,10.0,13.0,6.0,11.0,4.0,2.0,,
2020-02-28,,4.0,6.0,3.0,10.0,23.0,5.0,10.0,8.0,,,
2020-02-29,,4.0,8.0,5.0,18.0,11.0,8.0,5.0,6.0,,,
2020-03-01,1.0,8.0,8.0,6.0,31.0,33.0,16.0,18.0,13.0,1.0,,
2020-03-02,1.0,5.0,4.0,13.0,29.0,29.0,27.0,16.0,17.0,3.0,,
2020-03-03,,4.0,17.0,10.0,20.0,30.0,20.0,13.0,8.0,5.0,,
2020-03-04,1.0,7.0,10.0,13.0,12.0,31.0,27.0,24.0,14.0,1.0,,
2020-03-05,,4.0,7.0,7.0,25.0,45.0,34.0,24.0,17.0,3.0,,
2020-03-06,1.0,3.0,7.0,15.0,26.0,53.0,37.0,31.0,24.0,5.0,,
2020-03-07,,3.0,17.0,22.0,38.0,43.0,40.0,48.0,24.0,3.0,1.0,
2020-03-08,1.0,,18.0,34.0,29.0,55.0,39.0,33.0,30.0,3.0,1.0,
2020-03-09,2.0,5.0,29.0,52.0,53.0,83.0,77.0,87.0,49.0,9.0,,
2020-03-10,1.0,3.0,27.0,40.0,48.0,86.0,82.0,82.0,42.0,9.0,,
2020-03-11,2.0,2.0,40.0,46.0,57.0,93.0,103.0,106.0,67.0,12.0,,
2020-03-12,1.0,3.0,38.0,61.0,53.0,119.0,108.0,106.0,74.0,14.0,,
2020-03-13,1.0,2.0,47.0,69.0,79.0,127.0,127.0,122.0,86.0,17.0,,
2020-03-14,5.0,3.0,40.0,70.0,87.0,126.0,113.0,140.0,88.0,21.0,1.0,
2020-03-15,1.0,6.0,60.0,63.0,81.0,139.0,157.0,137.0,95.0,20.0,1.0,
2020-03-16,2.0,4.0,64.0,89.0,96.0,200.0,189.0,246.0,129.0,37.0,1.0,
2020-03-17,1.0,2.0,51.0,65.0,95.0,139.0,139.0,176.0,125.0,33.0,1.0,
2020-03-18,,5.0,39.0,62.0,99.0,175.0,140.0,167.0,147.0,30.0,,
2020-03-19,2.0,5.0,45.0,65.0,88.0,147.0,151.0,156.0,133.0,32.0,1.0,
2020-03-20,1.0,5.0,64.0,81.0,98.0,188.0,166.0,201.0,143.0,50.0,2.0,1.0
2020-03-21,2.0,5.0,49.0,73.0,80.0,163.0,139.0,159.0,167.0,37.0,,
2020-03-22,,3.0,50.0,48.0,85.0,149.0,87.0,153.0,130.0,43.0,1.0,
2020-03-23,4.0,3.0,79.0,72.0,117.0,219.0,174.0,230.0,233.0,67.0,3.0,
2020-03-24,5.0,6.0,54.0,79.0,106.0,153.0,153.0,168.0,183.0,59.0,2.0,
2020-03-25,5.0,7.0,70.0,83.0,111.0,163.0,137.0,188.0,214.0,56.0,,
2020-03-26,2.0,4.0,57.0,88.0,86.0,143.0,153.0,168.0,171.0,77.0,2.0,
2020-03-27,3.0,9.0,87.0,91.0,120.0,184.0,126.0,159.0,207.0,84.0,,
2020-03-28,3.0,15.0,86.0,66.0,95.0,164.0,111.0,117.0,141.0,63.0,2.0,
2020-03-29,2.0,3.0,71.0,72.0,83.0,149.0,116.0,118.0,131.0,56.0,1.0,
2020-03-30,1.0,19.0,93.0,93.0,128.0,214.0,159.0,144.0,188.0,82.0,1.0,
2020-03-31,5.0,9.0,75.0,62.0,105.0,173.0,104.0,101.0,148.0,71.0,1.0,
2020-04-01,,17.0,108.0,106.0,128.0,209.0,139.0,145.0,200.0,69.0,1.0,
2020-04-02,,7.0,104.0,78.0,131.0,213.0,106.0,140.0,177.0,67.0,3.0,
2020-04-03,2.0,11.0,121.0,88.0,144.0,187.0,114.0,105.0,186.0,94.0,2.0,
2020-04-04,4.0,14.0,102.0,93.0,116.0,204.0,106.0,107.0,165.0,86.0,1.0,1.0
2020-04-05,2.0,14.0,89.0,67.0,91.0,151.0,95.0,89.0,140.0,49.0,,
2020-04-06,1.0,14.0,111.0,116.0,149.0,215.0,131.0,134.0,186.0,92.0,1.0,
2020-04-07,1.0,8.0,110.0,99.0,111.0,185.0,110.0,116.0,185.0,73.0,1.0,
2020-04-08,4.0,8.0,110.0,97.0,114.0,191.0,102.0,128.0,187.0,96.0,1.0,
2020-04-09,1.0,10.0,88.0,89.0,99.0,176.0,98.0,100.0,162.0,78.0,,1.0
2020-04-10,1.0,17.0,105.0,87.0,118.0,183.0,108.0,106.0,186.0,83.0,3.0,
2020-04-11,1.0,10.0,95.0,105.0,85.0,195.0,108.0,72.0,101.0,61.0,1.0,
2020-04-12,2.0,12.0,76.0,65.0,87.0,134.0,94.0,75.0,127.0,65.0,2.0,
2020-04-13,1.0,11.0,115.0,90.0,88.0,155.0,76.0,57.0,119.0,62.0,,
2020-04-14,1.0,13.0,81.0,57.0,83.0,129.0,79.0,73.0,157.0,82.0,2.0,
2020-04-15,2.0,11.0,83.0,73.0,74.0,151.0,69.0,62.0,160.0,62.0,1.0,
2020-04-16,1.0,8.0,80.0,50.0,87.0,117.0,73.0,77.0,140.0,71.0,,
2020-04-17,2.0,17.0,91.0,54.0,82.0,138.0,71.0,55.0,112.0,79.0,,
2020-04-18,,12.0,85.0,49.0,75.0,120.0,60.0,55.0,99.0,51.0,,
2020-04-19,1.0,15.0,57.0,40.0,62.0,65.0,56.0,36.0,85.0,41.0,,
2020-04-20,,9.0,71.0,58.0,75.0,122.0,69.0,65.0,124.0,57.0,1.0,
2020-04-21,,7.0,54.0,51.0,57.0,68.0,39.0,36.0,106.0,56.0,,
2020-04-22,2.0,7.0,44.0,42.0,49.0,75.0,42.0,51.0,93.0,58.0,,
2020-04-23,1.0,6.0,55.0,29.0,50.0,68.0,37.0,37.0,86.0,40.0,,
2020-04-24,2.0,9.0,46.0,41.0,48.0,63.0,35.0,34.0,87.0,39.0,,
2020-04-25,2.0,5.0,54.0,23.0,36.0,57.0,41.0,38.0,67.0,40.0,2.0,
2020-04-26,,6.0,36.0,34.0,41.0,50.0,31.0,29.0,43.0,23.0,,
2020-04-27,,4.0,45.0,30.0,46.0,58.0,43.0,29.0,48.0,26.0,,
2020-04-28,1.0,12.0,41.0,31.0,41.0,50.0,35.0,32.0,64.0,27.0,,
2020-04-29,2.0,5.0,26.0,23.0,40.0,48.0,36.0,38.0,66.0,33.0,1.0,
2020-04-30,2.0,6.0,29.0,17.0,40.0,42.0,24.0,22.0,70.0,24.0,,
2020-05-01,,2.0,38.0,44.0,42.0,59.0,29.0,28.0,67.0,27.0,,
2020-05-02,,6.0,36.0,18.0,22.0,38.0,26.0,22.0,50.0,20.0,,
2020-05-03,,4.0,26.0,22.0,19.0,44.0,20.0,19.0,33.0,22.0,,
2020-05-04,2.0,8.0,27.0,26.0,24.0,56.0,27.0,26.0,46.0,24.0,1.0,
2020-05-05,3.0,6.0,16.0,18.0,25.0,44.0,20.0,20.0,45.0,8.0,,
2020-05-06,,6.0,22.0,27.0,22.0,33.0,21.0,23.0,36.0,28.0,,
2020-05-07,2.0,2.0,32.0,17.0,24.0,29.0,22.0,21.0,35.0,27.0,,
2020-05-08,3.0,5.0,21.0,25.0,18.0,29.0,22.0,21.0,34.0,22.0,,
2020-05-09,,3.0,34.0,21.0,20.0,37.0,19.0,18.0,34.0,10.0,,
2020-05-10,3.0,5.0,28.0,17.0,17.0,21.0,12.0,14.0,27.0,8.0,,
2020-05-11,1.0,7.0,26.0,20.0,22.0,44.0,26.0,23.0,40.0,21.0,,
2020-05-12,,5.0,19.0,13.0,19.0,30.0,20.0,19.0,46.0,14.0,,
2020-05-13,3.0,11.0,18.0,20.0,19.0,26.0,19.0,10.0,36.0,14.0,,
2020-05-14,3.0,3.0,20.0,12.0,17.0,25.0,20.0,10.0,23.0,11.0,,
2020-05-15,2.0,4.0,20.0,22.0,27.0,25.0,15.0,15.0,26.0,15.0,,
2020-05-16,3.0,6.0,23.0,15.0,15.0,29.0,19.0,7.0,11.0,9.0,,
2020-05-17,1.0,4.0,26.0,17.0,14.0,33.0,21.0,15.0,22.0,8.0,,
2020-05-18,2.0,5.0,35.0,22.0,24.0,41.0,14.0,11.0,23.0,11.0,,
2020-05-19,4.0,7.0,45.0,28.0,20.0,35.0,12.0,13.0,20.0,11.0,,
2020-05-20,2.0,9.0,32.0,26.0,19.0,27.0,18.0,15.0,16.0,16.0,,
2020-05-21,2.0,13.0,35.0,31.0,20.0,31.0,25.0,18.0,16.0,8.0,,
2020-05-22,4.0,7.0,32.0,38.0,27.0,34.0,22.0,14.0,14.0,11.0,,
2020-05-23,6.0,5.0,39.0,29.0,41.0,23.0,17.0,9.0,13.0,3.0,,
2020-05-24,,5.0,25.0,19.0,16.0,26.0,14.0,8.0,5.0,3.0,,
2020-05-25,3.0,13.0,31.0,25.0,34.0,35.0,18.0,12.0,15.0,12.0,,
2020-05-26,2.0,9.0,33.0,23.0,14.0,22.0,15.0,9.0,10.0,6.0,1.0,
2020-05-27,3.0,17.0,30.0,31.0,23.0,25.0,13.0,7.0,11.0,5.0,1.0,
2020-05-28,5.0,11.0,27.0,26.0,25.0,17.0,8.0,11.0,4.0,7.0,,1.0
2020-05-29,4.0,9.0,25.0,24.0,28.0,27.0,11.0,4.0,4.0,6.0,,
2020-05-30,4.0,9.0,28.0,19.0,34.0,22.0,14.0,19.0,15.0,3.0,,
2020-05-31,2.0,6.0,19.0,22.0,25.0,23.0,10.0,7.0,7.0,3.0,,
2020-06-01,1.0,17.0,34.0,27.0,31.0,22.0,16.0,5.0,9.0,3.0,,
2020-06-02,3.0,13.0,20.0,23.0,24.0,28.0,11.0,5.0,8.0,4.0,,
2020-06-03,1.0,12.0,24.0,29.0,19.0,35.0,15.0,3.0,6.0,4.0,,
2020-06-04,6.0,6.0,28.0,24.0,19.0,22.0,17.0,13.0,13.0,6.0,,
2020-06-05,4.0,13.0,32.0,25.0,29.0,25.0,17.0,8.0,11.0,4.0,,
2020-06-06,8.0,12.0,23.0,23.0,28.0,27.0,15.0,4.0,15.0,5.0,,
2020-06-07,2.0,5.0,23.0,15.0,18.0,23.0,8.0,5.0,2.0,1.0,,
2020-06-08,5.0,10.0,38.0,24.0,26.0,17.0,15.0,2.0,6.0,2.0,,
2020-06-09,5.0,11.0,27.0,27.0,20.0,14.0,8.0,9.0,10.0,4.0,,
2020-06-10,10.0,10.0,33.0,29.0,20.0,31.0,14.0,8.0,3.0,1.0,,
2020-06-11,4.0,19.0,23.0,21.0,19.0,24.0,16.0,4.0,3.0,2.0,,
2020-06-12,4.0,12.0,15.0,29.0,25.0,29.0,10.0,9.0,5.0,,,
2020-06-13,4.0,8.0,28.0,17.0,17.0,20.0,7.0,3.0,5.0,2.0,,
2020-06-14,3.0,15.0,24.0,21.0,10.0,15.0,9.0,,7.0,2.0,,
2020-06-15,4.0,9.0,23.0,23.0,28.0,19.0,5.0,2.0,4.0,,,
2020-06-16,4.0,2.0,20.0,11.0,14.0,16.0,5.0,2.0,6.0,2.0,,
2020-06-17,4.0,6.0,19.0,19.0,11.0,17.0,9.0,2.0,4.0,,,
2020-06-18,3.0,12.0,12.0,13.0,11.0,6.0,6.0,1.0,2.0,2.0,,
2020-06-19,3.0,6.0,12.0,15.0,16.0,7.0,6.0,4.0,4.0,1.0,,
2020-06-20,3.0,11.0,14.0,21.0,13.0,8.0,4.0,,1.0,2.0,,
2020-06-21,3.0,4.0,9.0,14.0,14.0,5.0,3.0,3.0,1.0,,,
2020-06-22,2.0,7.0,18.0,16.0,9.0,11.0,6.0,6.0,5.0,1.0,,
2020-06-23,3.0,5.0,13.0,13.0,20.0,3.0,7.0,,1.0,5.0,,
2020-06-24,3.0,6.0,11.0,25.0,13.0,17.0,7.0,1.0,5.0,4.0,,
2020-06-25,2.0,7.0,16.0,16.0,12.0,15.0,2.0,1.0,3.0,,,
2020-06-26,2.0,6.0,13.0,10.0,11.0,10.0,3.0,4.0,3.0,,,
2020-06-27,2.0,6.0,19.0,16.0,14.0,11.0,4.0,2.0,2.0,1.0,,
2020-06-28,,6.0,16.0,12.0,8.0,10.0,4.0,1.0,,,,
2020-06-29,4.0,8.0,13.0,9.0,12.0,12.0,6.0,5.0,4.0,2.0,,
2020-06-30,,6.0,18.0,11.0,9.0,9.0,5.0,2.0,1.0,,,
2020-07-01,1.0,13.0,21.0,9.0,10.0,9.0,5.0,4.0,1.0,1.0,,
2020-07-02,2.0,7.0,14.0,13.0,5.0,12.0,6.0,1.0,3.0,,,
2020-07-03,1.0,5.0,18.0,9.0,5.0,7.0,5.0,,1.0,1.0,,
2020-07-04,2.0,5.0,9.0,5.0,11.0,9.0,7.0,1.0,2.0,,,
2020-07-05,,8.0,9.0,6.0,9.0,10.0,8.0,2.0,,,,
2020-07-06,3.0,9.0,25.0,13.0,19.0,17.0,2.0,6.0,1.0,,,
2020-07-07,,12.0,22.0,10.0,13.0,16.0,5.0,4.0,,,,
2020-07-08,1.0,13.0,24.0,24.0,15.0,13.0,5.0,5.0,1.0,,,
2020-07-09,4.0,13.0,18.0,16.0,26.0,15.0,2.0,3.0,1.0,,,
2020-07-10,2.0,16.0,19.0,25.0,21.0,20.0,9.0,4.0,,,,
2020-07-11,1.0,17.0,25.0,24.0,18.0,17.0,14.0,10.0,1.0,1.0,,
2020-07-12,2.0,13.0,20.0,20.0,22.0,22.0,12.0,4.0,3.0,,,
2020-07-13,3.0,21.0,34.0,30.0,29.0,27.0,18.0,6.0,4.0,1.0,,
2020-07-14,3.0,15.0,44.0,34.0,29.0,21.0,13.0,8.0,2.0,1.0,,
2020-07-15,2.0,21.0,60.0,41.0,33.0,23.0,20.0,8.0,3.0,,,
2020-07-16,2.0,18.0,36.0,21.0,17.0,24.0,14.0,8.0,3.0,1.0,,
2020-07-17,1.0,28.0,24.0,33.0,29.0,38.0,16.0,11.0,8.0,1.0,,
2020-07-18,2.0,20.0,35.0,30.0,23.0,29.0,20.0,8.0,1.0,2.0,,
2020-07-19,2.0,17.0,47.0,33.0,26.0,29.0,19.0,7.0,5.0,,,
2020-07-20,2.0,22.0,57.0,44.0,38.0,45.0,26.0,5.0,4.0,,,
2020-07-21,1.0,15.0,70.0,45.0,30.0,37.0,18.0,7.0,4.0,1.0,,
2020-07-22,5.0,33.0,80.0,49.0,49.0,42.0,18.0,11.0,,,,
2020-07-23,2.0,17.0,52.0,44.0,38.0,24.0,19.0,10.0,5.0,4.0,,
2020-07-24,1.0,28.0,60.0,43.0,31.0,41.0,24.0,6.0,2.0,1.0,,
2020-07-25,3.0,27.0,85.0,49.0,42.0,56.0,31.0,16.0,9.0,3.0,,
2020-07-26,2.0,36.0,84.0,47.0,39.0,47.0,22.0,7.0,6.0,1.0,,
2020-07-27,6.0,49.0,132.0,84.0,62.0,65.0,36.0,13.0,8.0,,,
2020-07-28,4.0,41.0,100.0,72.0,56.0,59.0,39.0,14.0,6.0,3.0,,
2020-07-29,4.0,42.0,129.0,87.0,57.0,67.0,27.0,21.0,12.0,1.0,,
2020-07-30,2.0,38.0,133.0,65.0,67.0,62.0,28.0,14.0,5.0,3.0,,
2020-07-31,6.0,37.0,143.0,69.0,78.0,74.0,38.0,17.0,13.0,1.0,,
2020-08-01,10.0,47.0,144.0,87.0,62.0,83.0,35.0,11.0,11.0,2.0,,
2020-08-02,4.0,50.0,147.0,97.0,70.0,77.0,31.0,19.0,8.0,1.0,,
2020-08-03,11.0,74.0,210.0,145.0,76.0,78.0,39.0,22.0,8.0,4.0,,
2020-08-04,9.0,57.0,193.0,109.0,85.0,65.0,53.0,11.0,4.0,6.0,,
2020-08-05,2.0,73.0,205.0,114.0,82.0,84.0,38.0,13.0,6.0,2.0,,
2020-08-06,8.0,59.0,194.0,76.0,77.0,89.0,37.0,26.0,10.0,5.0,,
2020-08-07,7.0,64.0,180.0,105.0,91.0,99.0,33.0,20.0,13.0,4.0,,
2020-08-08,6.0,58.0,159.0,87.0,72.0,83.0,39.0,16.0,6.0,1.0,,
2020-08-09,6.0,74.0,165.0,70.0,66.0,76.0,29.0,15.0,13.0,5.0,,
2020-08-10,4.0,59.0,200.0,105.0,80.0,78.0,51.0,17.0,15.0,2.0,,
2020-08-11,9.0,54.0,192.0,96.0,62.0,77.0,40.0,19.0,8.0,7.0,,
2020-08-12,6.0,82.0,189.0,113.0,75.0,75.0,32.0,14.0,8.0,5.0,,
2020-08-13,6.0,67.0,161.0,100.0,66.0,71.0,40.0,19.0,16.0,3.0,,
2020-08-14,5.0,71.0,181.0,81.0,48.0,80.0,33.0,22.0,7.0,2.0,,
2020-08-15,4.0,68.0,163.0,84.0,69.0,66.0,26.0,10.0,14.0,3.0,,
2020-08-16,4.0,42.0,134.0,87.0,52.0,73.0,26.0,16.0,3.0,1.0,,
2020-08-17,3.0,62.0,159.0,70.0,59.0,77.0,46.0,15.0,11.0,4.0,,
2020-08-18,6.0,67.0,149.0,103.0,62.0,65.0,21.0,8.0,11.0,6.0,,
2020-08-19,5.0,65.0,176.0,93.0,54.0,52.0,40.0,11.0,7.0,1.0,,
2020-08-20,4.0,50.0,160.0,77.0,67.0,73.0,26.0,11.0,7.0,,,
2020-08-21,5.0,62.0,139.0,82.0,65.0,63.0,28.0,10.0,8.0,5.0,,
2020-08-22,4.0,70.0,186.0,92.0,72.0,65.0,26.0,22.0,3.0,,,
2020-08-23,9.0,61.0,166.0,94.0,55.0,59.0,39.0,13.0,7.0,3.0,,
2020-08-24,4.0,67.0,191.0,103.0,84.0,69.0,37.0,13.0,8.0,,,
2020-08-25,9.0,79.0,209.0,103.0,62.0,70.0,43.0,17.0,6.0,2.0,,
2020-08-26,1.0,75.0,215.0,105.0,74.0,71.0,44.0,14.0,9.0,10.0,,
2020-08-27,5.0,71.0,193.0,101.0,50.0,83.0,31.0,14.0,11.0,2.0,,
2020-08-28,7.0,70.0,195.0,107.0,76.0,76.0,31.0,20.0,8.0,3.0,1.0,1.0
2020-08-29,9.0,82.0,202.0,88.0,58.0,84.0,39.0,12.0,12.0,2.0,,
2020-08-30,6.0,94.0,201.0,91.0,69.0,80.0,38.0,7.0,7.0,1.0,,
2020-08-31,9.0,112.0,334.0,143.0,118.0,121.0,43.0,15.0,22.0,2.0,,
2020-09-01,11.0,118.0,341.0,167.0,121.0,109.0,84.0,30.0,14.0,5.0,,
2020-09-02,14.0,139.0,308.0,158.0,109.0,117.0,66.0,31.0,15.0,3.0,,
2020-09-03,15.0,143.0,272.0,139.0,153.0,143.0,56.0,30.0,21.0,2.0,,
2020-09-04,12.0,132.0,319.0,206.0,179.0,158.0,81.0,42.0,17.0,5.0,,
2020-09-05,24.0,171.0,344.0,199.0,174.0,154.0,83.0,45.0,25.0,10.0,,
2020-09-06,13.0,165.0,394.0,211.0,160.0,169.0,92.0,27.0,18.0,4.0,,
2020-09-07,15.0,256.0,459.0,246.0,207.0,218.0,96.0,44.0,18.0,8.0,,
2020-09-08,16.0,223.0,505.0,280.0,227.0,207.0,117.0,54.0,21.0,9.0,,
2020-09-09,13.0,224.0,486.0,251.0,225.0,234.0,130.0,50.0,24.0,12.0,,
2020-09-10,16.0,212.0,431.0,239.0,192.0,247.0,125.0,56.0,45.0,11.0,2.0,
2020-09-11,20.0,246.0,479.0,250.0,288.0,284.0,122.0,57.0,33.0,12.0,,1.0
2020-09-12,19.0,252.0,434.0,274.0,269.0,264.0,121.0,55.0,32.0,9.0,,
2020-09-13,17.0,268.0,487.0,298.0,242.0,265.0,120.0,60.0,39.0,14.0,,
2020-09-14,18.0,361.0,687.0,400.0,330.0,360.0,171.0,96.0,54.0,21.0,1.0,1.0
2020-09-15,15.0,345.0,690.0,367.0,364.0,334.0,167.0,78.0,53.0,13.0,,
2020-09-16,17.0,371.0,715.0,349.0,363.0,372.0,176.0,97.0,32.0,24.0,,
2020-09-17,14.0,401.0,640.0,397.0,350.0,366.0,180.0,91.0,58.0,21.0,,
2020-09-18,15.0,342.0,656.0,385.0,336.0,368.0,197.0,91.0,42.0,8.0,,
2020-09-19,14.0,338.0,620.0,389.0,367.0,398.0,187.0,97.0,61.0,15.0,2.0,
2020-09-20,7.0,407.0,764.0,402.0,389.0,335.0,197.0,112.0,59.0,16.0,1.0,
2020-09-21,15.0,507.0,922.0,513.0,458.0,520.0,274.0,118.0,64.0,15.0,,1.0
2020-09-22,14.0,428.0,893.0,489.0,441.0,498.0,217.0,112.0,64.0,21.0,,
2020-09-23,16.0,389.0,862.0,483.0,482.0,502.0,280.0,118.0,57.0,23.0,,1.0
2020-09-24,12.0,414.0,760.0,416.0,484.0,479.0,269.0,139.0,69.0,17.0,1.0,
2020-09-25,23.0,415.0,781.0,496.0,512.0,619.0,265.0,153.0,74.0,18.0,,
2020-09-26,19.0,380.0,770.0,499.0,493.0,581.0,286.0,123.0,75.0,22.0,,
2020-09-27,12.0,479.0,833.0,513.0,515.0,543.0,295.0,135.0,84.0,26.0,1.0,
2020-09-28,25.0,643.0,1154.0,735.0,697.0,779.0,420.0,242.0,116.0,31.0,1.0,1.0
2020-09-29,18.0,562.0,1155.0,707.0,708.0,766.0,415.0,185.0,95.0,28.0,,
2020-09-30,26.0,562.0,1182.0,738.0,757.0,808.0,468.0,230.0,133.0,33.0,,
2020-10-01,24.0,628.0,1126.0,839.0,826.0,891.0,527.0,276.0,152.0,26.0,1.0,1.0
2020-10-02,30.0,656.0,1207.0,859.0,913.0,1054.0,561.0,274.0,139.0,43.0,,1.0
2020-10-03,26.0,641.0,1205.0,886.0,857.0,1059.0,570.0,262.0,163.0,42.0,1.0,1.0
2020-10-04,27.0,704.0,1245.0,790.0,822.0,936.0,515.0,242.0,110.0,30.0,,
2020-10-05,42.0,891.0,1519.0,1040.0,1073.0,1223.0,717.0,380.0,190.0,50.0,,
2020-10-06,29.0,763.0,1397.0,976.0,1056.0,1136.0,688.0,330.0,178.0,65.0,1.0,
2020-10-07,33.0,773.0,1454.0,1024.0,1093.0,1198.0,666.0,387.0,206.0,54.0,,
2020-10-08,35.0,736.0,1361.0,988.0,1113.0,1246.0,703.0,358.0,200.0,61.0,,2.0
2020-10-09,43.0,797.0,1400.0,1121.0,1226.0,1367.0,723.0,382.0,186.0,59.0,,
2020-10-10,52.0,874.0,1394.0,1130.0,1196.0,1389.0,790.0,436.0,200.0,73.0,,1.0
2020-10-11,32.0,776.0,1447.0,1063.0,1140.0,1187.0,678.0,360.0,167.0,45.0,,1.0
2020-10-12,80.0,1074.0,1773.0,1360.0,1378.0,1557.0,901.0,517.0,234.0,61.0,3.0,3.0
2020-10-13,41.0,993.0,1680.0,1340.0,1418.0,1495.0,820.0,421.0,222.0,74.0,,2.0
2020-10-14,58.0,994.0,1791.0,1348.0,1401.0,1588.0,890.0,507.0,265.0,66.0,,6.0
2020-10-15,50.0,950.0,1520.0,1282.0,1327.0,1486.0,806.0,463.0,258.0,77.0,1.0,3.0
2020-10-16,50.0,924.0,1611.0,1344.0,1396.0,1663.0,870.0,492.0,283.0,83.0,,3.0
2020-10-17,71.0,917.0,1651.0,1348.0,1461.0,1629.0,837.0,451.0,287.0,74.0,,1.0
2020-10-18,57.0,936.0,1541.0,1241.0,1346.0,1407.0,827.0,429.0,215.0,73.0,,3.0
2020-10-19,59.0,1005.0,1917.0,1528.0,1576.0,1844.0,993.0,581.0,349.0,91.0,,3.0
2020-10-20,56.0,1049.0,1940.0,1474.0,1531.0,1762.0,964.0,558.0,334.0,120.0,2.0,2.0
2020-10-21,55.0,1007.0,1824.0,1432.0,1466.0,1699.0,1007.0,536.0,337.0,108.0,1.0,2.0
2020-10-22,54.0,942.0,1658.0,1300.0,1419.0,1588.0,923.0,544.0,340.0,111.0,,1.0
2020-10-23,59.0,983.0,1579.0,1430.0,1454.0,1696.0,1026.0,529.0,391.0,119.0,,
2020-10-24,68.0,975.0,1572.0,1333.0,1395.0,1577.0,930.0,484.0,302.0,96.0,,3.0
2020-10-25,68.0,940.0,1385.0,1194.0,1251.0,1494.0,832.0,491.0,278.0,98.0,3.0,1.0
2020-10-26,63.0,1041.0,1623.0,1335.0,1428.0,1681.0,951.0,541.0,331.0,115.0,,1.0
2020-10-27,44.0,936.0,1455.0,1129.0,1241.0,1468.0,866.0,453.0,336.0,106.0,,1.0
2020-10-28,60.0,864.0,1340.0,1133.0,1157.0,1349.0,811.0,490.0,332.0,102.0,1.0,
2020-10-29,45.0,726.0,1189.0,1026.0,1063.0,1300.0,712.0,465.0,335.0,127.0,,
2020-10-30,52.0,743.0,1165.0,968.0,1034.0,1271.0,730.0,412.0,314.0,84.0,2.0,
2020-10-31,45.0,708.0,1072.0,959.0,1011.0,1210.0,639.0,395.0,247.0,83.0,,
2020-11-01,47.0,728.0,1086.0,881.0,949.0,1105.0,654.0,373.0,235.0,85.0,,
2020-11-02,55.0,741.0,1131.0,930.0,938.0,1066.0,667.0,414.0,323.0,93.0,,
2020-11-03,46.0,693.0,1090.0,871.0,877.0,1015.0,611.0,350.0,286.0,75.0,,
2020-11-04,59.0,680.0,1012.0,822.0,831.0,1020.0,614.0,346.0,277.0,76.0,1.0,
2020-11-05,52.0,595.0,909.0,751.0,772.0,916.0,558.0,277.0,236.0,94.0,,
2020-11-06,43.0,624.0,856.0,774.0,826.0,927.0,585.0,322.0,237.0,85.0,,
2020-11-07,48.0,620.0,812.0,743.0,834.0,884.0,539.0,257.0,183.0,64.0,1.0,
2020-11-08,46.0,588.0,833.0,735.0,729.0,837.0,533.0,271.0,162.0,48.0,,
2020-11-09,54.0,792.0,970.0,786.0,888.0,1017.0,617.0,340.0,232.0,81.0,,
2020-11-10,66.0,711.0,932.0,751.0,826.0,917.0,547.0,350.0,203.0,62.0,,
2020-11-11,65.0,715.0,953.0,812.0,869.0,990.0,576.0,328.0,264.0,89.0,,
2020-11-12,61.0,641.0,797.0,754.0,820.0,861.0,512.0,304.0,239.0,102.0,,
2020-11-13,52.0,698.0,766.0,735.0,778.0,928.0,530.0,326.0,241.0,79.0,1.0,
2020-11-14,61.0,702.0,782.0,731.0,854.0,908.0,547.0,270.0,187.0,67.0,,
2020-11-15,56.0,781.0,808.0,728.0,781.0,789.0,437.0,262.0,189.0,54.0,,
2020-11-16,68.0,921.0,949.0,770.0,936.0,974.0,566.0,351.0,236.0,76.0,1.0,
2020-11-17,60.0,861.0,878.0,788.0,867.0,937.0,512.0,314.0,199.0,62.0,,
2020-11-18,53.0,847.0,828.0,737.0,846.0,893.0,459.0,285.0,238.0,74.0,,
2020-11-19,75.0,803.0,706.0,702.0,768.0,754.0,450.0,264.0,185.0,81.0,,
2020-11-20,53.0,751.0,734.0,722.0,740.0,822.0,464.0,301.0,182.0,85.0,,
2020-11-21,56.0,800.0,704.0,639.0,711.0,812.0,422.0,266.0,180.0,52.0,,
2020-11-22,55.0,784.0,639.0,583.0,696.0,677.0,386.0,243.0,133.0,43.0,2.0,
2020-11-23,91.0,977.0,852.0,748.0,800.0,886.0,472.0,304.0,177.0,68.0,1.0,
2020-11-24,63.0,827.0,790.0,661.0,756.0,799.0,475.0,288.0,164.0,69.0,,
2020-11-25,81.0,795.0,721.0,684.0,776.0,817.0,443.0,274.0,207.0,48.0,,
2020-11-26,64.0,797.0,690.0,639.0,708.0,741.0,429.0,291.0,170.0,76.0,1.0,
2020-11-27,81.0,819.0,720.0,670.0,745.0,872.0,487.0,274.0,178.0,62.0,,
2020-11-28,75.0,756.0,704.0,672.0,813.0,873.0,476.0,277.0,189.0,65.0,,
2020-11-29,70.0,858.0,760.0,661.0,717.0,764.0,448.0,250.0,157.0,44.0,,
2020-11-30,96.0,1161.0,1027.0,804.0,946.0,1035.0,630.0,340.0,231.0,81.0,,
2020-12-01,90.0,1050.0,1070.0,888.0,1037.0,1022.0,642.0,377.0,265.0,97.0,1.0,
2020-12-02,99.0,1160.0,1015.0,872.0,1043.0,1122.0,687.0,369.0,236.0,95.0,,
2020-12-03,121.0,1218.0,939.0,857.0,1059.0,1085.0,649.0,393.0,244.0,89.0,,
2020-12-04,143.0,1304.0,1048.0,895.0,1142.0,1195.0,667.0,423.0,255.0,68.0,,
2020-12-05,128.0,1372.0,1000.0,978.0,1169.0,1224.0,714.0,425.0,222.0,90.0,,
2020-12-06,134.0,1453.0,1048.0,1028.0,1137.0,1198.0,689.0,411.0,242.0,69.0,,
2020-12-07,187.0,1771.0,1366.0,1155.0,1399.0,1407.0,881.0,523.0,301.0,108.0,1.0,
2020-12-08,178.0,1677.0,1455.0,1264.0,1530.0,1521.0,955.0,557.0,361.0,126.0,,
2020-12-09,161.0,1727.0,1409.0,1274.0,1471.0,1559.0,902.0,572.0,357.0,130.0,1.0,
2020-12-10,184.0,1606.0,1287.0,1187.0,1398.0,1557.0,971.0,590.0,360.0,138.0,1.0,
2020-12-11,169.0,1628.0,1335.0,1346.0,1626.0,1674.0,1008.0,620.0,391.0,140.0,,
2020-12-12,188.0,1615.0,1413.0,1330.0,1578.0,1725.0,1028.0,597.0,386.0,128.0,2.0,
2020-12-13,185.0,1629.0,1495.0,1328.0,1560.0,1641.0,1026.0,569.0,348.0,98.0,,
2020-12-14,194.0,1980.0,1922.0,1592.0,1951.0,2207.0,1217.0,767.0,446.0,153.0,1.0,
2020-12-15,210.0,1891.0,1897.0,1624.0,1936.0,2066.0,1234.0,723.0,456.0,159.0,1.0,
2020-12-16,183.0,1761.0,1787.0,1514.0,1840.0,1949.0,1266.0,768.0,489.0,161.0,1.0,
2020-12-17,165.0,1496.0,1696.0,1419.0,1741.0,1874.0,1159.0,730.0,479.0,170.0,1.0,
2020-12-18,144.0,1505.0,1623.0,1436.0,1764.0,1976.0,1189.0,701.0,450.0,151.0,2.0,
2020-12-19,165.0,1458.0,1444.0,1463.0,1744.0,1958.0,1094.0,634.0,391.0,140.0,,
2020-12-20,137.0,1285.0,1505.0,1266.0,1488.0,1749.0,1036.0,630.0,375.0,133.0,1.0,
2020-12-21,168.0,1365.0,1695.0,1463.0,1676.0,1962.0,1245.0,696.0,450.0,170.0,1.0,
2020-12-22,193.0,1234.0,1575.0,1341.0,1556.0,1808.0,1101.0,651.0,515.0,172.0,,
2020-12-23,152.0,1185.0,1432.0,1157.0,1347.0,1569.0,989.0,633.0,457.0,151.0,2.0,
2020-12-24,161.0,1054.0,1307.0,1091.0,1284.0,1541.0,966.0,625.0,490.0,150.0,,
2020-12-25,123.0,912.0,1120.0,992.0,1140.0,1442.0,903.0,584.0,369.0,108.0,,
2020-12-26,133.0,830.0,1182.0,1002.0,1203.0,1324.0,785.0,542.0,317.0,89.0,1.0,
2020-12-27,101.0,897.0,1333.0,1123.0,1166.0,1428.0,909.0,570.0,321.0,105.0,,
2020-12-28,135.0,987.0,1477.0,1207.0,1307.0,1654.0,1032.0,694.0,428.0,148.0,,
2020-12-29,114.0,874.0,1450.0,1103.0,1141.0,1433.0,928.0,661.0,431.0,164.0,,
2020-12-30,101.0,793.0,1204.0,966.0,1022.0,1298.0,794.0,579.0,416.0,132.0,,
2020-12-31,120.0,785.0,1149.0,887.0,916.0,1265.0,861.0,593.0,327.0,115.0,,
2021-01-01,121.0,830.0,1209.0,925.0,962.0,1152.0,750.0,434.0,285.0,100.0,,
2021-01-02,96.0,836.0,1387.0,906.0,979.0,1209.0,753.0,454.0,271.0,96.0,,
2021-01-03,104.0,1033.0,1592.0,976.0,1014.0,1192.0,766.0,460.0,313.0,97.0,1.0,
2021-01-04,143.0,1079.0,1678.0,1069.0,1093.0,1417.0,839.0,538.0,381.0,115.0,,
2021-01-05,109.0,923.0,1422.0,862.0,934.0,1152.0,699.0,490.0,383.0,127.0,,
2021-01-06,129.0,920.0,1279.0,833.0,847.0,1116.0,685.0,463.0,357.0,138.0,,
2021-01-07,118.0,784.0,1103.0,725.0,822.0,1065.0,659.0,392.0,291.0,121.0,1.0,
2021-01-08,95.0,695.0,935.0,712.0,777.0,1110.0,637.0,413.0,292.0,110.0,,
2021-01-09,118.0,571.0,872.0,748.0,744.0,1066.0,609.0,324.0,275.0,104.0,,
2021-01-10,80.0,617.0,871.0,601.0,712.0,1025.0,577.0,333.0,255.0,94.0,,
2021-01-11,121.0,634.0,1015.0,744.0,789.0,1131.0,759.0,403.0,319.0,123.0,,
2021-01-12,127.0,704.0,1037.0,789.0,725.0,1111.0,647.0,399.0,328.0,139.0,1.0,
2021-01-13,120.0,616.0,934.0,751.0,753.0,1115.0,632.0,382.0,297.0,113.0,,
2021-01-14,114.0,558.0,886.0,668.0,672.0,961.0,588.0,323.0,234.0,72.0,,
2021-01-15,113.0,487.0,876.0,738.0,715.0,989.0,653.0,398.0,268.0,112.0,1.0,
2021-01-16,114.0,526.0,792.0,681.0,698.0,975.0,531.0,300.0,206.0,57.0,1.0,
2021-01-17,104.0,507.0,807.0,673.0,648.0,870.0,501.0,310.0,191.0,61.0,,
2021-01-18,138.0,581.0,938.0,762.0,756.0,1018.0,644.0,361.0,273.0,98.0,,
2021-01-19,116.0,558.0,950.0,718.0,693.0,957.0,580.0,368.0,272.0,104.0,,
2021-01-20,119.0,555.0,876.0,717.0,752.0,958.0,621.0,357.0,266.0,101.0,1.0,
2021-01-21,107.0,479.0,766.0,675.0,624.0,825.0,529.0,282.0,238.0,75.0,,
2021-01-22,132.0,451.0,723.0,624.0,628.0,857.0,537.0,277.0,241.0,80.0,3.0,
2021-01-23,131.0,441.0,683.0,588.0,616.0,800.0,512.0,247.0,163.0,61.0,,
2021-01-24,95.0,404.0,638.0,537.0,553.0,714.0,463.0,234.0,152.0,53.0,,
2021-01-25,107.0,487.0,744.0,586.0,618.0,789.0,514.0,318.0,233.0,89.0,,
2021-01-26,112.0,447.0,700.0,570.0,574.0,736.0,461.0,274.0,210.0,82.0,1.0,
2021-01-27,132.0,459.0,697.0,583.0,569.0,766.0,486.0,283.0,228.0,88.0,,
2021-01-28,124.0,378.0,628.0,501.0,515.0,730.0,449.0,243.0,203.0,69.0,1.0,
2021-01-29,138.0,356.0,631.0,563.0,552.0,680.0,431.0,223.0,197.0,60.0,,
2021-01-30,155.0,358.0,562.0,472.0,522.0,684.0,397.0,217.0,143.0,42.0,,
2021-01-31,126.0,354.0,567.0,446.0,466.0,649.0,397.0,198.0,144.0,46.0,,
2021-02-01,148.0,418.0,659.0,567.0,574.0,717.0,437.0,259.0,202.0,74.0,,
2021-02-02,146.0,403.0,609.0,548.0,529.0,668.0,406.0,241.0,207.0,88.0,,
2021-02-03,142.0,409.0,628.0,516.0,550.0,695.0,427.0,243.0,186.0,59.0,1.0,
2021-02-04,158.0,320.0,593.0,519.0,466.0,630.0,410.0,217.0,199.0,80.0,,
2021-02-05,142.0,374.0,525.0,509.0,519.0,629.0,418.0,235.0,193.0,62.0,,
2021-02-06,172.0,342.0,512.0,416.0,457.0,609.0,386.0,195.0,155.0,58.0,,
2021-02-07,114.0,278.0,485.0,450.0,425.0,560.0,353.0,167.0,119.0,33.0,,
2021-02-08,137.0,343.0,555.0,510.0,481.0,599.0,410.0,217.0,168.0,64.0,1.0,
2021-02-09,157.0,414.0,611.0,547.0,498.0,676.0,444.0,238.0,202.0,60.0,,
2021-02-10,167.0,408.0,639.0,507.0,472.0,607.0,378.0,213.0,178.0,58.0,,
2021-02-11,170.0,340.0,553.0,499.0,456.0,628.0,359.0,231.0,197.0,57.0,1.0,
2021-02-12,155.0,356.0,543.0,476.0,487.0,639.0,376.0,205.0,165.0,48.0,2.0,
2021-02-13,164.0,356.0,510.0,473.0,491.0,645.0,339.0,212.0,124.0,48.0,,
2021-02-14,182.0,385.0,613.0,493.0,456.0,624.0,360.0,214.0,132.0,33.0,1.0,
2021-02-15,192.0,442.0,688.0,583.0,550.0,743.0,416.0,253.0,151.0,49.0,,
2021-02-16,215.0,442.0,702.0,687.0,625.0,737.0,507.0,257.0,179.0,46.0,,
2021-02-17,291.0,526.0,754.0,719.0,622.0,722.0,466.0,270.0,172.0,46.0,,
2021-02-18,275.0,512.0,668.0,669.0,641.0,738.0,440.0,262.0,175.0,60.0,,
2021-02-19,262.0,463.0,702.0,665.0,617.0,712.0,453.0,268.0,150.0,44.0,,
2021-02-20,290.0,495.0,682.0,658.0,621.0,769.0,408.0,239.0,121.0,35.0,,
2021-02-21,267.0,497.0,664.0,658.0,582.0,702.0,431.0,239.0,118.0,29.0,,
2021-02-22,336.0,600.0,831.0,702.0,713.0,773.0,464.0,261.0,171.0,37.0,,
2021-02-23,312.0,594.0,797.0,716.0,644.0,713.0,452.0,272.0,144.0,52.0,,
2021-02-24,313.0,599.0,768.0,679.0,649.0,715.0,463.0,281.0,139.0,55.0,,
2021-02-25,278.0,553.0,681.0,600.0,620.0,638.0,419.0,229.0,143.0,35.0,,
2021-02-26,278.0,547.0,685.0,651.0,608.0,687.0,410.0,240.0,108.0,31.0,,
2021-02-27,306.0,568.0,660.0,635.0,600.0,700.0,429.0,217.0,103.0,26.0,,
2021-02-28,313.0,590.0,647.0,596.0,578.0,582.0,400.0,212.0,106.0,19.0,,
2021-03-01,326.0,645.0,887.0,713.0,693.0,758.0,469.0,257.0,128.0,16.0,,
2021-03-02,281.0,696.0,888.0,693.0,613.0,724.0,424.0,220.0,100.0,27.0,1.0,
2021-03-03,333.0,666.0,907.0,646.0,625.0,765.0,421.0,240.0,110.0,27.0,,
2021-03-04,293.0,589.0,750.0,640.0,613.0,647.0,411.0,247.0,97.0,32.0,,
2021-03-05,346.0,635.0,770.0,725.0,747.0,802.0,414.0,233.0,108.0,34.0,,
2021-03-06,401.0,617.0,772.0,721.0,721.0,775.0,462.0,217.0,89.0,16.0,,
2021-03-07,438.0,641.0,779.0,713.0,656.0,761.0,409.0,250.0,94.0,17.0,,
2021-03-08,440.0,830.0,1040.0,758.0,808.0,886.0,509.0,291.0,117.0,19.0,,
2021-03-09,397.0,832.0,951.0,841.0,907.0,905.0,531.0,290.0,112.0,27.0,2.0,
2021-03-10,420.0,901.0,1038.0,873.0,882.0,959.0,544.0,312.0,117.0,35.0,2.0,
2021-03-11,433.0,896.0,941.0,889.0,841.0,862.0,533.0,268.0,122.0,27.0,,
2021-03-12,441.0,834.0,1019.0,861.0,896.0,1025.0,537.0,284.0,129.0,21.0,1.0,
2021-03-13,482.0,865.0,916.0,871.0,931.0,1040.0,550.0,284.0,97.0,28.0,,
2021-03-14,455.0,847.0,916.0,822.0,807.0,896.0,491.0,252.0,94.0,20.0,,
2021-03-15,537.0,981.0,1126.0,986.0,963.0,1016.0,596.0,340.0,110.0,29.0,,
2021-03-16,485.0,998.0,1154.0,1005.0,1098.0,1033.0,606.0,335.0,105.0,17.0,,
2021-03-17,533.0,1123.0,1188.0,1059.0,1028.0,1047.0,598.0,359.0,130.0,20.0,,
2021-03-18,564.0,1017.0,1099.0,961.0,1002.0,1008.0,586.0,291.0,103.0,18.0,1.0,
2021-03-19,537.0,968.0,1095.0,1030.0,959.0,1056.0,616.0,336.0,104.0,18.0,,
2021-03-20,541.0,1032.0,1061.0,1031.0,1040.0,1093.0,611.0,322.0,107.0,17.0,1.0,
2021-03-21,522.0,1050.0,1026.0,976.0,1031.0,956.0,626.0,340.0,98.0,19.0,,
2021-03-22,565.0,1201.0,1212.0,1128.0,1095.0,1162.0,673.0,407.0,122.0,30.0,,
2021-03-23,525.0,1211.0,1293.0,1121.0,1193.0,1221.0,646.0,358.0,123.0,11.0,1.0,
2021-03-24,621.0,1195.0,1325.0,1180.0,1126.0,1141.0,622.0,420.0,137.0,38.0,1.0,
2021-03-25,600.0,1126.0,1198.0,1013.0,1082.0,1084.0,631.0,393.0,126.0,18.0,,
2021-03-26,496.0,1104.0,1224.0,1066.0,1112.0,1197.0,650.0,364.0,115.0,20.0,,
2021-03-27,577.0,966.0,1135.0,994.0,1075.0,1111.0,617.0,357.0,80.0,16.0,,
2021-03-28,527.0,920.0,1045.0,925.0,936.0,1013.0,554.0,306.0,68.0,13.0,2.0,
2021-03-29,563.0,1078.0,1234.0,1061.0,1071.0,1139.0,652.0,387.0,118.0,18.0,,
2021-03-30,533.0,1066.0,1281.0,1070.0,1037.0,1090.0,633.0,342.0,95.0,16.0,1.0,
2021-03-31,567.0,1119.0,1292.0,1046.0,1095.0,1082.0,683.0,369.0,96.0,22.0,,
2021-04-01,515.0,1008.0,1098.0,973.0,1017.0,1022.0,594.0,365.0,105.0,15.0,,
2021-04-02,412.0,966.0,1140.0,1001.0,1011.0,1067.0,620.0,313.0,71.0,10.0,,
2021-04-03,507.0,966.0,1061.0,902.0,1008.0,1060.0,594.0,298.0,71.0,13.0,1.0,
2021-04-04,450.0,972.0,954.0,875.0,1007.0,991.0,492.0,275.0,73.0,18.0,1.0,
2021-04-05,478.0,1013.0,1169.0,935.0,961.0,1100.0,580.0,322.0,78.0,10.0,,
2021-04-06,534.0,1217.0,1424.0,1135.0,1159.0,1154.0,675.0,360.0,80.0,12.0,,
2021-04-07,512.0,1221.0,1426.0,1158.0,1238.0,1189.0,670.0,365.0,71.0,17.0,,
2021-04-08,434.0,1100.0,1260.0,1138.0,1077.0,1152.0,674.0,417.0,91.0,16.0,1.0,
2021-04-09,472.0,1071.0,1214.0,1071.0,1102.0,1199.0,695.0,388.0,95.0,21.0,,
2021-04-10,476.0,1072.0,1244.0,1102.0,1034.0,1194.0,636.0,360.0,72.0,13.0,1.0,
2021-04-11,458.0,986.0,1156.0,967.0,1062.0,1070.0,590.0,364.0,58.0,15.0,,
2021-04-12,541.0,1222.0,1399.0,1078.0,1147.0,1263.0,660.0,401.0,103.0,15.0,,
2021-04-13,561.0,1222.0,1505.0,1108.0,1171.0,1220.0,671.0,369.0,44.0,16.0,,
2021-04-14,558.0,1243.0,1509.0,1198.0,1190.0,1274.0,641.0,401.0,84.0,12.0,,
2021-04-15,579.0,1296.0,1373.0,1106.0,1114.0,1238.0,668.0,338.0,75.0,13.0,,
2021-04-16,572.0,1233.0,1314.0,1042.0,1239.0,1289.0,711.0,364.0,97.0,17.0,,
2021-04-17,568.0,1172.0,1289.0,1096.0,1229.0,1330.0,708.0,358.0,60.0,16.0,,
2021-04-18,541.0,1203.0,1251.0,1051.0,1137.0,1252.0,662.0,322.0,59.0,13.0,1.0,
2021-04-19,618.0,1348.0,1654.0,1259.0,1285.0,1439.0,712.0,394.0,77.0,18.0,1.0,
2021-04-20,631.0,1367.0,1572.0,1213.0,1217.0,1312.0,633.0,382.0,83.0,12.0,,
2021-04-21,640.0,1377.0,1535.0,1114.0,1264.0,1225.0,744.0,380.0,82.0,14.0,,
2021-04-22,595.0,1240.0,1364.0,1108.0,1125.0,1135.0,658.0,354.0,70.0,18.0,,
2021-04-23,518.0,1119.0,1172.0,1068.0,1168.0,1224.0,620.0,313.0,69.0,22.0,1.0,
2021-04-24,503.0,1060.0,1116.0,999.0,1109.0,1144.0,571.0,345.0,71.0,10.0,,
2021-04-25,495.0,982.0,1097.0,847.0,1029.0,1093.0,556.0,297.0,52.0,9.0,,
2021-04-26,502.0,1150.0,1287.0,1024.0,1183.0,1204.0,628.0,321.0,67.0,20.0,,
2021-04-27,525.0,1163.0,1304.0,941.0,1122.0,1105.0,561.0,298.0,65.0,7.0,1.0,
2021-04-28,509.0,1264.0,1701.0,1130.0,1150.0,1250.0,632.0,311.0,60.0,14.0,,
2021-04-29,457.0,1236.0,1620.0,1064.0,1068.0,1082.0,600.0,280.0,61.0,14.0,1.0,
2021-04-30,370.0,1122.0,1732.0,1004.0,1072.0,1131.0,606.0,309.0,59.0,11.0,,
2021-05-01,365.0,1109.0,1468.0,924.0,996.0,1095.0,527.0,270.0,52.0,13.0,,
2021-05-02,374.0,1051.0,1441.0,853.0,955.0,999.0,521.0,280.0,38.0,14.0,,
2021-05-03,359.0,1128.0,1625.0,1039.0,1054.0,1191.0,512.0,279.0,65.0,14.0,1.0,
2021-05-04,343.0,1177.0,1652.0,975.0,1010.0,1089.0,514.0,244.0,43.0,16.0,,
2021-05-05,352.0,1139.0,1581.0,910.0,937.0,1063.0,523.0,268.0,72.0,11.0,,
2021-05-06,345.0,1052.0,1289.0,856.0,821.0,983.0,471.0,225.0,39.0,18.0,1.0,
2021-05-07,339.0,967.0,1275.0,870.0,954.0,1030.0,461.0,240.0,57.0,13.0,,
2021-05-08,314.0,980.0,1091.0,781.0,814.0,1002.0,459.0,211.0,47.0,8.0,,
2021-05-09,283.0,898.0,1027.0,709.0,783.0,858.0,360.0,193.0,31.0,11.0,,
2021-05-10,301.0,988.0,1258.0,817.0,854.0,979.0,440.0,223.0,48.0,17.0,,
2021-05-11,329.0,907.0,1213.0,783.0,783.0,905.0,387.0,158.0,36.0,7.0,,
2021-05-12,277.0,856.0,1117.0,671.0,750.0,887.0,339.0,170.0,47.0,18.0,,
2021-05-13,257.0,725.0,888.0,582.0,640.0,732.0,314.0,159.0,45.0,3.0,,
2021-05-14,240.0,670.0,916.0,558.0,622.0,707.0,289.0,139.0,46.0,16.0,,
2021-05-15,274.0,705.0,813.0,585.0,574.0,681.0,286.0,139.0,38.0,11.0,,
2021-05-16,259.0,676.0,839.0,587.0,596.0,601.0,273.0,132.0,22.0,5.0,,
2021-05-17,265.0,724.0,962.0,600.0,567.0,660.0,275.0,128.0,38.0,14.0,,
2021-05-18,239.0,770.0,948.0,539.0,560.0,620.0,248.0,105.0,33.0,9.0,,
2021-05-19,287.0,610.0,845.0,535.0,524.0,573.0,210.0,85.0,37.0,7.0,1.0,
2021-05-20,218.0,571.0,714.0,482.0,451.0,530.0,195.0,90.0,25.0,10.0,,
2021-05-21,235.0,513.0,626.0,497.0,461.0,550.0,204.0,82.0,23.0,5.0,,
2021-05-22,257.0,474.0,550.0,422.0,453.0,509.0,151.0,46.0,23.0,2.0,,
2021-05-23,226.0,454.0,504.0,411.0,374.0,412.0,162.0,51.0,18.0,5.0,,
2021-05-24,291.0,512.0,592.0,465.0,428.0,395.0,157.0,57.0,17.0,3.0,,
2021-05-25,279.0,598.0,687.0,542.0,473.0,471.0,171.0,52.0,29.0,,,
2021-05-26,275.0,621.0,616.0,478.0,470.0,459.0,151.0,74.0,22.0,7.0,,
2021-05-27,239.0,515.0,581.0,438.0,478.0,415.0,138.0,57.0,14.0,3.0,,
2021-05-28,225.0,476.0,459.0,379.0,410.0,340.0,159.0,57.0,20.0,3.0,,
2021-05-29,230.0,457.0,432.0,368.0,372.0,317.0,103.0,44.0,19.0,3.0,,
2021-05-30,213.0,481.0,376.0,309.0,377.0,303.0,117.0,43.0,15.0,3.0,,
2021-05-31,246.0,504.0,421.0,377.0,374.0,338.0,114.0,29.0,14.0,3.0,,
2021-06-01,214.0,511.0,440.0,347.0,323.0,290.0,83.0,33.0,11.0,3.0,,
2021-06-02,259.0,506.0,384.0,272.0,326.0,270.0,99.0,30.0,8.0,1.0,,
2021-06-03,180.0,442.0,331.0,292.0,314.0,197.0,72.0,40.0,14.0,2.0,,
2021-06-04,148.0,401.0,270.0,265.0,252.0,224.0,66.0,26.0,7.0,1.0,,
2021-06-05,139.0,326.0,266.0,304.0,246.0,210.0,73.0,18.0,7.0,4.0,,
2021-06-06,145.0,342.0,249.0,185.0,206.0,172.0,47.0,12.0,6.0,,,
2021-06-07,163.0,340.0,258.0,239.0,202.0,201.0,63.0,23.0,7.0,3.0,,
2021-06-08,114.0,365.0,251.0,200.0,176.0,173.0,53.0,15.0,8.0,2.0,,
2021-06-09,120.0,371.0,233.0,204.0,149.0,124.0,43.0,16.0,5.0,5.0,,
2021-06-10,109.0,364.0,208.0,170.0,166.0,121.0,37.0,14.0,9.0,1.0,,
2021-06-11,79.0,311.0,201.0,129.0,134.0,118.0,53.0,12.0,11.0,2.0,,
2021-06-12,89.0,289.0,149.0,135.0,103.0,88.0,32.0,11.0,7.0,1.0,,
2021-06-13,76.0,291.0,133.0,128.0,126.0,93.0,34.0,11.0,7.0,2.0,,
2021-06-14,67.0,300.0,194.0,134.0,114.0,96.0,28.0,11.0,10.0,1.0,,
2021-06-15,55.0,284.0,181.0,105.0,102.0,87.0,19.0,5.0,2.0,3.0,,
2021-06-16,48.0,245.0,146.0,101.0,90.0,63.0,22.0,9.0,3.0,,,
2021-06-17,39.0,189.0,125.0,77.0,69.0,47.0,28.0,5.0,8.0,,,
2021-06-18,33.0,147.0,85.0,64.0,66.0,44.0,19.0,7.0,9.0,1.0,,
2021-06-19,19.0,98.0,63.0,39.0,33.0,25.0,13.0,3.0,,2.0,,
2021-06-20,30.0,82.0,40.0,43.0,26.0,23.0,12.0,3.0,1.0,,,
2021-06-21,6.0,24.0,15.0,5.0,7.0,10.0,5.0,,1.0,,,
