Leeftijd,Jaar,Mannen,Vrouwen

0,1970,1756,1289
0,2000,582,477
0,2001,615,473
0,2002,569,445
0,2003,562,400
0,2004,490,362
0,2005,506,422
0,2006,468,352
0,2007,435,301
0,2008,378,320
0,2009,394,317
0,2010,378,317
0,2011,375,279
0,2012,361,288
0,2013,353,292
0,2014,354,276
0,2015,313,248
0,2016,323,274
0,2017,347,260
0,2018,332,250
0,2019,342,275
0,2020,360,288
0,2021,333,264
0,2022,306,234
0,2023,343,255
0,2024,299,248
1,1970,130,129
1,2000,52,42
1,2001,48,36
1,2002,48,39
1,2003,45,39
1,2004,39,35
1,2005,38,45
1,2006,33,34
1,2007,35,24
1,2008,22,26
1,2009,29,22
1,2010,23,27
1,2011,22,16
1,2012,33,18
1,2013,19,18
1,2014,21,17
1,2015,20,19
1,2016,19,17
1,2017,18,20
1,2018,18,15
1,2019,25,25
1,2020,14,15
1,2021,16,16
1,2022,20,21
1,2023,17,14
1,2024,20,18
2,1970,111,80
2,2000,34,25
2,2001,27,18
2,2002,39,23
2,2003,31,16
2,2004,29,22
2,2005,28,17
2,2006,28,15
2,2007,20,11
2,2008,17,15
2,2009,23,14
2,2010,20,15
2,2011,22,12
2,2012,19,12
2,2013,13,7
2,2014,12,8
2,2015,11,8
2,2016,18,8
2,2017,12,7
2,2018,13,10
2,2019,8,9
2,2020,14,6
2,2021,12,11
2,2022,11,15
2,2023,16,5
2,2024,14,10
3,1970,117,54
3,2000,19,15
3,2001,32,14
3,2002,23,15
3,2003,21,11
3,2004,22,15
3,2005,22,13
3,2006,21,13
3,2007,10,18
3,2008,21,16
3,2009,15,13
3,2010,17,6
3,2011,16,5
3,2012,12,11
3,2013,11,9
3,2014,10,11
3,2015,16,5
3,2016,13,8
3,2017,5,8
3,2018,10,9
3,2019,13,5
3,2020,12,5
3,2021,3,3
3,2022,15,12
3,2023,9,8
3,2024,14,5
4,1970,95,60
4,2000,16,18
4,2001,19,16
4,2002,15,17
4,2003,18,17
4,2004,18,12
4,2005,14,19
4,2006,14,10
4,2007,19,9
4,2008,18,12
4,2009,9,11
4,2010,15,13
4,2011,5,6
4,2012,14,8
4,2013,10,6
4,2014,9,11
4,2015,15,4
4,2016,15,8
4,2017,11,6
4,2018,10,9
4,2019,8,5
4,2020,7,9
4,2021,10,5
4,2022,13,5
4,2023,8,6
4,2024,6,4
5,1970,85,46
5,2000,19,7
5,2001,25,3
5,2002,14,14
5,2003,20,8
5,2004,11,8
5,2005,16,8
5,2006,14,12
5,2007,14,9
5,2008,7,6
5,2009,6,11
5,2010,4,11
5,2011,10,8
5,2012,15,5
5,2013,10,6
5,2014,9,6
5,2015,4,4
5,2016,5,5
5,2017,9,6
5,2018,3,11
5,2019,9,5
5,2020,10,5
5,2021,6,8
5,2022,7,11
5,2023,7,11
5,2024,5,4
6,1970,60,45
6,2000,18,10
6,2001,15,9
6,2002,12,11
6,2003,20,9
6,2004,9,10
6,2005,13,5
6,2006,10,11
6,2007,9,11
6,2008,12,6
6,2009,10,9
6,2010,7,12
6,2011,6,5
6,2012,13,9
6,2013,8,4
6,2014,11,7
6,2015,6,8
6,2016,5,5
6,2017,12,8
6,2018,10,9
6,2019,6,3
6,2020,4,6
6,2021,5,4
6,2022,5,5
6,2023,6,4
6,2024,10,3
7,1970,83,43
7,2000,11,12
7,2001,14,7
7,2002,13,4
7,2003,20,10
7,2004,12,7
7,2005,10,10
7,2006,13,7
7,2007,6,8
7,2008,9,7
7,2009,15,11
7,2010,9,7
7,2011,11,5
7,2012,5,8
7,2013,10,9
7,2014,4,7
7,2015,7,4
7,2016,3,6
7,2017,9,7
7,2018,9,4
7,2019,5,6
7,2020,3,6
7,2021,3,7
7,2022,4,7
7,2023,6,4
7,2024,8,4
8,1970,63,28
8,2000,13,10
8,2001,10,10
8,2002,11,9
8,2003,20,12
8,2004,10,8
8,2005,15,3
8,2006,12,10
8,2007,7,6
8,2008,6,6
8,2009,15,4
8,2010,8,4
8,2011,12,2
8,2012,13,10
8,2013,8,6
8,2014,12,5
8,2015,5,8
8,2016,11,7
8,2017,7,5
8,2018,5,4
8,2019,2,4
8,2020,5,4
8,2021,3,7
8,2022,13,9
8,2023,9,4
8,2024,8,10
9,1970,66,25
9,2000,17,13
9,2001,10,12
9,2002,15,9
9,2003,13,15
9,2004,11,8
9,2005,7,5
9,2006,7,7
9,2007,8,10
9,2008,6,11
9,2009,7,7
9,2010,10,4
9,2011,9,5
9,2012,13,4
9,2013,7,2
9,2014,7,7
9,2015,8,6
9,2016,1,7
9,2017,9,7
9,2018,6,6
9,2019,3,6
9,2020,5,3
9,2021,7,8
9,2022,4,7
9,2023,11,5
9,2024,10,6
10,1970,57,21
10,2000,13,12
10,2001,19,9
10,2002,19,9
10,2003,13,9
10,2004,9,4
10,2005,10,18
10,2006,9,6
10,2007,3,13
10,2008,9,8
10,2009,6,6
10,2010,12,5
10,2011,12,9
10,2012,13,7
10,2013,6,4
10,2014,10,9
10,2015,7,13
10,2016,5,12
10,2017,5,8
10,2018,6,1
10,2019,6,5
10,2020,3,6
10,2021,8,4
10,2022,7,7
10,2023,5,7
10,2024,10,11
11,1970,45,21
11,2000,13,6
11,2001,19,13
11,2002,11,6
11,2003,16,16
11,2004,14,8
11,2005,7,9
11,2006,12,12
11,2007,10,9
11,2008,10,11
11,2009,10,6
11,2010,14,8
11,2011,8,9
11,2012,4,7
11,2013,15,7
11,2014,11,9
11,2015,6,5
11,2016,6,7
11,2017,11,3
11,2018,10,2
11,2019,7,3
11,2020,7,4
11,2021,4,5
11,2022,6,7
11,2023,8,8
11,2024,10,8
12,1970,54,38
12,2000,20,10
12,2001,19,15
12,2002,18,13
12,2003,19,10
12,2004,10,11
12,2005,15,7
12,2006,8,9
12,2007,13,10
12,2008,11,10
12,2009,14,6
12,2010,12,6
12,2011,16,7
12,2012,15,11
12,2013,5,11
12,2014,10,10
12,2015,8,6
12,2016,12,6
12,2017,12,7
12,2018,7,7
12,2019,8,6
12,2020,3,12
12,2021,13,6
12,2022,14,8
12,2023,8,6
12,2024,9,6
13,1970,52,31
13,2000,20,15
13,2001,16,13
13,2002,22,11
13,2003,18,13
13,2004,24,11
13,2005,21,11
13,2006,15,15
13,2007,13,9
13,2008,15,9
13,2009,11,7
13,2010,12,12
13,2011,13,9
13,2012,14,6
13,2013,12,9
13,2014,12,8
13,2015,8,8
13,2016,5,5
13,2017,15,12
13,2018,12,1
13,2019,7,9
13,2020,11,4
13,2021,11,10
13,2022,10,9
13,2023,11,6
13,2024,12,9
14,1970,60,38
14,2000,13,11
14,2001,19,23
14,2002,22,10
14,2003,20,18
14,2004,19,12
14,2005,16,15
14,2006,16,12
14,2007,14,16
14,2008,11,8
14,2009,13,16
14,2010,11,5
14,2011,15,8
14,2012,14,8
14,2013,10,9
14,2014,8,13
14,2015,15,10
14,2016,14,7
14,2017,19,7
14,2018,12,12
14,2019,10,5
14,2020,25,15
14,2021,18,12
14,2022,13,8
14,2023,14,12
14,2024,15,13
15,1970,73,43
15,2000,21,22
15,2001,29,23
15,2002,23,21
15,2003,21,13
15,2004,34,12
15,2005,19,9
15,2006,15,17
15,2007,17,11
15,2008,10,9
15,2009,16,11
15,2010,14,3
15,2011,21,12
15,2012,14,13
15,2013,13,11
15,2014,20,11
15,2015,10,14
15,2016,17,6
15,2017,22,13
15,2018,22,7
15,2019,20,11
15,2020,12,9
15,2021,15,8
15,2022,22,15
15,2023,15,6
15,2024,19,13
16,1970,110,50
16,2000,36,24
16,2001,44,21
16,2002,40,21
16,2003,37,24
16,2004,28,20
16,2005,33,20
16,2006,38,14
16,2007,28,18
16,2008,27,16
16,2009,24,15
16,2010,24,13
16,2011,27,4
16,2012,22,13
16,2013,21,15
16,2014,23,18
16,2015,17,11
16,2016,16,10
16,2017,23,11
16,2018,21,14
16,2019,11,14
16,2020,18,12
16,2021,21,10
16,2022,33,14
16,2023,24,17
16,2024,16,11
17,1970,122,57
17,2000,49,22
17,2001,43,19
17,2002,38,26
17,2003,40,18
17,2004,43,16
17,2005,31,14
17,2006,35,14
17,2007,37,17
17,2008,33,21
17,2009,29,15
17,2010,30,10
17,2011,22,19
17,2012,30,18
17,2013,24,17
17,2014,24,22
17,2015,24,13
17,2016,25,12
17,2017,34,18
17,2018,32,21
17,2019,26,20
17,2020,24,16
17,2021,17,13
17,2022,28,13
17,2023,23,11
17,2024,26,18
18,1970,130,52
18,2000,70,21
18,2001,40,20
18,2002,67,18
18,2003,46,30
18,2004,42,18
18,2005,48,17
18,2006,32,14
18,2007,47,20
18,2008,28,15
18,2009,38,24
18,2010,40,17
18,2011,40,18
18,2012,27,10
18,2013,36,16
18,2014,39,17
18,2015,36,11
18,2016,27,21
18,2017,36,19
18,2018,21,13
18,2019,31,18
18,2020,30,13
18,2021,29,9
18,2022,32,23
18,2023,51,12
18,2024,32,17
19,1970,138,46
19,2000,69,29
19,2001,65,19
19,2002,68,31
19,2003,56,23
19,2004,51,15
19,2005,40,20
19,2006,35,17
19,2007,43,15
19,2008,47,17
19,2009,43,23
19,2010,39,21
19,2011,35,19
19,2012,32,20
19,2013,43,20
19,2014,36,16
19,2015,33,18
19,2016,31,18
19,2017,41,11
19,2018,42,18
19,2019,44,21
19,2020,37,21
19,2021,41,16
19,2022,50,18
19,2023,41,17
19,2024,36,23
20,1970,131,50
20,2000,69,24
20,2001,58,23
20,2002,66,19
20,2003,44,19
20,2004,55,24
20,2005,50,24
20,2006,50,11
20,2007,52,33
20,2008,45,20
20,2009,42,17
20,2010,53,5
20,2011,60,19
20,2012,36,20
20,2013,36,21
20,2014,21,17
20,2015,34,16
20,2016,36,26
20,2017,44,12
20,2018,40,19
20,2019,48,15
20,2020,44,22
20,2021,48,23
20,2022,57,19
20,2023,50,25
20,2024,35,14
21,1970,156,58
21,2000,75,30
21,2001,55,20
21,2002,58,18
21,2003,54,22
21,2004,42,20
21,2005,46,27
21,2006,48,22
21,2007,58,24
21,2008,49,19
21,2009,45,25
21,2010,42,16
21,2011,43,20
21,2012,52,21
21,2013,40,22
21,2014,35,19
21,2015,35,19
21,2016,46,12
21,2017,31,15
21,2018,37,18
21,2019,41,19
21,2020,36,30
21,2021,44,21
21,2022,54,27
21,2023,38,23
21,2024,56,19
22,1970,131,56
22,2000,64,28
22,2001,71,25
22,2002,54,26
22,2003,61,27
22,2004,48,25
22,2005,37,31
22,2006,50,19
22,2007,38,18
22,2008,55,25
22,2009,45,21
22,2010,52,19
22,2011,42,19
22,2012,41,13
22,2013,39,18
22,2014,29,17
22,2015,40,7
22,2016,48,21
22,2017,34,21
22,2018,45,16
22,2019,51,26
22,2020,32,18
22,2021,48,20
22,2022,44,30
22,2023,46,19
22,2024,45,30
23,1970,146,62
23,2000,63,26
23,2001,62,29
23,2002,62,21
23,2003,49,26
23,2004,45,19
23,2005,52,27
23,2006,55,21
23,2007,48,21
23,2008,41,20
23,2009,44,16
23,2010,44,21
23,2011,44,14
23,2012,60,18
23,2013,35,22
23,2014,33,21
23,2015,38,17
23,2016,45,22
23,2017,51,22
23,2018,32,22
23,2019,41,27
23,2020,49,14
23,2021,47,29
23,2022,48,14
23,2023,41,24
23,2024,43,23
24,1970,103,39
24,2000,69,27
24,2001,62,21
24,2002,62,40
24,2003,57,25
24,2004,60,24
24,2005,46,16
24,2006,44,12
24,2007,49,18
24,2008,47,23
24,2009,45,13
24,2010,42,17
24,2011,43,23
24,2012,48,21
24,2013,44,17
24,2014,47,27
24,2015,56,14
24,2016,36,23
24,2017,54,20
24,2018,50,11
24,2019,39,22
24,2020,39,15
24,2021,38,16
24,2022,36,26
24,2023,62,33
24,2024,50,27
25,1970,82,40
25,2000,65,32
25,2001,58,34
25,2002,52,32
25,2003,57,30
25,2004,44,24
25,2005,48,24
25,2006,51,19
25,2007,35,18
25,2008,31,26
25,2009,53,26
25,2010,40,17
25,2011,34,20
25,2012,47,13
25,2013,42,16
25,2014,52,23
25,2015,46,26
25,2016,46,18
25,2017,53,17
25,2018,46,27
25,2019,42,15
25,2020,35,23
25,2021,53,23
25,2022,46,22
25,2023,42,25
25,2024,44,29
26,1970,97,37
26,2000,73,35
26,2001,62,28
26,2002,72,28
26,2003,58,24
26,2004,54,25
26,2005,56,20
26,2006,42,26
26,2007,51,10
26,2008,45,22
26,2009,59,21
26,2010,47,23
26,2011,43,23
26,2012,49,23
26,2013,57,22
26,2014,44,23
26,2015,58,22
26,2016,50,26
26,2017,51,17
26,2018,46,27
26,2019,46,25
26,2020,49,22
26,2021,49,21
26,2022,49,26
26,2023,48,35
26,2024,44,21
27,1970,81,51
27,2000,66,35
27,2001,77,24
27,2002,48,43
27,2003,51,40
27,2004,53,26
27,2005,49,24
27,2006,50,22
27,2007,31,34
27,2008,47,29
27,2009,40,32
27,2010,31,16
27,2011,48,30
27,2012,44,17
27,2013,55,22
27,2014,41,18
27,2015,49,16
27,2016,46,24
27,2017,46,20
27,2018,54,17
27,2019,51,30
27,2020,50,28
27,2021,58,30
27,2022,49,25
27,2023,47,29
27,2024,47,33
28,1970,92,44
28,2000,69,46
28,2001,70,38
28,2002,67,39
28,2003,76,35
28,2004,64,29
28,2005,45,30
28,2006,50,35
28,2007,58,32
28,2008,57,19
28,2009,43,20
28,2010,37,20
28,2011,48,23
28,2012,43,17
28,2013,43,27
28,2014,49,34
28,2015,44,29
28,2016,43,42
28,2017,60,21
28,2018,52,26
28,2019,50,34
28,2020,51,26
28,2021,50,27
28,2022,49,26
28,2023,65,24
28,2024,56,39
29,1970,102,53
29,2000,87,33
29,2001,84,51
29,2002,67,41
29,2003,70,44
29,2004,70,35
29,2005,59,30
29,2006,51,27
29,2007,60,24
29,2008,64,39
29,2009,48,31
29,2010,54,33
29,2011,55,32
29,2012,55,28
29,2013,69,28
29,2014,48,32
29,2015,44,28
29,2016,45,26
29,2017,50,23
29,2018,55,32
29,2019,44,33
29,2020,58,31
29,2021,64,37
29,2022,50,36
29,2023,66,28
29,2024,54,42
30,1970,78,40
30,2000,86,49
30,2001,111,50
30,2002,86,37
30,2003,70,44
30,2004,67,39
30,2005,67,38
30,2006,60,41
30,2007,59,43
30,2008,51,28
30,2009,48,20
30,2010,39,37
30,2011,41,28
30,2012,46,31
30,2013,48,25
30,2014,51,31
30,2015,55,34
30,2016,54,37
30,2017,49,29
30,2018,64,30
30,2019,45,31
30,2020,63,21
30,2021,61,33
30,2022,61,38
30,2023,56,33
30,2024,59,35
31,1970,92,52
31,2000,94,62
31,2001,109,53
31,2002,104,56
31,2003,94,44
31,2004,77,42
31,2005,55,48
31,2006,61,34
31,2007,64,31
31,2008,63,36
31,2009,46,31
31,2010,60,32
31,2011,54,35
31,2012,58,37
31,2013,39,31
31,2014,56,27
31,2015,57,19
31,2016,52,38
31,2017,48,34
31,2018,61,32
31,2019,57,28
31,2020,53,40
31,2021,70,38
31,2022,71,41
31,2023,73,30
31,2024,64,45
32,1970,100,58
32,2000,105,52
32,2001,82,71
32,2002,104,70
32,2003,87,44
32,2004,76,49
32,2005,65,43
32,2006,74,36
32,2007,55,40
32,2008,65,34
32,2009,60,41
32,2010,54,38
32,2011,59,40
32,2012,65,32
32,2013,44,34
32,2014,54,24
32,2015,51,26
32,2016,65,38
32,2017,62,28
32,2018,56,40
32,2019,56,39
32,2020,53,36
32,2021,56,46
32,2022,50,37
32,2023,70,34
32,2024,73,38
33,1970,108,54
33,2000,107,63
33,2001,99,52
33,2002,108,63
33,2003,104,62
33,2004,84,63
33,2005,87,66
33,2006,71,52
33,2007,69,44
33,2008,66,32
33,2009,58,38
33,2010,66,33
33,2011,52,39
33,2012,73,40
33,2013,40,40
33,2014,66,46
33,2015,62,33
33,2016,60,36
33,2017,71,35
33,2018,53,38
33,2019,57,42
33,2020,71,39
33,2021,55,51
33,2022,79,46
33,2023,76,40
33,2024,75,49
34,1970,84,64
34,2000,102,74
34,2001,122,84
34,2002,115,80
34,2003,116,61
34,2004,102,72
34,2005,100,59
34,2006,83,70
34,2007,75,43
34,2008,58,40
34,2009,59,36
34,2010,65,50
34,2011,66,31
34,2012,69,38
34,2013,65,30
34,2014,58,31
34,2015,53,50
34,2016,63,37
34,2017,41,47
34,2018,54,33
34,2019,67,44
34,2020,74,56
34,2021,77,44
34,2022,74,48
34,2023,73,50
34,2024,69,55
35,1970,94,85
35,2000,121,80
35,2001,122,76
35,2002,110,87
35,2003,107,77
35,2004,117,67
35,2005,119,81
35,2006,87,64
35,2007,97,63
35,2008,91,61
35,2009,80,46
35,2010,67,44
35,2011,54,41
35,2012,68,37
35,2013,82,44
35,2014,79,38
35,2015,70,43
35,2016,76,52
35,2017,65,36
35,2018,70,37
35,2019,75,46
35,2020,78,33
35,2021,74,44
35,2022,67,40
35,2023,76,56
35,2024,90,54
36,1970,119,63
36,2000,125,90
36,2001,117,86
36,2002,130,86
36,2003,114,80
36,2004,107,73
36,2005,110,88
36,2006,112,69
36,2007,106,71
36,2008,91,60
36,2009,81,60
36,2010,57,59
36,2011,77,51
36,2012,57,44
36,2013,61,41
36,2014,63,43
36,2015,65,45
36,2016,57,51
36,2017,70,40
36,2018,73,37
36,2019,76,38
36,2020,69,52
36,2021,77,54
36,2022,76,42
36,2023,77,44
36,2024,99,54
37,1970,109,54
37,2000,134,119
37,2001,149,94
37,2002,142,96
37,2003,125,87
37,2004,131,81
37,2005,108,86
37,2006,126,77
37,2007,100,74
37,2008,112,69
37,2009,88,70
37,2010,84,59
37,2011,85,73
37,2012,65,63
37,2013,74,48
37,2014,80,47
37,2015,77,48
37,2016,70,56
37,2017,79,50
37,2018,83,54
37,2019,63,38
37,2020,87,58
37,2021,80,48
37,2022,82,60
37,2023,101,56
37,2024,95,55
38,1970,144,89
38,2000,143,113
38,2001,142,131
38,2002,165,89
38,2003,129,100
38,2004,144,93
38,2005,130,83
38,2006,108,89
38,2007,131,76
38,2008,120,93
38,2009,102,81
38,2010,109,64
38,2011,106,76
38,2012,84,59
38,2013,76,60
38,2014,80,49
38,2015,82,39
38,2016,68,53
38,2017,76,56
38,2018,81,45
38,2019,90,55
38,2020,96,61
38,2021,94,73
38,2022,93,72
38,2023,87,55
38,2024,91,68
39,1970,144,105
39,2000,159,107
39,2001,167,111
39,2002,169,126
39,2003,178,134
39,2004,155,108
39,2005,134,105
39,2006,152,81
39,2007,136,79
39,2008,135,81
39,2009,131,94
39,2010,139,92
39,2011,112,79
39,2012,98,74
39,2013,92,71
39,2014,75,60
39,2015,91,64
39,2016,63,62
39,2017,86,74
39,2018,83,58
39,2019,88,53
39,2020,94,57
39,2021,77,48
39,2022,79,59
39,2023,111,59
39,2024,101,59
40,1970,168,109
40,2000,181,143
40,2001,153,128
40,2002,162,115
40,2003,193,129
40,2004,147,123
40,2005,152,123
40,2006,139,115
40,2007,158,87
40,2008,156,97
40,2009,137,106
40,2010,143,100
40,2011,124,105
40,2012,131,90
40,2013,109,67
40,2014,98,70
40,2015,93,65
40,2016,94,75
40,2017,84,47
40,2018,78,60
40,2019,89,74
40,2020,102,72
40,2021,95,85
40,2022,105,61
40,2023,113,73
40,2024,108,69
41,1970,160,100
41,2000,207,149
41,2001,195,135
41,2002,166,138
41,2003,182,134
41,2004,202,135
41,2005,171,141
41,2006,152,129
41,2007,152,117
41,2008,157,123
41,2009,148,107
41,2010,147,105
41,2011,143,113
41,2012,146,110
41,2013,146,103
41,2014,114,104
41,2015,109,70
41,2016,100,65
41,2017,87,77
41,2018,96,72
41,2019,115,65
41,2020,111,78
41,2021,117,78
41,2022,122,72
41,2023,112,77
41,2024,118,81
42,1970,197,122
42,2000,212,153
42,2001,213,166
42,2002,216,158
42,2003,219,155
42,2004,209,176
42,2005,193,143
42,2006,184,129
42,2007,148,125
42,2008,175,128
42,2009,159,125
42,2010,153,118
42,2011,158,116
42,2012,143,115
42,2013,140,92
42,2014,126,107
42,2015,133,92
42,2016,119,82
42,2017,111,89
42,2018,118,83
42,2019,115,77
42,2020,136,75
42,2021,113,87
42,2022,140,90
42,2023,112,88
42,2024,110,112
43,1970,208,146
43,2000,263,152
43,2001,230,160
43,2002,213,155
43,2003,273,188
43,2004,200,153
43,2005,218,171
43,2006,216,128
43,2007,167,147
43,2008,186,137
43,2009,158,156
43,2010,150,128
43,2011,151,142
43,2012,180,140
43,2013,175,124
43,2014,171,118
43,2015,141,120
43,2016,163,91
43,2017,141,99
43,2018,113,91
43,2019,125,82
43,2020,105,99
43,2021,126,93
43,2022,116,112
43,2023,144,97
43,2024,140,90
44,1970,228,143
44,2000,265,213
44,2001,254,185
44,2002,255,216
44,2003,243,195
44,2004,242,177
44,2005,209,189
44,2006,173,200
44,2007,178,175
44,2008,223,158
44,2009,234,153
44,2010,199,142
44,2011,179,147
44,2012,157,124
44,2013,173,133
44,2014,191,133
44,2015,144,132
44,2016,181,128
44,2017,169,117
44,2018,152,108
44,2019,134,93
44,2020,118,105
44,2021,135,97
44,2022,150,93
44,2023,125,95
44,2024,166,98
45,1970,255,187
45,2000,269,235
45,2001,279,218
45,2002,278,204
45,2003,288,225
45,2004,252,204
45,2005,249,173
45,2006,228,176
45,2007,218,162
45,2008,218,185
45,2009,232,181
45,2010,193,178
45,2011,200,164
45,2012,211,160
45,2013,153,135
45,2014,188,151
45,2015,194,143
45,2016,212,141
45,2017,166,115
45,2018,152,120
45,2019,150,112
45,2020,169,109
45,2021,162,130
45,2022,149,106
45,2023,156,109
45,2024,166,102
46,1970,289,201
46,2000,292,238
46,2001,288,239
46,2002,295,259
46,2003,294,225
46,2004,246,248
46,2005,226,222
46,2006,254,229
46,2007,243,205
46,2008,244,210
46,2009,235,202
46,2010,271,213
46,2011,235,194
46,2012,193,194
46,2013,210,184
46,2014,203,179
46,2015,243,154
46,2016,213,166
46,2017,204,151
46,2018,201,162
46,2019,166,142
46,2020,199,132
46,2021,174,128
46,2022,182,126
46,2023,167,126
46,2024,169,125
47,1970,317,237
47,2000,363,286
47,2001,388,263
47,2002,315,275
47,2003,311,265
47,2004,319,264
47,2005,305,242
47,2006,278,225
47,2007,254,240
47,2008,285,222
47,2009,271,218
47,2010,262,182
47,2011,269,244
47,2012,266,226
47,2013,240,195
47,2014,237,172
47,2015,222,182
47,2016,230,169
47,2017,251,183
47,2018,232,149
47,2019,208,155
47,2020,186,158
47,2021,211,127
47,2022,186,140
47,2023,172,101
47,2024,188,133
48,1970,344,204
48,2000,345,264
48,2001,346,251
48,2002,352,300
48,2003,331,290
48,2004,359,302
48,2005,334,256
48,2006,336,251
48,2007,324,250
48,2008,298,239
48,2009,304,234
48,2010,292,250
48,2011,300,232
48,2012,293,238
48,2013,282,222
48,2014,295,207
48,2015,257,210
48,2016,244,207
48,2017,262,212
48,2018,257,178
48,2019,227,151
48,2020,270,176
48,2021,214,171
48,2022,240,178
48,2023,202,133
48,2024,196,143
49,1970,438,263
49,2000,400,290
49,2001,369,302
49,2002,387,290
49,2003,386,299
49,2004,339,277
49,2005,368,289
49,2006,337,272
49,2007,330,263
49,2008,334,287
49,2009,304,258
49,2010,331,218
49,2011,314,274
49,2012,315,266
49,2013,299,267
49,2014,292,228
49,2015,304,226
49,2016,256,205
49,2017,282,216
49,2018,265,190
49,2019,286,207
49,2020,302,194
49,2021,299,193
49,2022,257,213
49,2023,219,169
49,2024,207,180
50,1970,459,230
50,2000,414,274
50,2001,451,274
50,2002,423,322
50,2003,422,331
50,2004,429,325
50,2005,394,319
50,2006,383,297
50,2007,335,271
50,2008,381,287
50,2009,356,323
50,2010,367,286
50,2011,341,282
50,2012,371,282
50,2013,358,236
50,2014,369,274
50,2015,324,242
50,2016,293,255
50,2017,291,235
50,2018,282,228
50,2019,305,212
50,2020,342,233
50,2021,349,271
50,2022,304,216
50,2023,295,211
50,2024,238,212
51,1970,389,242
51,2000,474,328
51,2001,489,342
51,2002,450,310
51,2003,459,341
51,2004,405,341
51,2005,459,302
51,2006,406,329
51,2007,368,316
51,2008,425,357
51,2009,422,309
51,2010,373,333
51,2011,390,319
51,2012,363,306
51,2013,381,308
51,2014,332,297
51,2015,385,316
51,2016,360,323
51,2017,323,240
51,2018,349,268
51,2019,334,249
51,2020,397,274
51,2021,372,265
51,2022,378,262
51,2023,335,217
51,2024,316,206
52,1970,545,259
52,2000,559,413
52,2001,528,382
52,2002,475,371
52,2003,530,366
52,2004,539,354
52,2005,413,371
52,2006,472,371
52,2007,445,350
52,2008,446,327
52,2009,419,346
52,2010,440,324
52,2011,391,338
52,2012,427,317
52,2013,418,296
52,2014,379,305
52,2015,389,301
52,2016,390,350
52,2017,392,284
52,2018,365,262
52,2019,348,291
52,2020,422,260
52,2021,393,284
52,2022,433,272
52,2023,361,289
52,2024,355,272
53,1970,537,325
53,2000,701,408
53,2001,631,414
53,2002,548,412
53,2003,548,380
53,2004,544,396
53,2005,492,344
53,2006,467,351
53,2007,461,336
53,2008,488,371
53,2009,464,353
53,2010,414,374
53,2011,440,391
53,2012,460,376
53,2013,471,372
53,2014,466,342
53,2015,427,319
53,2016,445,342
53,2017,430,323
53,2018,412,327
53,2019,408,305
53,2020,453,276
53,2021,455,298
53,2022,447,309
53,2023,455,295
53,2024,408,332
54,1970,591,352
54,2000,601,380
54,2001,680,472
54,2002,678,465
54,2003,585,453
54,2004,569,405
54,2005,549,376
54,2006,537,398
54,2007,466,408
54,2008,482,355
54,2009,492,414
54,2010,527,383
54,2011,469,395
54,2012,496,377
54,2013,503,385
54,2014,527,356
54,2015,476,392
54,2016,478,389
54,2017,505,370
54,2018,485,371
54,2019,428,326
54,2020,444,321
54,2021,477,345
54,2022,485,338
54,2023,424,321
54,2024,471,335
55,1970,705,342
55,2000,647,391
55,2001,625,388
55,2002,807,512
55,2003,723,469
55,2004,668,412
55,2005,615,449
55,2006,565,411
55,2007,559,409
55,2008,582,430
55,2009,559,418
55,2010,561,427
55,2011,529,418
55,2012,525,406
55,2013,543,395
55,2014,507,415
55,2015,531,419
55,2016,524,401
55,2017,513,434
55,2018,500,395
55,2019,505,381
55,2020,492,348
55,2021,534,384
55,2022,528,383
55,2023,479,356
55,2024,535,360
56,1970,801,404
56,2000,747,430
56,2001,686,450
56,2002,696,509
56,2003,797,518
56,2004,702,481
56,2005,678,445
56,2006,618,439
56,2007,614,417
56,2008,619,429
56,2009,665,442
56,2010,605,468
56,2011,614,455
56,2012,583,416
56,2013,589,447
56,2014,538,411
56,2015,535,440
56,2016,602,479
56,2017,523,404
56,2018,546,431
56,2019,539,411
56,2020,507,421
56,2021,635,474
56,2022,543,439
56,2023,543,353
56,2024,490,384
57,1970,782,399
57,2000,678,431
57,2001,733,483
57,2002,712,442
57,2003,817,502
57,2004,909,571
57,2005,710,549
57,2006,721,513
57,2007,695,469
57,2008,652,456
57,2009,660,430
57,2010,651,459
57,2011,642,457
57,2012,663,489
57,2013,676,453
57,2014,611,451
57,2015,605,456
57,2016,639,516
57,2017,569,450
57,2018,619,509
57,2019,621,423
57,2020,562,419
57,2021,661,475
57,2022,622,439
57,2023,637,431
57,2024,582,446
58,1970,907,439
58,2000,717,417
58,2001,772,447
58,2002,772,452
58,2003,820,484
58,2004,848,533
58,2005,875,597
58,2006,811,561
58,2007,789,548
58,2008,709,517
58,2009,707,455
58,2010,697,516
58,2011,728,514
58,2012,684,531
58,2013,680,478
58,2014,638,499
58,2015,689,511
58,2016,622,514
58,2017,684,517
58,2018,676,481
58,2019,645,498
58,2020,668,474
58,2021,752,494
58,2022,702,533
58,2023,692,481
58,2024,653,461
59,1970,919,470
59,2000,772,443
59,2001,744,448
59,2002,742,465
59,2003,801,531
59,2004,819,511
59,2005,793,520
59,2006,951,608
59,2007,940,567
59,2008,842,580
59,2009,719,526
59,2010,786,519
59,2011,737,541
59,2012,794,551
59,2013,764,533
59,2014,710,555
59,2015,723,551
59,2016,710,557
59,2017,725,526
59,2018,748,564
59,2019,718,526
59,2020,766,492
59,2021,779,593
59,2022,705,539
59,2023,757,549
59,2024,741,517
60,1970,1042,501
60,2000,826,486
60,2001,802,478
60,2002,821,495
60,2003,852,538
60,2004,905,516
60,2005,847,558
60,2006,887,573
60,2007,1002,695
60,2008,966,685
60,2009,889,577
60,2010,865,585
60,2011,765,558
60,2012,775,611
60,2013,809,618
60,2014,809,547
60,2015,799,587
60,2016,808,577
60,2017,806,592
60,2018,774,622
60,2019,776,570
60,2020,806,569
60,2021,831,648
60,2022,801,604
60,2023,830,566
60,2024,778,560
61,1970,1114,575
61,2000,855,547
61,2001,848,554
61,2002,879,548
61,2003,882,494
61,2004,853,573
61,2005,949,573
61,2006,924,589
61,2007,904,623
61,2008,1108,733
61,2009,1090,696
61,2010,885,647
61,2011,849,599
61,2012,856,602
61,2013,849,628
61,2014,871,623
61,2015,852,660
61,2016,855,610
61,2017,844,622
61,2018,851,627
61,2019,798,623
61,2020,894,614
61,2021,841,690
61,2022,861,612
61,2023,819,647
61,2024,826,643
62,1970,1241,662
62,2000,916,509
62,2001,884,540
62,2002,935,564
62,2003,932,561
62,2004,905,538
62,2005,964,503
62,2006,1008,588
62,2007,933,596
62,2008,1019,689
62,2009,1178,795
62,2010,1070,722
62,2011,933,670
62,2012,973,671
62,2013,904,678
62,2014,936,654
62,2015,936,671
62,2016,964,703
62,2017,899,694
62,2018,931,681
62,2019,866,671
62,2020,892,695
62,2021,1030,732
62,2022,936,690
62,2023,928,665
62,2024,926,680
63,1970,1310,663
63,2000,1063,555
63,2001,1013,591
63,2002,1063,615
63,2003,993,562
63,2004,980,557
63,2005,917,572
63,2006,956,581
63,2007,1076,568
63,2008,924,613
63,2009,1072,659
63,2010,1327,807
63,2011,1161,767
63,2012,1074,743
63,2013,1019,738
63,2014,941,705
63,2015,1012,765
63,2016,1054,709
63,2017,997,722
63,2018,991,715
63,2019,916,707
63,2020,1086,747
63,2021,1045,752
63,2022,1041,755
63,2023,971,805
63,2024,1026,745
64,1970,1327,727
64,2000,1112,645
64,2001,1101,589
64,2002,1108,634
64,2003,1058,621
64,2004,1032,592
64,2005,1022,645
64,2006,980,590
64,2007,995,629
64,2008,1102,704
64,2009,1102,677
64,2010,1169,670
64,2011,1299,873
64,2012,1236,852
64,2013,1155,782
64,2014,1081,713
64,2015,1057,725
64,2016,1051,727
64,2017,1061,734
64,2018,1082,784
64,2019,1050,761
64,2020,1134,815
64,2021,1130,864
64,2022,1108,781
64,2023,1124,823
64,2024,1055,836
65,1970,1373,804
65,2000,1200,676
65,2001,1135,607
65,2002,1114,672
65,2003,1171,672
65,2004,1128,661
65,2005,1174,624
65,2006,1056,636
65,2007,1078,606
65,2008,1106,673
65,2009,1178,703
65,2010,1219,723
65,2011,1197,763
65,2012,1410,1002
65,2013,1345,886
65,2014,1170,861
65,2015,1239,837
65,2016,1183,846
65,2017,1112,756
65,2018,1166,831
65,2019,1131,809
65,2020,1173,812
65,2021,1275,943
65,2022,1198,873
65,2023,1128,867
65,2024,1202,846
66,1970,1518,820
66,2000,1353,731
66,2001,1262,727
66,2002,1218,739
66,2003,1207,732
66,2004,1212,670
66,2005,1210,673
66,2006,1080,672
66,2007,1135,656
66,2008,1070,647
66,2009,1133,678
66,2010,1274,809
66,2011,1238,863
66,2012,1316,825
66,2013,1532,974
66,2014,1307,901
66,2015,1361,927
66,2016,1259,848
66,2017,1226,899
66,2018,1286,896
66,2019,1199,840
66,2020,1305,890
66,2021,1283,947
66,2022,1230,935
66,2023,1274,908
66,2024,1212,979
67,1970,1542,920
67,2000,1455,775
67,2001,1382,780
67,2002,1355,745
67,2003,1281,722
67,2004,1202,730
67,2005,1180,721
67,2006,1273,745
67,2007,1209,735
67,2008,1198,749
67,2009,1191,692
67,2010,1238,742
67,2011,1224,804
67,2012,1284,831
67,2013,1389,892
67,2014,1562,1061
67,2015,1492,1054
67,2016,1471,1019
67,2017,1316,909
67,2018,1308,882
67,2019,1259,915
67,2020,1416,987
67,2021,1432,1037
67,2022,1386,1034
67,2023,1420,1015
67,2024,1348,1040
68,1970,1652,1000
68,2000,1496,957
68,2001,1536,894
68,2002,1431,841
68,2003,1429,848
68,2004,1340,792
68,2005,1304,764
68,2006,1269,766
68,2007,1270,774
68,2008,1245,798
68,2009,1298,757
68,2010,1266,730
68,2011,1244,817
68,2012,1384,908
68,2013,1396,927
68,2014,1467,968
68,2015,1711,1154
68,2016,1628,1126
68,2017,1466,999
68,2018,1454,939
68,2019,1367,1022
68,2020,1532,1086
68,2021,1526,1117
68,2022,1417,1090
68,2023,1466,1097
68,2024,1404,1128
69,1970,1621,1064
69,2000,1590,972
69,2001,1586,968
69,2002,1643,944
69,2003,1449,916
69,2004,1514,892
69,2005,1407,816
69,2006,1377,802
69,2007,1349,884
69,2008,1318,825
69,2009,1292,854
69,2010,1378,887
69,2011,1304,845
69,2012,1370,868
69,2013,1509,989
69,2014,1445,983
69,2015,1580,1035
69,2016,1822,1242
69,2017,1730,1131
69,2018,1607,1085
69,2019,1544,1066
69,2020,1565,1087
69,2021,1712,1194
69,2022,1636,1202
69,2023,1583,1250
69,2024,1638,1169
70,1970,1578,1129
70,2000,1770,1094
70,2001,1800,1052
70,2002,1701,1113
70,2003,1536,998
70,2004,1561,948
70,2005,1472,894
70,2006,1535,854
70,2007,1423,813
70,2008,1374,878
70,2009,1452,878
70,2010,1394,861
70,2011,1372,944
70,2012,1432,907
70,2013,1508,898
70,2014,1536,1028
70,2015,1620,1097
70,2016,1682,1179
70,2017,1850,1351
70,2018,1835,1265
70,2019,1691,1228
70,2020,1764,1186
70,2021,1900,1267
70,2022,1718,1240
70,2023,1671,1217
70,2024,1618,1306
71,1970,1689,1278
71,2000,1818,1135
71,2001,1788,1133
71,2002,1790,1153
71,2003,1836,1132
71,2004,1661,1083
71,2005,1634,1010
71,2006,1578,999
71,2007,1523,944
71,2008,1493,943
71,2009,1455,925
71,2010,1502,914
71,2011,1507,966
71,2012,1520,1066
71,2013,1462,950
71,2014,1438,1012
71,2015,1774,1185
71,2016,1650,1131
71,2017,1852,1228
71,2018,2118,1462
71,2019,1844,1340
71,2020,2056,1372
71,2021,2098,1337
71,2022,1850,1345
71,2023,1805,1343
71,2024,1880,1409
72,1970,1781,1291
72,2000,1973,1256
72,2001,1942,1341
72,2002,1964,1217
72,2003,1985,1263
72,2004,1798,1177
72,2005,1772,1147
72,2006,1635,1043
72,2007,1579,1060
72,2008,1573,1019
72,2009,1567,1002
72,2010,1549,1023
72,2011,1516,988
72,2012,1592,1041
72,2013,1587,999
72,2014,1544,1058
72,2015,1622,1091
72,2016,1785,1189
72,2017,1759,1209
72,2018,1947,1349
72,2019,2175,1549
72,2020,2243,1559
72,2021,2156,1480
72,2022,2013,1486
72,2023,1971,1444
72,2024,1958,1474
73,1970,1737,1423
73,2000,2012,1305
73,2001,2054,1389
73,2002,2031,1423
73,2003,2039,1297
73,2004,2028,1262
73,2005,1829,1213
73,2006,1787,1177
73,2007,1676,1190
73,2008,1626,1144
73,2009,1698,1051
73,2010,1651,1104
73,2011,1644,1112
73,2012,1707,1106
73,2013,1780,1170
73,2014,1595,1141
73,2015,1637,1111
73,2016,1745,1181
73,2017,1855,1273
73,2018,1886,1395
73,2019,1998,1449
73,2020,2507,1773
73,2021,2485,1698
73,2022,2271,1617
73,2023,2128,1596
73,2024,2024,1526
74,1970,1817,1505
74,2000,2077,1518
74,2001,2087,1382
74,2002,2150,1430
74,2003,1974,1474
74,2004,2037,1379
74,2005,2010,1441
74,2006,1870,1384
74,2007,1883,1213
74,2008,1746,1201
74,2009,1856,1141
74,2010,1698,1261
74,2011,1690,1201
74,2012,1713,1171
74,2013,1717,1194
74,2014,1740,1195
74,2015,1858,1234
74,2016,1856,1277
74,2017,1857,1303
74,2018,2024,1425
74,2019,1968,1423
74,2020,2418,1633
74,2021,2707,2079
74,2022,2598,1880
74,2023,2434,1737
74,2024,2267,1686
75,1970,1801,1543
75,2000,2253,1676
75,2001,2247,1618
75,2002,2124,1582
75,2003,2103,1588
75,2004,2029,1507
75,2005,2051,1483
75,2006,1958,1456
75,2007,1992,1436
75,2008,1829,1323
75,2009,1966,1224
75,2010,1925,1319
75,2011,1828,1299
75,2012,1791,1300
75,2013,1857,1308
75,2014,1802,1294
75,2015,1939,1274
75,2016,1887,1348
75,2017,1850,1383
75,2018,2000,1428
75,2019,2167,1598
75,2020,2395,1698
75,2021,2603,1870
75,2022,2906,2233
75,2023,2568,2044
75,2024,2546,1949
76,1970,1842,1610
76,2000,2359,1786
76,2001,2263,1822
76,2002,2323,1761
76,2003,2251,1684
76,2004,2069,1596
76,2005,2210,1573
76,2006,2069,1657
76,2007,2094,1517
76,2008,2069,1448
76,2009,2012,1451
76,2010,2003,1415
76,2011,1933,1463
76,2012,1880,1378
76,2013,1900,1381
76,2014,1907,1392
76,2015,2000,1462
76,2016,2037,1482
76,2017,2025,1529
76,2018,1952,1548
76,2019,2094,1542
76,2020,2599,1834
76,2021,2637,1909
76,2022,2732,2017
76,2023,3134,2343
76,2024,2877,2198
77,1970,1738,1673
77,2000,2432,1907
77,2001,2434,2027
77,2002,2358,1958
77,2003,2281,1898
77,2004,2248,1766
77,2005,2228,1799
77,2006,2229,1703
77,2007,2152,1642
77,2008,2205,1707
77,2009,2050,1624
77,2010,2133,1583
77,2011,1929,1479
77,2012,2048,1502
77,2013,2024,1492
77,2014,1894,1484
77,2015,2085,1579
77,2016,2111,1612
77,2017,2035,1631
77,2018,2191,1637
77,2019,2077,1563
77,2020,2561,1876
77,2021,2712,2015
77,2022,2641,2026
77,2023,2841,2167
77,2024,3274,2602
78,1970,1747,1676
78,2000,2540,2173
78,2001,2411,2203
78,2002,2512,2247
78,2003,2423,2092
78,2004,2201,1922
78,2005,2305,1936
78,2006,2295,1885
78,2007,2310,1794
78,2008,2254,1779
78,2009,2234,1735
78,2010,2257,1738
78,2011,2155,1659
78,2012,2189,1713
78,2013,2035,1599
78,2014,2082,1573
78,2015,2176,1645
78,2016,2141,1677
78,2017,2181,1690
78,2018,2242,1823
78,2019,2233,1785
78,2020,2607,1934
78,2021,2711,1976
78,2022,2787,2112
78,2023,2661,2205
78,2024,2928,2279
79,1970,1716,1718
79,2000,2573,2406
79,2001,2418,2363
79,2002,2555,2289
79,2003,2463,2233
79,2004,2302,2180
79,2005,2310,2060
79,2006,2269,1957
79,2007,2185,1956
79,2008,2257,1974
79,2009,2224,1840
79,2010,2259,1876
79,2011,2262,1842
79,2012,2263,1884
79,2013,2207,1779
79,2014,2148,1711
79,2015,2221,1864
79,2016,2271,1817
79,2017,2365,1795
79,2018,2355,1890
79,2019,2437,1939
79,2020,2740,2118
79,2021,2730,2106
79,2022,2739,2203
79,2023,2910,2286
79,2024,2939,2460
80,1970,1656,1721
80,2000,2484,2504
80,2001,2459,2473
80,2002,2586,2579
80,2003,2550,2464
80,2004,2446,2358
80,2005,2382,2275
80,2006,2359,2204
80,2007,2210,2032
80,2008,2241,2165
80,2009,2385,2082
80,2010,2338,2132
80,2011,2377,2041
80,2012,2373,2088
80,2013,2331,2139
80,2014,2240,1894
80,2015,2344,2045
80,2016,2427,1991
80,2017,2396,2004
80,2018,2430,2003
80,2019,2560,2028
80,2020,2964,2335
80,2021,2895,2327
80,2022,2677,2261
80,2023,2826,2414
80,2024,3017,2542
81,1970,1664,1740
81,2000,2144,2258
81,2001,2509,2651
81,2002,2503,2697
81,2003,2554,2620
81,2004,2454,2523
81,2005,2516,2453
81,2006,2298,2391
81,2007,2275,2265
81,2008,2281,2317
81,2009,2309,2261
81,2010,2256,2213
81,2011,2423,2246
81,2012,2447,2306
81,2013,2462,2250
81,2014,2340,2085
81,2015,2449,2271
81,2016,2443,2103
81,2017,2523,2172
81,2018,2433,2115
81,2019,2503,2191
81,2020,2931,2442
81,2021,3019,2521
81,2022,2818,2390
81,2023,2860,2459
81,2024,2872,2434
82,1970,1583,1702
82,2000,2058,2483
82,2001,1963,2382
82,2002,2408,2777
82,2003,2549,2818
82,2004,2317,2799
82,2005,2423,2696
82,2006,2302,2666
82,2007,2309,2458
82,2008,2297,2435
82,2009,2309,2442
82,2010,2316,2418
82,2011,2345,2443
82,2012,2485,2392
82,2013,2453,2403
82,2014,2347,2288
82,2015,2485,2390
82,2016,2515,2336
82,2017,2491,2365
82,2018,2617,2419
82,2019,2560,2357
82,2020,2987,2617
82,2021,3093,2613
82,2022,2993,2761
82,2023,2998,2694
82,2024,2992,2654
83,1970,1461,1632
83,2000,2105,2746
83,2001,2083,2598
83,2002,1958,2615
83,2003,2374,2826
83,2004,2254,2932
83,2005,2392,2775
83,2006,2396,2768
83,2007,2298,2726
83,2008,2289,2738
83,2009,2248,2521
83,2010,2230,2584
83,2011,2255,2539
83,2012,2376,2538
83,2013,2406,2534
83,2014,2439,2672
83,2015,2526,2617
83,2016,2600,2582
83,2017,2483,2552
83,2018,2586,2564
83,2019,2601,2507
83,2020,3093,2742
83,2021,3038,2635
83,2022,2939,2788
83,2023,3153,2925
83,2024,3041,2880
84,1970,1371,1575
84,2000,2037,2818
84,2001,1946,2742
84,2002,2009,2809
84,2003,1911,2599
84,2004,2224,2955
84,2005,2258,2954
84,2006,2153,2991
84,2007,2281,2866
84,2008,2227,2825
84,2009,2190,2748
84,2010,2213,2598
84,2011,2202,2683
84,2012,2390,2739
84,2013,2355,2686
84,2014,2417,2587
84,2015,2610,2744
84,2016,2571,2762
84,2017,2628,2744
84,2018,2508,2706
84,2019,2647,2729
84,2020,3043,2927
84,2021,3027,2968
84,2022,2979,2899
84,2023,2965,2922
84,2024,3088,3076
85,1970,1278,1492
85,2000,1881,2965
85,2001,1814,2793
85,2002,1874,2791
85,2003,1827,2733
85,2004,1711,2608
85,2005,2051,2965
85,2006,2117,3135
85,2007,2147,3015
85,2008,2180,3027
85,2009,2148,2818
85,2010,2047,2814
85,2011,2121,2764
85,2012,2302,2856
85,2013,2361,2850
85,2014,2340,2768
85,2015,2468,3025
85,2016,2690,3015
85,2017,2737,3010
85,2018,2669,3030
85,2019,2681,2774
85,2020,2959,3112
85,2021,2999,3172
85,2022,2924,3140
85,2023,2949,3224
85,2024,3114,3327
86,1970,1151,1304
86,2000,1761,3011
86,2001,1705,2993
86,2002,1734,2778
86,2003,1804,2928
86,2004,1639,2724
86,2005,1654,2634
86,2006,2096,3057
86,2007,2024,3076
86,2008,1973,3102
86,2009,2044,3111
86,2010,2111,2977
86,2011,2025,2991
86,2012,2175,3051
86,2013,2163,2992
86,2014,2108,2905
86,2015,2448,3171
86,2016,2452,3108
86,2017,2534,3146
86,2018,2635,3258
86,2019,2539,3075
86,2020,3038,3439
86,2021,3057,3187
86,2022,2936,3278
86,2023,2961,3188
86,2024,3076,3424
87,1970,970,1220
87,2000,1642,3022
87,2001,1583,2995
87,2002,1693,3011
87,2003,1584,2963
87,2004,1525,2671
87,2005,1536,2681
87,2006,1502,2662
87,2007,1873,3004
87,2008,1878,3071
87,2009,1865,3010
87,2010,1936,3193
87,2011,1898,3105
87,2012,2058,3156
87,2013,2096,3122
87,2014,2114,2952
87,2015,2220,3168
87,2016,2335,3169
87,2017,2360,3373
87,2018,2562,3360
87,2019,2601,3163
87,2020,2824,3583
87,2021,2926,3364
87,2022,2780,3481
87,2023,2826,3201
87,2024,2896,3405
88,1970,842,1054
88,2000,1374,2769
88,2001,1471,2867
88,2002,1526,2935
88,2003,1549,2974
88,2004,1447,2681
88,2005,1386,2683
88,2006,1390,2641
88,2007,1321,2435
88,2008,1729,3098
88,2009,1761,3012
88,2010,1800,3046
88,2011,1880,3055
88,2012,1862,3149
88,2013,1976,3135
88,2014,1949,2961
88,2015,2060,3255
88,2016,2136,3210
88,2017,2238,3257
88,2018,2388,3395
88,2019,2449,3333
88,2020,2878,3671
88,2021,2706,3470
88,2022,2680,3636
88,2023,2688,3435
88,2024,2782,3624
89,1970,723,928
89,2000,1124,2603
89,2001,1218,2677
89,2002,1235,2822
89,2003,1343,2903
89,2004,1253,2664
89,2005,1279,2661
89,2006,1231,2623
89,2007,1293,2509
89,2008,1248,2480
89,2009,1483,2975
89,2010,1626,3055
89,2011,1622,3002
89,2012,1679,3086
89,2013,1737,3132
89,2014,1743,3035
89,2015,1849,3140
89,2016,1973,3250
89,2017,2056,3330
89,2018,2173,3354
89,2019,2175,3254
89,2020,2597,3693
89,2021,2486,3613
89,2022,2460,3544
89,2023,2576,3429
89,2024,2667,3535
90,1970,577,720
90,2000,1005,2520
90,2001,1042,2502
90,2002,1058,2517
90,2003,1162,2702
90,2004,1103,2556
90,2005,1112,2519
90,2006,1036,2507
90,2007,1145,2393
90,2008,1069,2509
90,2009,1081,2399
90,2010,1374,2884
90,2011,1411,2854
90,2012,1621,3105
90,2013,1585,3119
90,2014,1497,3091
90,2015,1731,3100
90,2016,1767,3235
90,2017,1828,3101
90,2018,1935,3264
90,2019,1935,3264
90,2020,2273,3585
90,2021,2319,3481
90,2022,2287,3599
90,2023,2318,3492
90,2024,2389,3566
91,1970,490,605
91,2000,857,2216
91,2001,866,2260
91,2002,850,2383
91,2003,892,2281
91,2004,905,2280
91,2005,936,2425
91,2006,985,2309
91,2007,961,2263
91,2008,969,2338
91,2009,950,2273
91,2010,985,2189
91,2011,1194,2677
91,2012,1343,2896
91,2013,1407,2891
91,2014,1376,2989
91,2015,1485,3132
91,2016,1522,3041
91,2017,1519,3012
91,2018,1681,3074
91,2019,1691,3002
91,2020,1942,3306
91,2021,1944,3307
91,2022,1938,3525
91,2023,1984,3465
91,2024,2063,3300
92,1970,363,477
92,2000,664,2044
92,2001,662,1933
92,2002,679,2205
92,2003,748,2038
92,2004,673,2011
92,2005,761,2087
92,2006,783,2091
92,2007,739,2013
92,2008,783,2052
92,2009,804,1999
92,2010,807,2135
92,2011,814,2045
92,2012,1067,2659
92,2013,1125,2636
92,2014,1165,2546
92,2015,1271,2907
92,2016,1327,2921
92,2017,1290,3022
92,2018,1402,2882
92,2019,1395,2836
92,2020,1585,3041
92,2021,1603,3015
92,2022,1695,3071
92,2023,1804,3132
92,2024,1801,3205
93,1970,295,390
93,2000,478,1645
93,2001,527,1747
93,2002,529,1791
93,2003,593,1797
93,2004,543,1712
93,2005,626,1737
93,2006,641,1864
93,2007,628,1794
93,2008,663,1913
93,2009,637,1805
93,2010,655,1909
93,2011,680,1884
93,2012,703,1843
93,2013,925,2277
93,2014,956,2364
93,2015,1057,2524
93,2016,1048,2453
93,2017,1136,2718
93,2018,1118,2636
93,2019,1205,2547
93,2020,1353,2754
93,2021,1343,2715
93,2022,1403,2849
93,2023,1345,2788
93,2024,1407,2933
94,1970,196,293
94,2000,422,1380
94,2001,410,1457
94,2002,439,1464
94,2003,439,1490
94,2004,417,1389
94,2005,451,1418
94,2006,475,1552
94,2007,478,1518
94,2008,528,1666
94,2009,496,1619
94,2010,533,1571
94,2011,474,1587
94,2012,607,1684
94,2013,550,1631
94,2014,721,1994
94,2015,790,2196
94,2016,818,2250
94,2017,856,2288
94,2018,939,2353
94,2019,907,2158
94,2020,1111,2343
94,2021,1075,2314
94,2022,1048,2377
94,2023,1062,2424
94,2024,1109,2442
95,1970,148,199
95,2000,320,1100
95,2001,325,1140
95,2002,308,1152
95,2003,321,1204
95,2004,311,1183
95,2005,336,1158
95,2006,331,1231
95,2007,339,1245
95,2008,373,1330
95,2009,391,1320
95,2010,385,1351
95,2011,390,1345
95,2012,447,1452
95,2013,452,1478
95,2014,414,1386
95,2015,621,1724
95,2016,647,1907
95,2017,654,1900
95,2018,728,1919
95,2019,683,1821
95,2020,795,1969
95,2021,819,1958
95,2022,885,1988
95,2023,806,2069
95,2024,841,2002
96,1970,107,137
96,2000,217,794
96,2001,236,961
96,2002,213,878
96,2003,228,988
96,2004,208,876
96,2005,241,949
96,2006,230,946
96,2007,245,894
96,2008,273,1023
96,2009,269,1044
96,2010,313,1119
96,2011,291,1081
96,2012,290,1140
96,2013,307,1157
96,2014,330,1109
96,2015,339,1214
96,2016,461,1459
96,2017,483,1475
96,2018,494,1602
96,2019,547,1573
96,2020,601,1644
96,2021,566,1641
96,2022,586,1670
96,2023,600,1575
96,2024,624,1549
97,1970,66,91
97,2000,166,592
97,2001,154,586
97,2002,171,655
97,2003,150,705
97,2004,168,637
97,2005,159,671
97,2006,148,710
97,2007,164,725
97,2008,162,731
97,2009,163,748
97,2010,178,801
97,2011,216,841
97,2012,229,943
97,2013,239,915
97,2014,231,941
97,2015,237,984
97,2016,224,987
97,2017,362,1215
97,2018,326,1210
97,2019,354,1218
97,2020,437,1325
97,2021,416,1258
97,2022,425,1334
97,2023,428,1253
97,2024,435,1220
98,1970,30,75
98,2000,96,429
98,2001,129,455
98,2002,110,473
98,2003,123,478
98,2004,111,490
98,2005,107,488
98,2006,113,538
98,2007,122,499
98,2008,132,606
98,2009,116,572
98,2010,148,584
98,2011,139,606
98,2012,160,666
98,2013,158,753
98,2014,151,719
98,2015,182,708
98,2016,185,702
98,2017,202,727
98,2018,222,843
98,2019,257,817
98,2020,265,903
98,2021,309,938
98,2022,315,979
98,2023,270,931
98,2024,306,890
99,1970,,
99,2000,83,274
99,2001,63,294
99,2002,63,285
99,2003,77,324
99,2004,74,312
99,2005,76,353
99,2006,64,357
99,2007,71,357
99,2008,79,412
99,2009,84,398
99,2010,86,397
99,2011,91,442
99,2012,115,477
99,2013,108,510
99,2014,111,466
99,2015,104,493
99,2016,118,547
99,2017,125,528
99,2018,106,489
99,2019,169,604
99,2020,156,701
99,2021,174,678
99,2022,204,741
99,2023,171,637
99,2024,193,659
100,2000,39,194
100,2001,41,180
100,2002,47,231
100,2003,56,230
100,2004,47,228
100,2005,37,231
100,2006,56,229
100,2007,40,244
100,2008,49,260
100,2009,54,282
100,2010,59,314
100,2011,53,257
100,2012,45,333
100,2013,66,323
100,2014,73,372
100,2015,79,408
100,2016,66,332
100,2017,77,391
100,2018,71,393
100,2019,97,348
100,2020,126,446
100,2021,119,450
100,2022,115,488
100,2023,101,504
100,2024,116,432
101,1970,,
101,2000,29,129
101,2001,31,113
101,2002,30,142
101,2003,21,136
101,2004,24,124
101,2005,28,148
101,2006,30,166
101,2007,21,155
101,2008,26,156
101,2009,26,186
101,2010,35,195
101,2011,44,197
101,2012,32,209
101,2013,40,211
101,2014,41,248
101,2015,51,232
101,2016,33,232
101,2017,50,230
101,2018,47,217
101,2019,51,229
101,2020,58,273
101,2021,72,306
101,2022,91,300
101,2023,55,285
101,2024,65,302
102,1970,,
102,2000,11,78
102,2001,17,77
102,2002,16,90
102,2003,15,86
102,2004,11,90
102,2005,18,102
102,2006,22,86
102,2007,17,92
102,2008,23,85
102,2009,11,118
102,2010,20,122
102,2011,30,127
102,2012,22,142
102,2013,18,131
102,2014,23,149
102,2015,23,153
102,2016,23,145
102,2017,27,164
102,2018,33,171
102,2019,24,143
102,2020,31,147
102,2021,31,168
102,2022,47,199
102,2023,39,188
102,2024,40,209
103,1970,,
103,2000,7,53
103,2001,6,50
103,2002,9,42
103,2003,9,39
103,2004,9,58
103,2005,12,63
103,2006,10,61
103,2007,12,57
103,2008,8,65
103,2009,12,53
103,2010,10,62
103,2011,6,61
103,2012,8,70
103,2013,11,76
103,2014,15,78
103,2015,20,75
103,2016,15,80
103,2017,16,114
103,2018,18,83
103,2019,13,76
103,2020,24,102
103,2021,20,95
103,2022,17,101
103,2023,21,115
103,2024,16,113
104,1970,,
104,2000,2,28
104,2001,1,24
104,2002,1,25
104,2003,5,29
104,2004,9,24
104,2005,11,31
104,2006,2,39
104,2007,4,34
104,2008,1,46
104,2009,2,35
104,2010,5,25
104,2011,3,41
104,2012,6,55
104,2013,8,59
104,2014,5,55
104,2015,7,59
104,2016,4,48
104,2017,8,57
104,2018,9,61
104,2019,7,48
104,2020,12,59
104,2021,11,59
104,2022,12,65
104,2023,5,57
104,2024,13,64
105,1970,,
105,2000,6,26
105,2001,4,29
105,2002,4,21
105,2003,4,28
105,2004,4,28
105,2005,4,20
105,2006,1,37
105,2007,8,22
105,2008,7,32
105,2009,1,37
105,2010,6,43
105,2011,8,42
105,2012,10,44
105,2013,12,51
105,2014,5,55
105,2015,2,54
105,2016,5,48
105,2017,6,59
105,2018,10,65
105,2019,7,63
105,2020,5,60
105,2021,10,65
105,2022,5,61
105,2023,5,60
105,2024,6,54