Country,People vaccined,Total population,Percentage_vaccinated_sop
United Arab Emirates,9514546,9890400,96.2
Chile,16111504,17574003,91.68
Portugal,8975593,10276617,87.34
Malta,425522,493559,86.22
Cuba,9688764,11326616,85.54
Cayman Islands,5578,6572,84.88
Cambodia,13574139,16718971,81.19
Singapore,4733819,5850343,80.92
Spain,37868453,46937060,80.68
Faroe Islands,3889,48865,79.59
Uruguay,2751381,3473727,79.21
Iceland,282338,356991,79.09
Norway,4190626,5328212,78.65
Seychelles,77311,9834,78.62
South Korea,40242429,51269183,78.49
Canada,29532990,37742157,78.25
Brunei Darussalam,339667,437483,77.64
Ireland,3786942,4904240,77.22
Isle of Man,65504,85032,77.03
Denmark,4465486,5806081,76.91
Aruba,82054,106766,76.85
Malaysia,24716279,32365998,76.36
Bhutan,585479,771612,75.88
Finland,4181337,5517919,75.78
France,50780417,67012883,75.78
Japan,94599325,126476458,74.8
Netherlands,12876117,17282163,74.51
United Kingdom,49398211,66647112,74.12
Jersey,78161,1055,74.09
San Marino,25084,33938,73.91
Italy,44603762,60359546,73.9
Turks and Caicos Islands,28305,38718,73.11
New Zealand,3512376,4822233,72.84
Maldives,393501,540541,72.8
Bermuda,45017,62273,72.29
Belgium,8252600,11455519,72.04
Australia,18293506,25499881,71.74
Tokelau,968,135,71.7
Israel,6201766,8655541,71.65
Brazil,151560034,212559409,71.3
Greenland,40015,56772,70.48
Sweden,7209695,10230185,70.47
Andorra,54312,77265,70.29
Mauritius,881907,1271767,69.35
Costa Rica,3525260,5094114,69.2
Argentina,31066312,44938712,69.13
Sri Lanka,14767778,21413250,68.97
Germany,57231090,83019213,68.94
Bahrein,1170546,1701582,68.79
Mongolia,2253658,3278292,68.74
Luxembourg,421719,613894,68.7
Panama,2959378,4314768,68.59
Saudi Arabia,23878391,34813867,68.59
Cyprus,599781,875899,68.48
Monaco,26672,39244,67.96
Turkey,54833779,82003882,66.87
Fiji,594872,896444,66.36
United States of America,218805579,331002647,66.1
Switzerland,5639180,8544527,66
Ecuador,11635235,17643060,65.95
Austria,5815253,8858775,65.64
Salvador,4227768,6486201,65.18
Cook Islands,11404,17564,64.93
Liechtenstein,24781,38378,64.57
Macau,417135,649342,64.24
Lituania,1779526,2794184,63.69
Anguilla,9548,15002,63.64
Morocco,23139440,36910558,62.69
Mexico,68350710,110991953,61.58
Greece,6542732,10724599,61.01
Hong Kong,4558755,7496988,60.81
Sint Maarten,26059,42882,60.77
Hungary,5919930,9772756,60.58
Taiwan,14395967,23816775,60.44
Peru,17493403,29381884,59.54
British Virgin Islands,17607,30237,58.23
Estonia,770181,1324820,58.13
Oman,2959586,5106622,57.96
Samoa,114698,19841,57.81
Dominican Republic,6270413,10847903,57.8
Czech Republic,6128959,10649800,57.55
New Caledonia,163236,285491,57.18
Antigua and Barbuda,54758,97928,55.92
Colombia,28300881,50882884,55.62
French Polynesia,154058,280904,54.84
Slovenia,1139497,2080908,54.76
Iran,45075271,83992953,53.67
Latvia,1015299,1919968,52.88
Poland,20016102,37972812,52.71
Thailand,36721779,69799978,52.61
Cape Verde,291055,555988,52.35
Wallis and Futuna,5749,11245,51.12
India,693992112,1380004385,50.29
Belize,199932,397621,50.28
Barbados,143661,287371,49.99
Saint Kitts and Nevis,26249,53192,49.35
Azerbaijan ,4942003,10139175,48.74
Guiana,369877,786559,47.02
Croatia,1868374,4076246,45.84
Tunisia,5369621,11818618,45.43
Tonga,46985,105697,44.45
Serbia,3064730,6963764,44.01
Trinidad and Tobago,609136,1399491,43.53
Viêt Nam,41811429,97338583,42.95
Kazakhstan,8003776,18776707,42.63
Laos,3091161,7275556,42.49
Suriname,240793,586634,41.05
Montenegro,252969,622182,40.66
Paraguay,2868610,7132530,40.22
Slovakia,2150758,5450421,39.46
Indonesia,106669970,273523621,39
Marshall Islands,23047,59193,38.94
Macedonia,799027,2077132,38.47
Timor-Leste,495822,1318442,37.61
Bulgaria,2626708,7000039,37.52
Jordan,3817869,10203140,37.42
Bolivia,4357421,11673028,37.33
Dominica,26806,71991,37.24
Kiribati,43044,119446,36.04
Uzbekistan,12025985,33469199,35.93
Honduras,3520903,9904608,35.55
Russia,51313594,145934460,35.16
Venezuela,9926613,28435943,34.91
São Tomé and Príncipe,75036,21916,34.24
The Bahamas,133591,393248,33.97
Albania,970703,2862427,33.91
Romania,6414823,19414458,33.04
Grenada,35762,112518,31.78
Montserrat,1502,4999,30.05
Pakistan,64947702,220892331,29.4
Nepal,8388402,29136807,28.79
Guatemala,5034882,17915567,28.1
Palestine,1416215,5101416,27.76
Philippines,27836530,100979303,27.57
Saint Lucia,49083,183629,26.73
Tajikistan,2513950,9537642,26.36
Belarus,2468546,9449321,26.12
Georgia,1007528,3989175,25.26
Lebanon,1696421,6825441,24.85
South Africa,13929429,59308690,23.49
Comoros,198577,869595,22.84
Bangladesh,37450120,164689383,22.74
Rwanda,2928553,12952208,22.61
Bosnia and Herzegovina,734195,3280815,22.38
Botswana,525739,2351625,22.36
Zimbabwe,3214178,14862927,21.63
Libya,1442286,6871286,20.99
Saint Vincent and the Grenadines,22811,110947,20.56
Moldavia,824986,4033962,20.45
Swaziland,232472,1160164,20.04
Vanuatu,59215,30715,19.28
Jamaica,56116,2961160,18.95
Ukraine,7922413,43733759,18.12
Equatorial Guinea,236045,1402985,16.82
Salomon Islands,113423,686878,16.51
Lesotho,347836,2142252,16.24
Myanmar,8390746,54409794,15.42
Mauritania,711425,4649660,15.3
Kirghizistan,906083,6524191,13.89
Algeria,6017036,43851043,13.72
Egypt,13552189,102334403,13.24
Irak,5024958,40222503,12.49
Armenia,344029,2963234,11.61
Namibia,285993,2540916,11.26
Guinea,1355165,13132792,10.32
Nicaragua,671784,6624554,10.14
Togo,805728,8278736,9.73
Angola,3158501,32866267,9.61
Gambia,184817,2416663,7.65
Senegal,1271021,16743930,7.59
Côte d’Ivoire,1970527,26378275,7.47
Djibouti,6601,988002,6.68
Kenya,3280011,53771300,6.1
Mozambique,1903730,31255435,6.09
Guinea-Bissau,111131,1967997,5.65
Gabon,120033,2225728,5.39
Uganda,2378171,45741000,5.2
Central African Republic,245444,4829764,5.08
Republic of Congo,279091,5518092,5.06
Malawi,883863,19129955,4.62
Ghana,1369515,31072945,4.41
Syria,681791,17500657,3.9
Sierra Leone,292239,7976985,3.66
Ethiopia,3018566,114963583,2.63
Nigeria,5118422,206139587,2.48
Somalia,341084,15893219,2.15
Afghanistan,828601,38928341,2.13
Benin,216527,12123198,1.79
Niger,429471,24206636,1.77
Liberia,84482,5057677,1.67
Mali,327313,20250834,1.62
Cameroon,39557,26545863,1.49
Papua New Guinea,133741,8947027,1.49
Sudan,649062,43849269,1.48
Burkina Faso,273428,20903278,1.31
Yemen,308025,29825967,1.03
Chad,146669,16425859,0.89
South Sudan,82889,11193729,0.74
Madagascar,197001,27691019,0.71
Haiti,69379,11402533,0.61
Democratic Republic of the Congo,10261,89561404,0.11
Åland Islands,0,0,0
American Samoa ,0,55196,0
Antarctica,0,44,0
Bouvet Island,0,0,0
British Indian Ocean Territory,0,4,0
Burundi,0,11890781,0
China,0,1439323774,0
Christmas Island,0,1843,0
Cocos Islands,0,596,0
Eritrea ,0,3546427,0
Falkland Islands,0,3483,0
French Guiana,0,298682,0
French Southern and Antarctic Lands,0,196,0
Guadeloupe,0,0,0
Guam,0,168783,0
Guernsey,0,63276,0
Heard Island and McDonald Islands,0,0,0
Holy See (Vatican),0,809,0
North Korea,0,25778815,0
Koweit,0,4270563,0
Martinique,0,375265,0
Mayotte,0,272813,0
Micronesia,0,115021,0
Nauru,0,10834,0
Niue,0,1618,0
Norfolk Island,0,1748,0
Northern Mariana Islands,0,57556,0
Pitcairn Islands,0,50,0
Puerto Rico,0,2860840,0
Qatar,0,2881060,0
Reunion,0,895308,0
Saint-Barthelemy,0,0,0
Saint Helena,0,6071,0
Collectivity of Saint Martin,0,0,0
Saint Pierre and Miquelon,0,0,0
South Georgia and the South Sandwich Islands,0,30,0
Svalbard and Jan Mayen,0,0,0
Tanzania,0,59734212,0
Turkmenistan,0,6031187,0
Tuvalu,0,11792,0
United States Minor Outlying Islands,0,300,0
United States Virgin Islands,0,104422,0
Western Sahara,0,59733,0
Zambia,0,18383956,0
,,,
