postest_Date_statistics;pos_test_0-9;pos_test_10-19;pos_test_20-29;pos_test_30-39;pos_test_40-49;pos_test_50-59;pos_test_60-69;pos_test_70-79;pos_test_80-89;pos_test_90+;pos_test_<50;pos_test_Unknown;hosp_Date_statistics;hosp_0-9;hosp_10-19;hosp_20-29;hosp_30-39;hosp_40-49;hosp_50-59;hosp_60-69;hosp_70-79;hosp_80-89;hosp_90+;hosp_<50;hosp_Unknown;deceased_Date_statistics;deceased_50-59;deceased_60-69;deceased_70-79;deceased_80-89;deceased_90+;deceased_<50
1-1-2020;;;1.0;;1.0;1.0;1.0;;;;;;;;;;;;;;;;;;;;;;;;;
4-1-2020;;1.0;;;;;;;;;;;;;;;;;;;;;;;;;;;;;;
6-1-2020;;;;1.0;;;;;;;;;;;;;;;;;;;;;;;;;;;;
16-1-2020;1.0;;;;;;;;;;;;;;;;;;;;;;;;;;;;;;;
20-1-2020;1.0;;;;;1.0;;;;;;;;;;;;;;;;;;;;;;;;;;
22-1-2020;;;;;;;;;1.0;;;;;;;;;;;;;;;;;;;;;;;
24-1-2020;;;;;1.0;;;;;;;;;;;;;;;;;;;;;;;;;;;
25-1-2020;;;;;;1.0;;;;;;;;;;;;;;;;;;;;;;;;;;
26-1-2020;;;;;;2.0;;;;;;;;;;;;;;;;;;;;;;;;;;
27-1-2020;;;1.0;;;1.0;1.0;;;;;;;;;;;;;;;;;;;;;;;;;
29-1-2020;;;;;;;;;1.0;;;;;;;;;;;;;;;;;;;;;;;
31-1-2020;;;;;;1.0;;;1.0;1.0;;;31-1-2020;;;;;;;;;1.0;;;;31-1-2020;;;;1.0;;
1-2-2020;;;;;;1.0;2.0;;;;;;1-2-2020;;;;;;;2.0;;;;;;;;;;;;
3-2-2020;;;;;;1.0;;;1.0;;;;;;;;;;;;;;;;;;;;;;;
6-2-2020;;;1.0;;;;;;1.0;;;;;;;;;;;;;;;;;;;;;;;
7-2-2020;;;;;;;;2.0;;;;;7-2-2020;;;;;;;;1.0;;;;;;;;;;;
10-2-2020;;;;;1.0;;3.0;;1.0;;;;10-2-2020;;;;;;;2.0;;;;;;;;;;;;
11-2-2020;;;;;;;;1.0;;;;;11-2-2020;;;;;;;;1.0;;;;;;;;;;;
12-2-2020;;;;;2.0;;;;;;;;;;;;;;;;;;;;;;;;;;;
13-2-2020;;;;;;;;;;1.0;;;;;;;;;;;;;;;;13-2-2020;;;;;1.0;
14-2-2020;;;;;2.0;1.0;1.0;;;;;;14-2-2020;;;;;;1.0;;;;;;;;;;;;;
15-2-2020;;;;;;;1.0;1.0;;;;;15-2-2020;;;;;;;;1.0;;;;;;;;;;;
16-2-2020;;;;;1.0;1.0;1.0;;;;;;16-2-2020;;;;;1.0;;1.0;;;;;;;;;;;;
17-2-2020;;;;;;;1.0;2.0;;;;;17-2-2020;;;;;;;;2.0;;;;;;;;;;;
18-2-2020;;;;;;;;1.0;;;;;18-2-2020;;;;;;;;1.0;;;;;;;;;;;
19-2-2020;;;1.0;;;;2.0;2.0;;;;;19-2-2020;;;1.0;;;;1.0;2.0;;;;;;;;;;;
20-2-2020;;;;;1.0;3.0;;4.0;;1.0;;;20-2-2020;;;;;1.0;2.0;;2.0;;1.0;;;20-2-2020;;;2.0;;;
21-2-2020;;;1.0;;2.0;4.0;1.0;1.0;;;;;21-2-2020;;;1.0;;;;1.0;1.0;;;;;21-2-2020;;1.0;;;;
22-2-2020;;1.0;1.0;1.0;;1.0;1.0;;;;;;;;;;;;;;;;;;;;;;;;;
23-2-2020;;;;1.0;1.0;1.0;1.0;4.0;1.0;1.0;;;23-2-2020;;;;;;;1.0;4.0;1.0;;;;23-2-2020;;;1.0;;;
24-2-2020;;1.0;2.0;2.0;1.0;8.0;4.0;3.0;1.0;;;;24-2-2020;;;;;;2.0;2.0;2.0;1.0;;;;24-2-2020;;;1.0;1.0;;
25-2-2020;;2.0;1.0;1.0;5.0;4.0;3.0;4.0;2.0;2.0;;;25-2-2020;;;;;2.0;1.0;1.0;2.0;;1.0;;;25-2-2020;;;2.0;1.0;1.0;
26-2-2020;;;4.0;2.0;6.0;8.0;3.0;9.0;;1.0;;;26-2-2020;;;;;2.0;2.0;;8.0;;;;;26-2-2020;;;3.0;;1.0;
27-2-2020;1.0;2.0;6.0;9.0;10.0;13.0;6.0;11.0;4.0;2.0;;;27-2-2020;;;;1.0;3.0;2.0;2.0;9.0;2.0;1.0;;;27-2-2020;;;4.0;2.0;1.0;
28-2-2020;;4.0;6.0;3.0;10.0;23.0;5.0;10.0;8.0;;;;28-2-2020;;;;;;7.0;3.0;4.0;4.0;;;;28-2-2020;1.0;1.0;1.0;2.0;;
29-2-2020;;4.0;8.0;5.0;18.0;11.0;8.0;5.0;6.0;;;;29-2-2020;;;;1.0;1.0;1.0;6.0;3.0;3.0;;;;29-2-2020;;2.0;;3.0;;
1-3-2020;1.0;8.0;8.0;6.0;31.0;33.0;16.0;18.0;13.0;1.0;;;1-3-2020;;;;1.0;6.0;6.0;9.0;10.0;7.0;1.0;;;1-3-2020;;2.0;4.0;3.0;;
2-3-2020;1.0;5.0;4.0;13.0;29.0;29.0;27.0;16.0;17.0;3.0;;;2-3-2020;1.0;;;1.0;4.0;4.0;19.0;11.0;14.0;;;;2-3-2020;;2.0;3.0;7.0;1.0;
3-3-2020;;4.0;17.0;10.0;20.0;30.0;20.0;13.0;8.0;5.0;;;3-3-2020;;;1.0;2.0;5.0;9.0;7.0;10.0;6.0;2.0;;;3-3-2020;;1.0;1.0;3.0;1.0;
4-3-2020;1.0;7.0;10.0;13.0;12.0;31.0;27.0;24.0;14.0;1.0;;;4-3-2020;;;1.0;3.0;3.0;8.0;12.0;17.0;7.0;;;;4-3-2020;1.0;;8.0;3.0;;
5-3-2020;;4.0;7.0;7.0;25.0;45.0;34.0;24.0;17.0;3.0;;;5-3-2020;;1.0;;3.0;7.0;10.0;18.0;17.0;14.0;2.0;;;5-3-2020;;5.0;3.0;10.0;1.0;
6-3-2020;1.0;3.0;7.0;15.0;26.0;53.0;37.0;31.0;24.0;5.0;;;6-3-2020;;;1.0;5.0;5.0;27.0;24.0;21.0;12.0;1.0;;;6-3-2020;3.0;9.0;7.0;9.0;1.0;
7-3-2020;;3.0;17.0;22.0;38.0;43.0;40.0;48.0;24.0;3.0;1.0;;7-3-2020;;;2.0;1.0;9.0;11.0;30.0;36.0;16.0;2.0;1.0;;7-3-2020;2.0;4.0;12.0;13.0;3.0;1.0
8-3-2020;1.0;;18.0;34.0;29.0;55.0;39.0;33.0;30.0;3.0;1.0;;8-3-2020;;;;1.0;4.0;23.0;23.0;28.0;20.0;1.0;1.0;;8-3-2020;;1.0;9.0;13.0;1.0;1.0
9-3-2020;2.0;5.0;29.0;52.0;53.0;83.0;77.0;87.0;49.0;9.0;;;9-3-2020;2.0;1.0;2.0;6.0;15.0;37.0;49.0;69.0;34.0;4.0;;;9-3-2020;1.0;5.0;17.0;26.0;4.0;
10-3-2020;1.0;3.0;27.0;40.0;48.0;86.0;82.0;82.0;42.0;9.0;;;10-3-2020;1.0;;7.0;4.0;10.0;37.0;53.0;63.0;29.0;3.0;;;10-3-2020;1.0;10.0;18.0;19.0;2.0;
11-3-2020;2.0;2.0;40.0;46.0;57.0;93.0;103.0;106.0;67.0;12.0;;;11-3-2020;2.0;;4.0;6.0;17.0;34.0;64.0;90.0;46.0;6.0;;;11-3-2020;1.0;11.0;32.0;27.0;6.0;
12-3-2020;1.0;3.0;38.0;61.0;53.0;119.0;108.0;106.0;74.0;14.0;;;12-3-2020;1.0;1.0;5.0;11.0;21.0;51.0;74.0;80.0;51.0;5.0;;;12-3-2020;3.0;6.0;37.0;32.0;2.0;
13-3-2020;1.0;2.0;47.0;69.0;79.0;127.0;127.0;122.0;86.0;17.0;;;13-3-2020;1.0;1.0;3.0;11.0;26.0;68.0;94.0;102.0;56.0;7.0;;;13-3-2020;3.0;15.0;28.0;35.0;8.0;
14-3-2020;5.0;3.0;40.0;70.0;87.0;126.0;113.0;140.0;88.0;21.0;1.0;;14-3-2020;3.0;2.0;2.0;10.0;34.0;55.0;73.0;115.0;59.0;9.0;1.0;;14-3-2020;6.0;6.0;28.0;40.0;8.0;1.0
15-3-2020;1.0;6.0;60.0;62.0;81.0;139.0;157.0;137.0;95.0;20.0;1.0;;15-3-2020;1.0;2.0;7.0;13.0;22.0;69.0;105.0;104.0;56.0;3.0;1.0;;15-3-2020;6.0;15.0;30.0;53.0;9.0;1.0
16-3-2020;2.0;4.0;64.0;89.0;96.0;200.0;189.0;246.0;129.0;37.0;1.0;;16-3-2020;1.0;1.0;4.0;14.0;29.0;93.0;126.0;197.0;83.0;8.0;1.0;;16-3-2020;9.0;10.0;63.0;56.0;16.0;1.0
17-3-2020;1.0;2.0;51.0;65.0;95.0;139.0;139.0;176.0;125.0;33.0;1.0;;17-3-2020;1.0;;4.0;10.0;33.0;72.0;93.0;137.0;69.0;7.0;1.0;;17-3-2020;1.0;17.0;48.0;45.0;20.0;1.0
18-3-2020;;5.0;39.0;62.0;99.0;175.0;140.0;167.0;147.0;30.0;;;18-3-2020;;;2.0;10.0;33.0;79.0;94.0;119.0;88.0;8.0;;;18-3-2020;9.0;18.0;47.0;64.0;10.0;
19-3-2020;2.0;5.0;45.0;65.0;88.0;147.0;151.0;156.0;133.0;32.0;1.0;;19-3-2020;2.0;4.0;4.0;13.0;28.0;57.0;107.0;124.0;71.0;7.0;1.0;;19-3-2020;5.0;22.0;38.0;62.0;18.0;1.0
20-3-2020;1.0;5.0;64.0;81.0;98.0;188.0;166.0;201.0;143.0;50.0;2.0;1.0;20-3-2020;;2.0;6.0;17.0;40.0;87.0;111.0;148.0;83.0;9.0;2.0;;20-3-2020;5.0;26.0;49.0;59.0;25.0;2.0
21-3-2020;2.0;5.0;49.0;73.0;80.0;163.0;139.0;159.0;167.0;37.0;;;21-3-2020;2.0;1.0;4.0;18.0;29.0;63.0;93.0;120.0;84.0;6.0;;;21-3-2020;3.0;18.0;50.0;70.0;13.0;
22-3-2020;;3.0;50.0;48.0;85.0;149.0;87.0;153.0;130.0;43.0;1.0;;22-3-2020;;;6.0;9.0;23.0;68.0;55.0;115.0;52.0;6.0;1.0;;22-3-2020;4.0;10.0;55.0;60.0;11.0;1.0
23-3-2020;4.0;3.0;79.0;72.0;117.0;219.0;174.0;230.0;233.0;67.0;3.0;;23-3-2020;1.0;1.0;8.0;7.0;31.0;85.0;104.0;161.0;110.0;10.0;3.0;;23-3-2020;7.0;14.0;59.0;107.0;29.0;3.0
24-3-2020;5.0;6.0;54.0;79.0;106.0;153.0;153.0;168.0;183.0;59.0;2.0;;24-3-2020;3.0;1.0;4.0;10.0;28.0;50.0;88.0;98.0;62.0;4.0;2.0;;24-3-2020;6.0;18.0;53.0;70.0;33.0;2.0
25-3-2020;5.0;7.0;70.0;83.0;111.0;163.0;137.0;188.0;214.0;56.0;;;25-3-2020;4.0;2.0;4.0;7.0;26.0;52.0;79.0;116.0;84.0;5.0;;;25-3-2020;5.0;21.0;51.0;87.0;19.0;
26-3-2020;2.0;4.0;57.0;87.0;86.0;143.0;153.0;168.0;171.0;77.0;2.0;;26-3-2020;;;6.0;10.0;17.0;44.0;79.0;97.0;55.0;11.0;1.0;;26-3-2020;7.0;19.0;50.0;68.0;34.0;2.0
27-3-2020;3.0;9.0;87.0;91.0;120.0;184.0;126.0;159.0;207.0;84.0;;;27-3-2020;1.0;3.0;8.0;12.0;23.0;55.0;62.0;86.0;58.0;13.0;;;27-3-2020;3.0;10.0;47.0;84.0;37.0;
28-3-2020;3.0;15.0;86.0;66.0;95.0;164.0;111.0;117.0;142.0;63.0;2.0;;28-3-2020;2.0;2.0;3.0;8.0;17.0;41.0;60.0;69.0;40.0;13.0;1.0;;28-3-2020;3.0;11.0;40.0;68.0;28.0;2.0
29-3-2020;2.0;3.0;71.0;71.0;83.0;149.0;116.0;118.0;131.0;56.0;1.0;;29-3-2020;;;7.0;5.0;8.0;44.0;57.0;67.0;40.0;8.0;1.0;;29-3-2020;3.0;11.0;27.0;52.0;29.0;1.0
30-3-2020;1.0;19.0;93.0;93.0;128.0;214.0;159.0;144.0;188.0;82.0;1.0;;30-3-2020;;;3.0;3.0;18.0;45.0;70.0;75.0;41.0;7.0;1.0;;30-3-2020;4.0;15.0;52.0;68.0;33.0;1.0
31-3-2020;5.0;9.0;75.0;62.0;105.0;173.0;104.0;101.0;148.0;71.0;1.0;;31-3-2020;3.0;;3.0;4.0;12.0;43.0;46.0;35.0;35.0;3.0;;;31-3-2020;4.0;7.0;27.0;60.0;34.0;1.0
1-4-2020;;17.0;107.0;106.0;128.0;208.0;139.0;145.0;200.0;69.0;1.0;;1-4-2020;;1.0;5.0;8.0;21.0;48.0;59.0;71.0;43.0;8.0;1.0;;1-4-2020;3.0;11.0;48.0;74.0;24.0;1.0
2-4-2020;;7.0;104.0;78.0;131.0;213.0;106.0;140.0;177.0;67.0;3.0;;2-4-2020;;1.0;3.0;6.0;20.0;43.0;38.0;64.0;37.0;4.0;3.0;;2-4-2020;4.0;8.0;28.0;51.0;24.0;3.0
3-4-2020;2.0;11.0;121.0;88.0;144.0;187.0;112.0;105.0;186.0;94.0;2.0;;3-4-2020;1.0;;1.0;2.0;18.0;33.0;42.0;42.0;27.0;10.0;2.0;;3-4-2020;4.0;9.0;30.0;72.0;32.0;2.0
4-4-2020;4.0;14.0;102.0;93.0;116.0;204.0;106.0;107.0;165.0;86.0;1.0;1.0;4-4-2020;2.0;1.0;3.0;7.0;10.0;30.0;27.0;42.0;20.0;7.0;1.0;;4-4-2020;3.0;3.0;34.0;54.0;38.0;1.0
5-4-2020;2.0;14.0;89.0;67.0;91.0;151.0;95.0;89.0;140.0;49.0;;;5-4-2020;1.0;;1.0;3.0;10.0;20.0;31.0;34.0;25.0;4.0;;;5-4-2020;1.0;9.0;25.0;44.0;18.0;
6-4-2020;1.0;14.0;111.0;116.0;149.0;215.0;131.0;134.0;186.0;92.0;1.0;;6-4-2020;1.0;;7.0;7.0;11.0;36.0;35.0;35.0;17.0;7.0;1.0;;6-4-2020;;12.0;41.0;55.0;46.0;1.0
7-4-2020;1.0;8.0;110.0;99.0;111.0;185.0;110.0;116.0;185.0;73.0;1.0;;7-4-2020;;;5.0;1.0;11.0;18.0;28.0;43.0;23.0;4.0;1.0;;7-4-2020;2.0;11.0;38.0;62.0;25.0;1.0
8-4-2020;4.0;8.0;110.0;97.0;114.0;190.0;102.0;128.0;187.0;96.0;1.0;;8-4-2020;1.0;;3.0;5.0;10.0;16.0;26.0;33.0;16.0;6.0;1.0;;8-4-2020;2.0;7.0;34.0;55.0;34.0;1.0
9-4-2020;1.0;10.0;88.0;89.0;99.0;176.0;98.0;100.0;162.0;78.0;;1.0;9-4-2020;1.0;;2.0;6.0;13.0;17.0;34.0;31.0;26.0;2.0;;;9-4-2020;3.0;11.0;25.0;53.0;24.0;
10-4-2020;1.0;17.0;105.0;87.0;118.0;183.0;108.0;106.0;186.0;83.0;3.0;;10-4-2020;1.0;1.0;1.0;6.0;18.0;26.0;32.0;32.0;24.0;6.0;3.0;;10-4-2020;1.0;6.0;23.0;62.0;32.0;3.0
11-4-2020;1.0;10.0;95.0;105.0;85.0;195.0;108.0;72.0;100.0;61.0;1.0;;11-4-2020;1.0;;;6.0;2.0;21.0;29.0;19.0;18.0;4.0;1.0;;11-4-2020;1.0;5.0;16.0;36.0;21.0;1.0
12-4-2020;2.0;12.0;76.0;65.0;87.0;134.0;94.0;75.0;127.0;65.0;2.0;;12-4-2020;;1.0;1.0;2.0;9.0;17.0;20.0;19.0;17.0;4.0;;;12-4-2020;3.0;4.0;24.0;43.0;25.0;2.0
13-4-2020;1.0;11.0;115.0;90.0;88.0;155.0;76.0;57.0;119.0;62.0;;;13-4-2020;;1.0;1.0;4.0;12.0;15.0;14.0;23.0;16.0;4.0;;;13-4-2020;1.0;2.0;13.0;33.0;18.0;
14-4-2020;1.0;13.0;81.0;57.0;83.0;129.0;79.0;73.0;157.0;82.0;2.0;;14-4-2020;;;1.0;6.0;9.0;14.0;20.0;20.0;11.0;3.0;2.0;;14-4-2020;2.0;2.0;24.0;43.0;33.0;2.0
15-4-2020;2.0;11.0;83.0;73.0;74.0;151.0;69.0;62.0;160.0;62.0;1.0;;15-4-2020;1.0;;;3.0;6.0;16.0;12.0;13.0;21.0;2.0;1.0;;15-4-2020;;4.0;19.0;42.0;17.0;1.0
16-4-2020;1.0;8.0;80.0;50.0;86.0;117.0;73.0;77.0;140.0;71.0;;;16-4-2020;1.0;;1.0;1.0;1.0;8.0;19.0;16.0;12.0;3.0;;;16-4-2020;;5.0;20.0;45.0;20.0;
17-4-2020;2.0;17.0;90.0;54.0;82.0;138.0;71.0;54.0;112.0;79.0;;;17-4-2020;1.0;;1.0;1.0;3.0;8.0;16.0;14.0;15.0;4.0;;;17-4-2020;;1.0;9.0;34.0;24.0;
18-4-2020;;12.0;85.0;49.0;75.0;120.0;60.0;55.0;99.0;51.0;;;18-4-2020;;1.0;1.0;5.0;5.0;12.0;12.0;11.0;13.0;2.0;;;18-4-2020;2.0;2.0;15.0;28.0;17.0;
19-4-2020;1.0;15.0;57.0;40.0;62.0;65.0;56.0;36.0;85.0;41.0;;;19-4-2020;;;2.0;1.0;1.0;9.0;10.0;7.0;12.0;1.0;;;19-4-2020;;3.0;10.0;23.0;14.0;
20-4-2020;;9.0;71.0;58.0;75.0;122.0;69.0;65.0;124.0;57.0;1.0;;20-4-2020;;;3.0;3.0;6.0;15.0;14.0;20.0;12.0;4.0;1.0;;20-4-2020;2.0;6.0;19.0;25.0;15.0;1.0
21-4-2020;;7.0;53.0;51.0;57.0;67.0;39.0;35.0;106.0;56.0;;;21-4-2020;;;;2.0;4.0;8.0;7.0;9.0;12.0;1.0;;;21-4-2020;;3.0;8.0;30.0;22.0;
22-4-2020;2.0;7.0;44.0;42.0;49.0;75.0;42.0;51.0;93.0;58.0;;;22-4-2020;;;;1.0;3.0;5.0;6.0;12.0;11.0;1.0;;;22-4-2020;;2.0;9.0;13.0;19.0;
23-4-2020;;6.0;55.0;29.0;50.0;68.0;37.0;37.0;86.0;40.0;;;23-4-2020;;;;2.0;5.0;7.0;10.0;12.0;9.0;2.0;;;23-4-2020;;1.0;9.0;18.0;11.0;
24-4-2020;1.0;8.0;46.0;41.0;48.0;63.0;35.0;34.0;87.0;39.0;;;24-4-2020;;;2.0;1.0;5.0;6.0;4.0;9.0;3.0;1.0;;;24-4-2020;;1.0;6.0;16.0;8.0;
25-4-2020;2.0;5.0;53.0;23.0;36.0;56.0;41.0;38.0;67.0;40.0;2.0;;25-4-2020;;;3.0;1.0;1.0;9.0;9.0;7.0;7.0;1.0;;;25-4-2020;;1.0;10.0;18.0;14.0;2.0
26-4-2020;;6.0;36.0;34.0;41.0;50.0;31.0;29.0;43.0;23.0;;;26-4-2020;;1.0;1.0;;1.0;6.0;3.0;10.0;7.0;2.0;;;26-4-2020;;2.0;5.0;10.0;6.0;
27-4-2020;;4.0;45.0;30.0;46.0;58.0;43.0;28.0;48.0;26.0;;;27-4-2020;;;;1.0;5.0;10.0;8.0;3.0;7.0;1.0;;;27-4-2020;1.0;5.0;5.0;12.0;7.0;
28-4-2020;1.0;12.0;41.0;31.0;41.0;50.0;35.0;31.0;64.0;27.0;;;28-4-2020;1.0;1.0;1.0;;1.0;11.0;9.0;8.0;11.0;2.0;;;28-4-2020;1.0;2.0;6.0;13.0;7.0;
29-4-2020;1.0;5.0;25.0;23.0;39.0;48.0;36.0;38.0;66.0;33.0;1.0;;29-4-2020;;;1.0;;4.0;5.0;5.0;10.0;3.0;1.0;1.0;;29-4-2020;1.0;1.0;6.0;18.0;3.0;1.0
30-4-2020;1.0;6.0;29.0;17.0;39.0;42.0;24.0;22.0;70.0;24.0;;;30-4-2020;;1.0;;1.0;3.0;6.0;5.0;4.0;3.0;2.0;;;30-4-2020;;;6.0;16.0;5.0;
1-5-2020;;2.0;38.0;44.0;42.0;58.0;29.0;28.0;67.0;27.0;;;1-5-2020;;;;2.0;4.0;6.0;5.0;5.0;11.0;3.0;;;1-5-2020;;3.0;5.0;18.0;10.0;
2-5-2020;;6.0;35.0;17.0;22.0;38.0;26.0;22.0;50.0;20.0;;;2-5-2020;;1.0;1.0;1.0;;2.0;3.0;6.0;4.0;;;;2-5-2020;1.0;1.0;7.0;12.0;4.0;
3-5-2020;;4.0;26.0;22.0;19.0;44.0;20.0;19.0;33.0;22.0;;;3-5-2020;;;;1.0;2.0;4.0;1.0;4.0;4.0;2.0;;;3-5-2020;;1.0;6.0;13.0;8.0;
4-5-2020;2.0;8.0;27.0;26.0;24.0;56.0;27.0;26.0;46.0;24.0;1.0;;4-5-2020;1.0;;;1.0;3.0;3.0;3.0;4.0;5.0;;1.0;;4-5-2020;;1.0;8.0;11.0;10.0;1.0
5-5-2020;3.0;6.0;16.0;18.0;24.0;44.0;20.0;19.0;45.0;8.0;;;5-5-2020;1.0;;;;2.0;5.0;4.0;;3.0;1.0;;;5-5-2020;;;3.0;10.0;5.0;
6-5-2020;;6.0;22.0;27.0;22.0;33.0;21.0;23.0;36.0;28.0;;;6-5-2020;;1.0;1.0;1.0;;4.0;3.0;4.0;2.0;;;;6-5-2020;;2.0;4.0;10.0;7.0;
7-5-2020;2.0;2.0;32.0;17.0;24.0;29.0;22.0;21.0;35.0;27.0;;;7-5-2020;;;;1.0;2.0;3.0;3.0;2.0;3.0;1.0;;;7-5-2020;1.0;;5.0;7.0;5.0;
8-5-2020;3.0;5.0;21.0;25.0;18.0;29.0;22.0;21.0;34.0;22.0;;;8-5-2020;;;;;2.0;3.0;6.0;2.0;4.0;3.0;;;8-5-2020;;;2.0;10.0;9.0;
9-5-2020;;3.0;34.0;21.0;20.0;36.0;19.0;18.0;34.0;10.0;;;9-5-2020;;;;;1.0;3.0;1.0;1.0;4.0;;;;9-5-2020;1.0;1.0;2.0;10.0;2.0;
10-5-2020;3.0;5.0;28.0;17.0;17.0;21.0;12.0;14.0;27.0;8.0;;;10-5-2020;1.0;;2.0;;1.0;2.0;1.0;2.0;2.0;;;;10-5-2020;;;3.0;5.0;1.0;
11-5-2020;1.0;7.0;26.0;20.0;22.0;44.0;26.0;23.0;40.0;21.0;;;11-5-2020;;;;1.0;1.0;3.0;4.0;5.0;1.0;1.0;;;11-5-2020;;1.0;7.0;9.0;3.0;
12-5-2020;;5.0;18.0;13.0;19.0;30.0;20.0;19.0;46.0;14.0;;;12-5-2020;;;;;1.0;2.0;1.0;1.0;4.0;;;;12-5-2020;;;4.0;12.0;3.0;
13-5-2020;3.0;11.0;18.0;20.0;19.0;26.0;19.0;10.0;36.0;14.0;;;13-5-2020;;;1.0;1.0;;2.0;4.0;;4.0;;;;13-5-2020;;1.0;1.0;8.0;1.0;
14-5-2020;3.0;3.0;20.0;12.0;17.0;25.0;20.0;10.0;23.0;11.0;;;14-5-2020;;;;;2.0;1.0;2.0;1.0;3.0;2.0;;;14-5-2020;1.0;;1.0;3.0;1.0;
15-5-2020;2.0;4.0;20.0;22.0;26.0;25.0;15.0;15.0;26.0;15.0;;;15-5-2020;;;;;2.0;;2.0;3.0;1.0;1.0;;;15-5-2020;;1.0;2.0;8.0;2.0;
16-5-2020;3.0;6.0;23.0;15.0;15.0;29.0;19.0;7.0;11.0;9.0;;;16-5-2020;;;;1.0;1.0;2.0;;2.0;1.0;1.0;;;16-5-2020;;1.0;;3.0;3.0;
17-5-2020;1.0;4.0;26.0;17.0;14.0;33.0;21.0;15.0;22.0;8.0;;;17-5-2020;1.0;;;1.0;;2.0;;2.0;1.0;;;;17-5-2020;;;4.0;8.0;2.0;
18-5-2020;2.0;5.0;35.0;22.0;24.0;41.0;14.0;11.0;23.0;11.0;;;18-5-2020;;;;;;4.0;3.0;;2.0;;;;18-5-2020;1.0;;1.0;7.0;2.0;
19-5-2020;4.0;7.0;45.0;28.0;20.0;35.0;12.0;13.0;20.0;11.0;;;19-5-2020;;;;1.0;1.0;;1.0;1.0;;;;;19-5-2020;;;;6.0;2.0;
20-5-2020;2.0;9.0;32.0;26.0;19.0;27.0;18.0;15.0;16.0;16.0;;;20-5-2020;;;1.0;1.0;;1.0;1.0;5.0;1.0;;;;20-5-2020;;2.0;1.0;1.0;2.0;
21-5-2020;2.0;13.0;35.0;31.0;20.0;31.0;25.0;18.0;16.0;8.0;;;21-5-2020;;;1.0;1.0;;3.0;5.0;3.0;3.0;;;;21-5-2020;;;2.0;4.0;3.0;
22-5-2020;4.0;7.0;32.0;38.0;27.0;34.0;22.0;14.0;14.0;11.0;;;22-5-2020;;;;;;6.0;2.0;2.0;2.0;1.0;;;22-5-2020;1.0;;2.0;3.0;4.0;
23-5-2020;6.0;5.0;38.0;29.0;41.0;23.0;17.0;9.0;13.0;3.0;;;23-5-2020;;;;;;1.0;2.0;2.0;1.0;;;;23-5-2020;;2.0;;4.0;;
24-5-2020;;5.0;24.0;19.0;16.0;26.0;14.0;8.0;5.0;3.0;;;24-5-2020;;;1.0;;;;1.0;;1.0;;;;24-5-2020;;;3.0;1.0;;
25-5-2020;3.0;12.0;31.0;25.0;34.0;34.0;18.0;12.0;15.0;12.0;;;25-5-2020;;;1.0;;3.0;2.0;2.0;3.0;2.0;1.0;;;25-5-2020;;;1.0;4.0;3.0;
26-5-2020;2.0;9.0;33.0;23.0;14.0;22.0;15.0;9.0;10.0;6.0;1.0;;26-5-2020;;;2.0;;;1.0;;2.0;1.0;;1.0;;26-5-2020;;;;2.0;2.0;1.0
27-5-2020;3.0;17.0;30.0;30.0;23.0;25.0;13.0;7.0;11.0;5.0;1.0;;27-5-2020;;;;;1.0;2.0;;1.0;;;;;27-5-2020;;;2.0;1.0;;1.0
28-5-2020;5.0;11.0;27.0;26.0;25.0;17.0;8.0;11.0;4.0;7.0;;1.0;28-5-2020;;;;1.0;4.0;1.0;1.0;2.0;2.0;;;;28-5-2020;;;3.0;1.0;2.0;
29-5-2020;4.0;9.0;25.0;24.0;28.0;27.0;11.0;4.0;4.0;6.0;;;29-5-2020;;;;1.0;1.0;1.0;;1.0;;1.0;;;29-5-2020;;;;;2.0;
30-5-2020;4.0;9.0;28.0;19.0;34.0;22.0;13.0;19.0;15.0;3.0;;;30-5-2020;;1.0;;;;1.0;1.0;2.0;1.0;;;;30-5-2020;;;;1.0;;
31-5-2020;2.0;6.0;19.0;22.0;24.0;23.0;10.0;7.0;7.0;3.0;;;31-5-2020;;;;;;;;1.0;;1.0;;;31-5-2020;;;1.0;1.0;2.0;
1-6-2020;1.0;17.0;34.0;27.0;31.0;22.0;16.0;5.0;9.0;3.0;;;1-6-2020;;;;;1.0;;;1.0;1.0;;;;1-6-2020;;1.0;1.0;2.0;;
2-6-2020;3.0;13.0;20.0;23.0;24.0;28.0;11.0;5.0;8.0;4.0;;;2-6-2020;;;;;;2.0;1.0;2.0;;;;;2-6-2020;;;1.0;1.0;2.0;
3-6-2020;1.0;12.0;24.0;29.0;19.0;35.0;15.0;3.0;6.0;4.0;;;3-6-2020;;;;;;2.0;;;1.0;;;;3-6-2020;;1.0;;2.0;;
4-6-2020;6.0;6.0;28.0;24.0;19.0;22.0;17.0;13.0;13.0;6.0;;;;;;;;;;;;;;;;4-6-2020;;;1.0;1.0;1.0;
5-6-2020;4.0;13.0;32.0;25.0;29.0;25.0;17.0;8.0;11.0;4.0;;;5-6-2020;;;;;;1.0;;2.0;2.0;;;;5-6-2020;;;2.0;;2.0;
6-6-2020;8.0;12.0;23.0;23.0;28.0;27.0;15.0;4.0;15.0;5.0;;;6-6-2020;1.0;;;;;1.0;3.0;;;;;;6-6-2020;;2.0;;1.0;1.0;
7-6-2020;2.0;5.0;23.0;15.0;18.0;23.0;8.0;5.0;2.0;1.0;;;7-6-2020;;;;;;1.0;1.0;;;;;;7-6-2020;;;;;1.0;
8-6-2020;5.0;10.0;38.0;24.0;26.0;17.0;15.0;2.0;6.0;2.0;;;8-6-2020;;;;;;;1.0;;;1.0;;;8-6-2020;;;;2.0;1.0;
9-6-2020;5.0;11.0;27.0;27.0;20.0;14.0;8.0;9.0;10.0;4.0;;;9-6-2020;;;;;1.0;;;;;;;;9-6-2020;;;;1.0;;
10-6-2020;10.0;10.0;33.0;29.0;20.0;31.0;14.0;8.0;3.0;1.0;;;10-6-2020;;;;;;3.0;;1.0;;;;;10-6-2020;;;;;1.0;
11-6-2020;4.0;19.0;23.0;21.0;19.0;24.0;16.0;4.0;3.0;2.0;;;11-6-2020;1.0;;;1.0;;;1.0;;;;;;11-6-2020;;;;;1.0;
12-6-2020;4.0;12.0;15.0;29.0;25.0;29.0;10.0;9.0;5.0;;;;12-6-2020;;;;;;1.0;1.0;1.0;;;;;12-6-2020;;;;1.0;;
13-6-2020;4.0;8.0;28.0;17.0;17.0;20.0;7.0;3.0;5.0;2.0;;;13-6-2020;1.0;;1.0;;1.0;;;;;1.0;;;;;;;;;
14-6-2020;3.0;15.0;24.0;21.0;10.0;15.0;9.0;;7.0;2.0;;;;;;;;;;;;;;;;14-6-2020;;;;2.0;1.0;
15-6-2020;4.0;9.0;23.0;23.0;28.0;19.0;5.0;2.0;4.0;;;;15-6-2020;;;;;;1.0;;1.0;;;;;15-6-2020;;;;1.0;;
16-6-2020;4.0;2.0;20.0;11.0;14.0;16.0;5.0;2.0;6.0;2.0;;;;;;;;;;;;;;;;16-6-2020;;;;1.0;1.0;
17-6-2020;4.0;6.0;19.0;19.0;11.0;17.0;9.0;2.0;4.0;;;;17-6-2020;;;1.0;;;1.0;1.0;;;;;;17-6-2020;;;;2.0;;
18-6-2020;3.0;12.0;12.0;13.0;11.0;6.0;6.0;1.0;2.0;2.0;;;18-6-2020;;;;;;;1.0;;;;;;18-6-2020;;;;;1.0;
19-6-2020;3.0;6.0;12.0;15.0;16.0;7.0;6.0;4.0;4.0;1.0;;;19-6-2020;1.0;;1.0;2.0;2.0;;;;1.0;;;;19-6-2020;;;;1.0;1.0;
20-6-2020;3.0;11.0;14.0;21.0;13.0;8.0;4.0;;1.0;2.0;;;20-6-2020;1.0;;;;1.0;;;;;;;;;;;;;;
21-6-2020;3.0;4.0;9.0;14.0;14.0;5.0;3.0;3.0;1.0;;;;21-6-2020;;;;;;1.0;;;;;;;;;;;;;
22-6-2020;2.0;7.0;17.0;16.0;9.0;11.0;6.0;6.0;5.0;1.0;;;22-6-2020;;;2.0;;;;;2.0;;;;;22-6-2020;;;;3.0;1.0;
23-6-2020;3.0;5.0;13.0;13.0;20.0;3.0;7.0;;1.0;5.0;;;23-6-2020;;;;1.0;1.0;;;;;;;;23-6-2020;;;;;3.0;
24-6-2020;3.0;6.0;11.0;25.0;13.0;17.0;7.0;1.0;5.0;4.0;;;24-6-2020;;;1.0;;;;;;;;;;24-6-2020;;1.0;;;;
25-6-2020;2.0;7.0;16.0;16.0;12.0;15.0;1.0;1.0;3.0;;;;;;;;;;;;;;;;;;;;;;;
26-6-2020;2.0;6.0;13.0;10.0;11.0;10.0;3.0;4.0;3.0;;;;;;;;;;;;;;;;;26-6-2020;;;;1.0;;
27-6-2020;2.0;6.0;19.0;16.0;14.0;11.0;4.0;2.0;2.0;1.0;;;27-6-2020;;;;1.0;;;;;;;;;;;;;;;
28-6-2020;;6.0;16.0;12.0;8.0;10.0;4.0;1.0;;;;;;;;;;;;;;;;;;;;;;;;
29-6-2020;4.0;8.0;13.0;9.0;12.0;12.0;6.0;5.0;4.0;2.0;;;;;;;;;;;;;;;;29-6-2020;;;;;1.0;
30-6-2020;;6.0;18.0;11.0;9.0;9.0;5.0;2.0;1.0;;;;30-6-2020;;;;;;1.0;;1.0;;;;;;;;;;;
1-7-2020;1.0;13.0;21.0;9.0;10.0;9.0;5.0;4.0;1.0;1.0;;;1-7-2020;;1.0;;;;;;1.0;;;;;;;;;;;
2-7-2020;2.0;7.0;14.0;13.0;5.0;12.0;6.0;1.0;3.0;;;;2-7-2020;;;;;;;1.0;;1.0;;;;2-7-2020;;;;1.0;;
3-7-2020;1.0;5.0;18.0;9.0;5.0;7.0;5.0;;1.0;1.0;;;3-7-2020;;;;;;1.0;;;;;;;3-7-2020;;;;;1.0;
4-7-2020;2.0;5.0;9.0;5.0;11.0;9.0;7.0;1.0;2.0;;;;4-7-2020;;;;;;1.0;;;;;;;;;;;;;
5-7-2020;;8.0;9.0;6.0;9.0;10.0;8.0;2.0;;;;;5-7-2020;;;;;;;;1.0;;;;;;;;;;;
6-7-2020;3.0;9.0;25.0;13.0;19.0;17.0;2.0;6.0;1.0;;;;6-7-2020;1.0;;;;;;;1.0;;;;;6-7-2020;;;1.0;;;
7-7-2020;;12.0;22.0;10.0;13.0;16.0;5.0;4.0;;;;;7-7-2020;;;;;;;;1.0;;;;;;;;;;;
8-7-2020;1.0;13.0;24.0;24.0;15.0;13.0;5.0;5.0;1.0;;;;8-7-2020;;;;;;;1.0;1.0;;;;;;;;;;;
9-7-2020;4.0;13.0;18.0;16.0;26.0;15.0;2.0;3.0;1.0;;;;;;;;;;;;;;;;;;;;;;;
10-7-2020;2.0;16.0;19.0;25.0;21.0;20.0;9.0;4.0;;;;;10-7-2020;;;;;;1.0;;;;;;;;;;;;;
11-7-2020;1.0;17.0;25.0;24.0;18.0;17.0;14.0;10.0;1.0;1.0;;;11-7-2020;;;;;1.0;;1.0;1.0;;1.0;;;11-7-2020;;;;;1.0;
12-7-2020;2.0;13.0;20.0;20.0;22.0;22.0;12.0;4.0;3.0;;;;12-7-2020;;;;1.0;1.0;3.0;2.0;;;;;;;;;;;;
13-7-2020;3.0;21.0;34.0;30.0;29.0;27.0;18.0;6.0;4.0;1.0;;;13-7-2020;;;;1.0;;1.0;1.0;1.0;;;;;13-7-2020;;;1.0;2.0;1.0;
14-7-2020;3.0;15.0;44.0;34.0;29.0;21.0;13.0;8.0;2.0;1.0;;;14-7-2020;;;;;;;1.0;;;;;;;;;;;;
15-7-2020;2.0;21.0;60.0;41.0;33.0;23.0;20.0;8.0;3.0;;;;15-7-2020;;;;1.0;1.0;1.0;2.0;1.0;;;;;15-7-2020;;;1.0;;;
16-7-2020;2.0;18.0;36.0;21.0;17.0;24.0;14.0;8.0;3.0;1.0;;;16-7-2020;;;;;;2.0;;2.0;;;;;16-7-2020;;;1.0;1.0;;
17-7-2020;1.0;28.0;24.0;33.0;29.0;38.0;16.0;11.0;8.0;1.0;;;17-7-2020;;;;1.0;1.0;3.0;2.0;1.0;1.0;;;;17-7-2020;;;;2.0;;
18-7-2020;2.0;20.0;35.0;30.0;23.0;29.0;20.0;8.0;1.0;2.0;;;18-7-2020;;;;1.0;;;;1.0;;;;;18-7-2020;;;;;1.0;
19-7-2020;2.0;17.0;47.0;33.0;26.0;29.0;19.0;7.0;5.0;;;;19-7-2020;;;;;1.0;1.0;;;1.0;;;;;;;;;;
20-7-2020;2.0;22.0;57.0;44.0;38.0;45.0;26.0;5.0;4.0;;;;20-7-2020;;;;;1.0;1.0;1.0;1.0;1.0;;;;20-7-2020;;1.0;;;;
21-7-2020;1.0;15.0;70.0;45.0;30.0;37.0;18.0;7.0;4.0;1.0;;;21-7-2020;;;;1.0;;;1.0;;;;;;21-7-2020;;;;1.0;;
22-7-2020;5.0;33.0;80.0;49.0;49.0;42.0;18.0;11.0;;;;;22-7-2020;;;;;1.0;;4.0;1.0;;;;;22-7-2020;;1.0;;;;
23-7-2020;2.0;17.0;52.0;44.0;38.0;24.0;19.0;10.0;5.0;4.0;;;23-7-2020;;;;;1.0;2.0;1.0;1.0;1.0;;;;;;;;;;
24-7-2020;1.0;28.0;60.0;43.0;31.0;41.0;24.0;6.0;2.0;1.0;;;24-7-2020;;;;1.0;;;4.0;;;;;;;;;;;;
25-7-2020;3.0;27.0;85.0;49.0;42.0;56.0;31.0;16.0;9.0;3.0;;;25-7-2020;;;1.0;;2.0;;;2.0;2.0;;;;25-7-2020;;;1.0;1.0;;
26-7-2020;2.0;36.0;84.0;47.0;39.0;47.0;22.0;7.0;6.0;1.0;;;26-7-2020;;;;2.0;;1.0;1.0;1.0;;;;;;;;;;;
27-7-2020;6.0;49.0;132.0;84.0;62.0;65.0;36.0;13.0;8.0;;;;27-7-2020;;;;1.0;1.0;2.0;2.0;1.0;;;;;;;;;;;
28-7-2020;4.0;41.0;100.0;72.0;56.0;58.0;39.0;14.0;6.0;3.0;;;28-7-2020;;;1.0;1.0;1.0;2.0;2.0;1.0;2.0;;;;28-7-2020;;;;1.0;;
29-7-2020;4.0;42.0;129.0;87.0;57.0;67.0;27.0;21.0;12.0;1.0;;;29-7-2020;;;;;;1.0;3.0;1.0;1.0;;;;29-7-2020;;1.0;1.0;2.0;;
30-7-2020;2.0;38.0;133.0;65.0;67.0;62.0;28.0;14.0;5.0;3.0;;;30-7-2020;;;1.0;;1.0;1.0;2.0;1.0;1.0;3.0;;;30-7-2020;;;1.0;1.0;1.0;
31-7-2020;6.0;37.0;144.0;69.0;78.0;72.0;38.0;17.0;13.0;1.0;;;31-7-2020;1.0;;;1.0;;2.0;1.0;1.0;1.0;;;;31-7-2020;;;1.0;;;
1-8-2020;10.0;48.0;144.0;87.0;62.0;83.0;35.0;11.0;11.0;2.0;;;1-8-2020;;;;;;1.0;3.0;;2.0;;;;1-8-2020;;;;2.0;;
2-8-2020;4.0;50.0;147.0;97.0;70.0;77.0;31.0;19.0;8.0;1.0;;;2-8-2020;1.0;;;;1.0;1.0;3.0;1.0;;;;;2-8-2020;1.0;;1.0;2.0;;
3-8-2020;11.0;74.0;209.0;145.0;76.0;79.0;39.0;22.0;8.0;4.0;;;3-8-2020;;;;2.0;2.0;1.0;3.0;2.0;;;;;3-8-2020;;2.0;1.0;;1.0;
4-8-2020;9.0;57.0;194.0;109.0;85.0;65.0;53.0;11.0;4.0;6.0;;;4-8-2020;;;;2.0;;3.0;7.0;2.0;;1.0;;;4-8-2020;;3.0;1.0;1.0;2.0;
5-8-2020;2.0;73.0;205.0;114.0;82.0;84.0;38.0;13.0;6.0;2.0;;;5-8-2020;;;1.0;1.0;1.0;;;1.0;4.0;;;;5-8-2020;;;;;1.0;
6-8-2020;8.0;59.0;194.0;76.0;77.0;90.0;37.0;26.0;10.0;5.0;;;6-8-2020;;;;1.0;3.0;1.0;;1.0;2.0;;;;6-8-2020;;;;1.0;;
7-8-2020;7.0;64.0;180.0;105.0;91.0;99.0;33.0;20.0;13.0;4.0;;;7-8-2020;;;;;2.0;3.0;2.0;1.0;3.0;;;;7-8-2020;1.0;;;2.0;;
8-8-2020;6.0;58.0;159.0;88.0;72.0;83.0;39.0;16.0;6.0;1.0;;;8-8-2020;1.0;;;1.0;1.0;2.0;2.0;3.0;1.0;;;;8-8-2020;;;4.0;;;
9-8-2020;6.0;74.0;164.0;69.0;66.0;76.0;29.0;15.0;13.0;5.0;;;9-8-2020;;;;;;;3.0;4.0;;;;;9-8-2020;;;1.0;2.0;2.0;
10-8-2020;4.0;59.0;200.0;105.0;80.0;78.0;51.0;17.0;15.0;2.0;;;10-8-2020;;1.0;;;;1.0;7.0;1.0;1.0;;;;10-8-2020;1.0;1.0;;4.0;1.0;
11-8-2020;9.0;54.0;193.0;96.0;62.0;77.0;40.0;19.0;8.0;7.0;;;11-8-2020;;;;1.0;;2.0;3.0;3.0;3.0;;;;11-8-2020;;;1.0;3.0;4.0;
12-8-2020;6.0;82.0;188.0;113.0;75.0;75.0;32.0;14.0;8.0;5.0;;;12-8-2020;;;;;1.0;2.0;;2.0;2.0;1.0;;;12-8-2020;;;1.0;1.0;5.0;
13-8-2020;6.0;67.0;160.0;100.0;66.0;71.0;40.0;19.0;16.0;3.0;;;13-8-2020;;;;2.0;2.0;;2.0;3.0;;;;;13-8-2020;;;1.0;;;
14-8-2020;5.0;71.0;182.0;81.0;47.0;80.0;33.0;22.0;7.0;2.0;;;14-8-2020;1.0;;;2.0;;;3.0;2.0;;;;;14-8-2020;;1.0;2.0;2.0;1.0;
15-8-2020;4.0;68.0;163.0;84.0;69.0;66.0;26.0;10.0;14.0;3.0;;;15-8-2020;;;;1.0;;;3.0;;4.0;1.0;;;15-8-2020;;;;4.0;;
16-8-2020;4.0;42.0;134.0;87.0;52.0;73.0;26.0;16.0;3.0;1.0;;;16-8-2020;;;;;;2.0;1.0;1.0;;;;;16-8-2020;;;;;1.0;
17-8-2020;3.0;62.0;160.0;70.0;59.0;77.0;46.0;15.0;11.0;4.0;;;17-8-2020;;;;;1.0;2.0;1.0;4.0;1.0;;;;17-8-2020;;;1.0;1.0;;
18-8-2020;6.0;67.0;149.0;103.0;63.0;65.0;21.0;8.0;11.0;6.0;;;18-8-2020;;;1.0;1.0;;2.0;;;;;;;18-8-2020;;1.0;;2.0;;
19-8-2020;5.0;65.0;176.0;94.0;54.0;52.0;40.0;11.0;7.0;1.0;;;19-8-2020;;;;;;2.0;;2.0;1.0;;;;19-8-2020;;;2.0;;;
20-8-2020;4.0;50.0;160.0;77.0;67.0;73.0;26.0;11.0;7.0;;;;20-8-2020;;;;1.0;;1.0;1.0;;1.0;;;;20-8-2020;;;;1.0;;
21-8-2020;5.0;62.0;139.0;82.0;65.0;62.0;27.0;10.0;8.0;5.0;;;21-8-2020;;;;2.0;1.0;1.0;1.0;;;1.0;;;21-8-2020;;;1.0;;2.0;
22-8-2020;4.0;70.0;186.0;92.0;72.0;65.0;26.0;22.0;3.0;;;;22-8-2020;1.0;;1.0;;;;2.0;3.0;;;;;22-8-2020;;;;1.0;;
23-8-2020;9.0;61.0;166.0;94.0;55.0;59.0;39.0;13.0;7.0;3.0;;;23-8-2020;;;;;;;2.0;2.0;1.0;;;;23-8-2020;;;;;1.0;
24-8-2020;4.0;67.0;191.0;103.0;84.0;69.0;37.0;12.0;8.0;;;;24-8-2020;;;;1.0;1.0;3.0;1.0;3.0;;;;;;;;;;;
25-8-2020;9.0;79.0;209.0;103.0;62.0;70.0;43.0;17.0;6.0;2.0;;;25-8-2020;;1.0;;1.0;;2.0;4.0;2.0;;;;;25-8-2020;;;;1.0;1.0;
26-8-2020;1.0;75.0;215.0;105.0;74.0;71.0;44.0;14.0;9.0;10.0;;;26-8-2020;;;;1.0;;1.0;1.0;1.0;2.0;;;;26-8-2020;1.0;;1.0;;2.0;
27-8-2020;5.0;71.0;193.0;101.0;50.0;83.0;31.0;14.0;11.0;2.0;;;27-8-2020;;;;;1.0;3.0;;2.0;;1.0;;;27-8-2020;;;;;1.0;
28-8-2020;7.0;70.0;195.0;107.0;76.0;76.0;31.0;20.0;8.0;3.0;1.0;1.0;28-8-2020;;;;;1.0;1.0;1.0;2.0;;;;;28-8-2020;;;;1.0;;1.0
29-8-2020;9.0;82.0;202.0;88.0;57.0;84.0;39.0;12.0;12.0;2.0;;;29-8-2020;;;;1.0;1.0;2.0;1.0;2.0;;;;;29-8-2020;;;;2.0;;
30-8-2020;6.0;94.0;201.0;91.0;69.0;80.0;38.0;7.0;7.0;1.0;;;30-8-2020;1.0;;;;;3.0;2.0;3.0;1.0;1.0;;;30-8-2020;;;;1.0;;
31-8-2020;9.0;112.0;334.0;143.0;118.0;122.0;43.0;15.0;22.0;2.0;;;31-8-2020;;;1.0;1.0;1.0;5.0;1.0;2.0;3.0;;;;31-8-2020;;1.0;;2.0;;
1-9-2020;11.0;117.0;341.0;167.0;122.0;109.0;84.0;30.0;14.0;5.0;;;1-9-2020;;;;3.0;3.0;1.0;5.0;4.0;1.0;;;;1-9-2020;;1.0;;1.0;2.0;
2-9-2020;14.0;139.0;308.0;158.0;109.0;117.0;66.0;31.0;15.0;3.0;;;2-9-2020;;;;;;3.0;5.0;4.0;1.0;;;;2-9-2020;1.0;;2.0;2.0;;
3-9-2020;15.0;144.0;269.0;139.0;153.0;143.0;56.0;30.0;21.0;2.0;;;3-9-2020;1.0;1.0;;;3.0;2.0;2.0;1.0;;;;;;;;;;;
4-9-2020;12.0;132.0;320.0;206.0;179.0;158.0;81.0;42.0;17.0;5.0;;;4-9-2020;1.0;;1.0;1.0;2.0;3.0;3.0;4.0;1.0;;;;4-9-2020;;1.0;3.0;2.0;3.0;
5-9-2020;24.0;171.0;344.0;199.0;173.0;154.0;83.0;45.0;25.0;10.0;;;5-9-2020;;;;1.0;3.0;2.0;1.0;6.0;1.0;1.0;;;5-9-2020;;;2.0;1.0;1.0;
6-9-2020;13.0;164.0;391.0;211.0;161.0;168.0;92.0;27.0;18.0;4.0;;;6-9-2020;;;1.0;;;1.0;2.0;2.0;1.0;;;;6-9-2020;;;1.0;5.0;;
7-9-2020;15.0;256.0;457.0;246.0;207.0;218.0;96.0;43.0;18.0;8.0;;;7-9-2020;;;;2.0;4.0;5.0;7.0;3.0;;;;;7-9-2020;;1.0;3.0;1.0;1.0;
8-9-2020;16.0;223.0;506.0;280.0;227.0;207.0;117.0;54.0;21.0;9.0;;;8-9-2020;;;3.0;1.0;4.0;1.0;8.0;8.0;3.0;2.0;;;8-9-2020;;;4.0;2.0;;
9-9-2020;13.0;225.0;487.0;251.0;225.0;233.0;130.0;50.0;24.0;12.0;;;9-9-2020;;;2.0;4.0;2.0;1.0;5.0;4.0;7.0;;;;9-9-2020;;1.0;3.0;3.0;2.0;
10-9-2020;16.0;212.0;433.0;239.0;192.0;247.0;125.0;56.0;45.0;11.0;2.0;;10-9-2020;;2.0;2.0;2.0;3.0;4.0;4.0;4.0;4.0;1.0;;;10-9-2020;;;1.0;7.0;2.0;2.0
11-9-2020;20.0;246.0;480.0;250.0;288.0;285.0;122.0;57.0;33.0;12.0;;1.0;11-9-2020;;1.0;;1.0;5.0;7.0;7.0;6.0;6.0;;;;11-9-2020;;1.0;4.0;3.0;;
12-9-2020;19.0;252.0;435.0;274.0;269.0;264.0;121.0;55.0;32.0;9.0;;;12-9-2020;;;2.0;1.0;3.0;5.0;6.0;2.0;1.0;1.0;;;12-9-2020;;;1.0;1.0;2.0;
13-9-2020;17.0;268.0;486.0;298.0;242.0;264.0;120.0;60.0;39.0;14.0;;;13-9-2020;2.0;;;1.0;;3.0;7.0;7.0;5.0;;;;13-9-2020;;;2.0;7.0;3.0;
14-9-2020;18.0;360.0;685.0;399.0;330.0;360.0;171.0;96.0;54.0;21.0;1.0;1.0;14-9-2020;;1.0;1.0;5.0;3.0;7.0;7.0;13.0;3.0;1.0;1.0;;14-9-2020;;1.0;6.0;8.0;5.0;1.0
15-9-2020;15.0;345.0;687.0;368.0;363.0;336.0;167.0;78.0;53.0;13.0;;;15-9-2020;;;3.0;2.0;5.0;9.0;5.0;5.0;4.0;1.0;;;15-9-2020;1.0;;1.0;5.0;4.0;
16-9-2020;17.0;370.0;715.0;348.0;363.0;372.0;176.0;97.0;32.0;24.0;;;16-9-2020;1.0;;1.0;3.0;1.0;4.0;7.0;9.0;2.0;2.0;;;16-9-2020;;1.0;2.0;4.0;4.0;
17-9-2020;14.0;400.0;642.0;396.0;350.0;366.0;180.0;91.0;58.0;21.0;;;17-9-2020;1.0;;2.0;3.0;4.0;6.0;9.0;8.0;8.0;1.0;;;17-9-2020;2.0;1.0;1.0;5.0;3.0;
18-9-2020;15.0;342.0;657.0;385.0;336.0;368.0;196.0;91.0;42.0;8.0;;;18-9-2020;1.0;;2.0;2.0;3.0;5.0;11.0;6.0;4.0;;;;18-9-2020;;1.0;5.0;11.0;;
19-9-2020;14.0;337.0;619.0;390.0;366.0;398.0;186.0;97.0;61.0;15.0;2.0;;19-9-2020;;;3.0;;5.0;9.0;11.0;9.0;7.0;2.0;;;19-9-2020;1.0;2.0;5.0;10.0;4.0;2.0
20-9-2020;7.0;407.0;764.0;402.0;389.0;336.0;197.0;112.0;59.0;16.0;1.0;;20-9-2020;;;1.0;2.0;6.0;3.0;9.0;8.0;7.0;1.0;1.0;;20-9-2020;;2.0;4.0;5.0;7.0;1.0
21-9-2020;15.0;510.0;924.0;513.0;459.0;520.0;273.0;119.0;64.0;15.0;;1.0;21-9-2020;1.0;1.0;4.0;;6.0;11.0;9.0;15.0;8.0;3.0;;;21-9-2020;;;6.0;11.0;4.0;
22-9-2020;14.0;428.0;893.0;489.0;441.0;498.0;217.0;112.0;64.0;21.0;;;22-9-2020;2.0;;2.0;1.0;3.0;9.0;15.0;14.0;7.0;;;;22-9-2020;;2.0;9.0;9.0;5.0;
23-9-2020;16.0;389.0;861.0;483.0;482.0;502.0;281.0;118.0;57.0;23.0;;1.0;23-9-2020;3.0;;;4.0;8.0;6.0;10.0;9.0;10.0;;;;23-9-2020;1.0;3.0;5.0;8.0;7.0;
24-9-2020;12.0;414.0;760.0;416.0;485.0;479.0;269.0;139.0;69.0;17.0;1.0;;24-9-2020;1.0;;;1.0;7.0;3.0;13.0;16.0;7.0;1.0;;;24-9-2020;;5.0;4.0;4.0;5.0;1.0
25-9-2020;23.0;415.0;780.0;496.0;512.0;619.0;265.0;153.0;74.0;18.0;;;25-9-2020;2.0;;1.0;;5.0;12.0;9.0;21.0;6.0;1.0;;;25-9-2020;;;9.0;7.0;4.0;
26-9-2020;19.0;381.0;771.0;499.0;494.0;581.0;286.0;123.0;75.0;22.0;;;26-9-2020;;;;1.0;3.0;9.0;11.0;9.0;9.0;1.0;;;26-9-2020;1.0;3.0;6.0;15.0;4.0;
27-9-2020;12.0;479.0;834.0;514.0;514.0;542.0;295.0;135.0;84.0;26.0;1.0;;27-9-2020;;;;1.0;3.0;8.0;12.0;11.0;12.0;1.0;;;27-9-2020;;1.0;7.0;4.0;1.0;1.0
28-9-2020;25.0;642.0;1154.0;736.0;696.0;779.0;418.0;242.0;116.0;31.0;1.0;1.0;28-9-2020;1.0;1.0;1.0;4.0;2.0;18.0;12.0;17.0;18.0;;1.0;;28-9-2020;4.0;3.0;4.0;10.0;6.0;1.0
29-9-2020;18.0;562.0;1154.0;706.0;707.0;766.0;414.0;185.0;95.0;28.0;;;29-9-2020;1.0;;3.0;2.0;3.0;9.0;12.0;16.0;8.0;;;;29-9-2020;1.0;;9.0;14.0;9.0;
30-9-2020;26.0;560.0;1178.0;738.0;757.0;807.0;467.0;230.0;133.0;33.0;;;30-9-2020;2.0;1.0;1.0;3.0;6.0;14.0;13.0;21.0;20.0;1.0;;;30-9-2020;2.0;2.0;4.0;11.0;7.0;
1-10-2020;24.0;628.0;1124.0;836.0;825.0;890.0;527.0;276.0;152.0;25.0;1.0;1.0;1-10-2020;1.0;;1.0;;7.0;16.0;16.0;19.0;11.0;1.0;1.0;;1-10-2020;;2.0;8.0;11.0;4.0;1.0
2-10-2020;30.0;654.0;1209.0;859.0;910.0;1054.0;561.0;272.0;139.0;42.0;;1.0;2-10-2020;1.0;;1.0;4.0;7.0;14.0;10.0;21.0;19.0;2.0;;;2-10-2020;3.0;4.0;7.0;5.0;7.0;
3-10-2020;26.0;642.0;1204.0;885.0;855.0;1058.0;570.0;262.0;163.0;43.0;1.0;1.0;3-10-2020;;;2.0;1.0;7.0;14.0;22.0;25.0;23.0;3.0;1.0;;3-10-2020;1.0;7.0;8.0;18.0;8.0;1.0
4-10-2020;27.0;703.0;1251.0;791.0;824.0;936.0;517.0;243.0;110.0;30.0;;;4-10-2020;2.0;;2.0;5.0;3.0;14.0;19.0;26.0;11.0;;;;4-10-2020;1.0;1.0;8.0;18.0;7.0;
5-10-2020;42.0;891.0;1519.0;1036.0;1075.0;1221.0;718.0;379.0;190.0;50.0;;;5-10-2020;2.0;;3.0;6.0;11.0;16.0;27.0;33.0;25.0;1.0;;;5-10-2020;2.0;6.0;6.0;24.0;8.0;
6-10-2020;29.0;763.0;1396.0;977.0;1059.0;1134.0;688.0;330.0;178.0;65.0;1.0;;6-10-2020;;;;3.0;5.0;17.0;16.0;23.0;19.0;3.0;;;6-10-2020;;5.0;10.0;24.0;14.0;1.0
7-10-2020;33.0;775.0;1454.0;1023.0;1094.0;1196.0;666.0;387.0;206.0;54.0;;;7-10-2020;;1.0;;2.0;9.0;13.0;16.0;22.0;18.0;1.0;;;7-10-2020;;6.0;17.0;26.0;10.0;
8-10-2020;34.0;736.0;1361.0;987.0;1112.0;1245.0;702.0;357.0;200.0;61.0;;2.0;8-10-2020;4.0;;2.0;2.0;6.0;16.0;17.0;31.0;14.0;1.0;;;8-10-2020;;1.0;9.0;25.0;11.0;
9-10-2020;43.0;796.0;1401.0;1125.0;1224.0;1369.0;723.0;382.0;186.0;59.0;;;9-10-2020;4.0;;;5.0;10.0;17.0;21.0;24.0;17.0;2.0;;;9-10-2020;1.0;2.0;10.0;21.0;7.0;
10-10-2020;52.0;876.0;1394.0;1130.0;1196.0;1390.0;790.0;436.0;200.0;73.0;;1.0;10-10-2020;1.0;;4.0;1.0;8.0;12.0;21.0;27.0;21.0;3.0;;;10-10-2020;;4.0;13.0;23.0;8.0;
11-10-2020;32.0;776.0;1446.0;1064.0;1141.0;1186.0;678.0;361.0;167.0;45.0;;1.0;11-10-2020;2.0;;;2.0;7.0;11.0;20.0;24.0;13.0;3.0;;;11-10-2020;1.0;2.0;13.0;23.0;8.0;
12-10-2020;80.0;1075.0;1778.0;1362.0;1377.0;1561.0;901.0;517.0;234.0;61.0;3.0;3.0;12-10-2020;3.0;3.0;2.0;3.0;6.0;10.0;25.0;39.0;19.0;4.0;2.0;;12-10-2020;1.0;3.0;18.0;33.0;8.0;3.0
13-10-2020;41.0;991.0;1680.0;1341.0;1419.0;1495.0;820.0;421.0;222.0;74.0;;2.0;13-10-2020;2.0;;2.0;5.0;4.0;16.0;16.0;28.0;17.0;7.0;;;13-10-2020;;5.0;11.0;24.0;12.0;
14-10-2020;58.0;994.0;1790.0;1348.0;1401.0;1585.0;889.0;507.0;265.0;66.0;;6.0;14-10-2020;;;;5.0;6.0;18.0;18.0;38.0;23.0;5.0;;1.0;14-10-2020;2.0;7.0;23.0;32.0;18.0;
15-10-2020;50.0;949.0;1520.0;1282.0;1328.0;1487.0;807.0;463.0;258.0;77.0;1.0;3.0;15-10-2020;2.0;;4.0;2.0;4.0;10.0;23.0;26.0;23.0;2.0;;;15-10-2020;;7.0;15.0;25.0;13.0;1.0
16-10-2020;50.0;924.0;1609.0;1343.0;1394.0;1663.0;870.0;491.0;283.0;84.0;;3.0;16-10-2020;1.0;3.0;3.0;6.0;12.0;15.0;23.0;36.0;24.0;6.0;;;16-10-2020;;4.0;13.0;24.0;15.0;
17-10-2020;71.0;917.0;1651.0;1348.0;1463.0;1632.0;837.0;450.0;286.0;74.0;;1.0;17-10-2020;3.0;1.0;1.0;1.0;2.0;12.0;23.0;34.0;28.0;5.0;;;17-10-2020;1.0;2.0;14.0;37.0;12.0;
18-10-2020;57.0;935.0;1541.0;1241.0;1345.0;1404.0;826.0;431.0;215.0;73.0;;3.0;18-10-2020;3.0;;;3.0;4.0;12.0;13.0;30.0;33.0;5.0;;;18-10-2020;2.0;1.0;19.0;41.0;11.0;
19-10-2020;59.0;1005.0;1915.0;1528.0;1576.0;1845.0;993.0;582.0;349.0;91.0;;3.0;19-10-2020;2.0;1.0;2.0;1.0;12.0;29.0;23.0;43.0;23.0;4.0;;;19-10-2020;1.0;3.0;28.0;33.0;20.0;
20-10-2020;56.0;1049.0;1942.0;1474.0;1531.0;1762.0;964.0;557.0;334.0;120.0;2.0;2.0;20-10-2020;1.0;;4.0;4.0;7.0;11.0;21.0;41.0;30.0;5.0;1.0;;20-10-2020;1.0;1.0;18.0;38.0;25.0;2.0
21-10-2020;55.0;1008.0;1824.0;1431.0;1465.0;1699.0;1008.0;535.0;336.0;108.0;1.0;2.0;21-10-2020;1.0;2.0;2.0;3.0;7.0;23.0;29.0;38.0;32.0;5.0;1.0;;21-10-2020;3.0;4.0;17.0;32.0;13.0;1.0
22-10-2020;54.0;941.0;1656.0;1299.0;1419.0;1588.0;922.0;544.0;339.0;111.0;;1.0;22-10-2020;2.0;;3.0;3.0;8.0;13.0;20.0;35.0;26.0;4.0;;;22-10-2020;;6.0;26.0;45.0;20.0;
23-10-2020;59.0;983.0;1580.0;1431.0;1454.0;1695.0;1027.0;528.0;391.0;119.0;;;23-10-2020;;1.0;2.0;2.0;11.0;20.0;15.0;31.0;37.0;3.0;;;23-10-2020;2.0;5.0;15.0;51.0;22.0;
24-10-2020;68.0;974.0;1574.0;1331.0;1395.0;1575.0;930.0;484.0;302.0;96.0;;3.0;24-10-2020;1.0;;3.0;1.0;2.0;14.0;25.0;27.0;22.0;5.0;;;24-10-2020;1.0;3.0;17.0;43.0;18.0;
25-10-2020;68.0;939.0;1385.0;1195.0;1251.0;1492.0;832.0;490.0;278.0;98.0;3.0;1.0;25-10-2020;2.0;;;;11.0;19.0;18.0;30.0;21.0;1.0;;;25-10-2020;1.0;4.0;18.0;35.0;17.0;3.0
26-10-2020;63.0;1041.0;1623.0;1335.0;1427.0;1678.0;948.0;541.0;331.0;115.0;;1.0;26-10-2020;;;1.0;6.0;3.0;13.0;27.0;25.0;31.0;5.0;;;26-10-2020;1.0;11.0;12.0;47.0;28.0;
27-10-2020;44.0;936.0;1453.0;1130.0;1240.0;1466.0;862.0;453.0;336.0;106.0;;2.0;27-10-2020;2.0;;;5.0;4.0;13.0;13.0;28.0;21.0;6.0;;;27-10-2020;;4.0;24.0;45.0;20.0;
28-10-2020;60.0;863.0;1338.0;1134.0;1155.0;1353.0;811.0;491.0;333.0;101.0;1.0;;28-10-2020;1.0;;2.0;2.0;1.0;16.0;17.0;33.0;31.0;3.0;1.0;;28-10-2020;1.0;2.0;16.0;34.0;16.0;1.0
29-10-2020;45.0;727.0;1190.0;1027.0;1061.0;1301.0;716.0;466.0;335.0;128.0;;;29-10-2020;1.0;2.0;1.0;3.0;3.0;11.0;21.0;23.0;12.0;3.0;;;29-10-2020;1.0;6.0;13.0;39.0;22.0;
30-10-2020;52.0;742.0;1164.0;966.0;1034.0;1270.0;729.0;411.0;314.0;84.0;2.0;;30-10-2020;1.0;;;2.0;4.0;12.0;19.0;37.0;30.0;1.0;1.0;;30-10-2020;1.0;9.0;19.0;35.0;10.0;2.0
31-10-2020;45.0;707.0;1073.0;959.0;1013.0;1211.0;640.0;395.0;247.0;83.0;;;31-10-2020;;;2.0;1.0;3.0;10.0;14.0;23.0;19.0;2.0;;;31-10-2020;2.0;4.0;17.0;38.0;18.0;
1-11-2020;47.0;729.0;1086.0;881.0;951.0;1106.0;654.0;373.0;235.0;85.0;;;1-11-2020;1.0;1.0;1.0;1.0;6.0;11.0;16.0;21.0;11.0;3.0;;;1-11-2020;;4.0;13.0;24.0;22.0;
2-11-2020;55.0;741.0;1131.0;929.0;935.0;1065.0;667.0;413.0;322.0;93.0;;;2-11-2020;1.0;;1.0;6.0;4.0;8.0;23.0;27.0;24.0;3.0;;;2-11-2020;;6.0;11.0;40.0;19.0;
3-11-2020;46.0;693.0;1089.0;872.0;877.0;1016.0;612.0;349.0;288.0;75.0;;;3-11-2020;1.0;;2.0;;5.0;8.0;17.0;17.0;19.0;3.0;;;3-11-2020;;3.0;14.0;32.0;15.0;
4-11-2020;59.0;681.0;1012.0;821.0;831.0;1021.0;613.0;346.0;277.0;76.0;1.0;;4-11-2020;;;;2.0;;14.0;15.0;19.0;19.0;1.0;;;4-11-2020;3.0;1.0;14.0;29.0;5.0;1.0
5-11-2020;52.0;595.0;907.0;751.0;773.0;916.0;558.0;277.0;236.0;94.0;;;5-11-2020;1.0;;;3.0;7.0;12.0;15.0;18.0;15.0;4.0;;;5-11-2020;3.0;5.0;4.0;25.0;12.0;
6-11-2020;43.0;623.0;856.0;774.0;826.0;927.0;585.0;322.0;237.0;85.0;;;6-11-2020;1.0;;2.0;2.0;4.0;8.0;8.0;24.0;23.0;3.0;;;6-11-2020;;4.0;14.0;24.0;11.0;
7-11-2020;48.0;620.0;811.0;742.0;834.0;884.0;539.0;257.0;183.0;64.0;1.0;;7-11-2020;;2.0;3.0;;5.0;9.0;12.0;10.0;19.0;5.0;;;7-11-2020;3.0;4.0;4.0;21.0;6.0;1.0
8-11-2020;46.0;587.0;834.0;735.0;729.0;835.0;533.0;271.0;161.0;48.0;;;8-11-2020;;;3.0;2.0;3.0;6.0;12.0;19.0;13.0;3.0;;;8-11-2020;2.0;2.0;9.0;20.0;3.0;
9-11-2020;54.0;792.0;972.0;785.0;888.0;1016.0;616.0;340.0;232.0;81.0;;;9-11-2020;2.0;2.0;2.0;3.0;5.0;8.0;13.0;21.0;16.0;4.0;;;9-11-2020;2.0;2.0;14.0;22.0;15.0;
10-11-2020;66.0;712.0;932.0;752.0;825.0;917.0;547.0;350.0;204.0;62.0;;;10-11-2020;1.0;;;5.0;4.0;12.0;15.0;19.0;15.0;2.0;;;10-11-2020;1.0;4.0;20.0;25.0;7.0;
11-11-2020;65.0;713.0;952.0;812.0;869.0;992.0;576.0;328.0;264.0;89.0;;;11-11-2020;1.0;;2.0;3.0;3.0;14.0;17.0;15.0;13.0;6.0;;;11-11-2020;;6.0;18.0;33.0;14.0;
12-11-2020;61.0;643.0;797.0;754.0;819.0;861.0;512.0;304.0;239.0;102.0;;;12-11-2020;1.0;;1.0;4.0;5.0;8.0;19.0;10.0;18.0;2.0;;;12-11-2020;;4.0;10.0;29.0;20.0;
13-11-2020;52.0;699.0;763.0;735.0;777.0;928.0;530.0;326.0;242.0;79.0;1.0;;13-11-2020;1.0;1.0;1.0;4.0;4.0;10.0;16.0;25.0;18.0;4.0;;;13-11-2020;;6.0;14.0;28.0;12.0;1.0
14-11-2020;61.0;701.0;782.0;731.0;855.0;908.0;546.0;270.0;186.0;67.0;;;14-11-2020;2.0;;2.0;1.0;1.0;6.0;15.0;16.0;5.0;4.0;;;14-11-2020;;2.0;7.0;17.0;10.0;
15-11-2020;56.0;781.0;807.0;727.0;779.0;789.0;437.0;262.0;189.0;54.0;;;15-11-2020;;1.0;1.0;2.0;2.0;6.0;5.0;14.0;20.0;1.0;;;15-11-2020;1.0;1.0;5.0;21.0;7.0;
16-11-2020;68.0;921.0;949.0;769.0;937.0;974.0;566.0;351.0;236.0;76.0;1.0;;16-11-2020;1.0;;1.0;2.0;4.0;9.0;15.0;28.0;16.0;3.0;;;16-11-2020;;;9.0;24.0;11.0;1.0
17-11-2020;60.0;862.0;879.0;788.0;868.0;937.0;512.0;314.0;199.0;62.0;;;17-11-2020;1.0;;3.0;3.0;1.0;4.0;10.0;21.0;14.0;4.0;;;17-11-2020;2.0;4.0;12.0;20.0;14.0;
18-11-2020;53.0;847.0;828.0;737.0;846.0;893.0;458.0;285.0;237.0;74.0;;;18-11-2020;;;1.0;1.0;4.0;10.0;9.0;15.0;15.0;4.0;;;18-11-2020;1.0;2.0;10.0;10.0;7.0;
19-11-2020;75.0;803.0;706.0;702.0;768.0;754.0;450.0;264.0;183.0;81.0;;;19-11-2020;2.0;;1.0;;5.0;10.0;14.0;11.0;14.0;1.0;;;19-11-2020;1.0;2.0;16.0;24.0;14.0;
20-11-2020;53.0;751.0;734.0;722.0;740.0;821.0;464.0;300.0;182.0;85.0;;;20-11-2020;1.0;;1.0;3.0;2.0;10.0;13.0;16.0;12.0;1.0;;;20-11-2020;1.0;;9.0;13.0;7.0;
21-11-2020;56.0;799.0;704.0;639.0;713.0;813.0;422.0;268.0;180.0;52.0;;;21-11-2020;2.0;1.0;;2.0;1.0;6.0;12.0;17.0;10.0;3.0;;;21-11-2020;;1.0;15.0;21.0;8.0;
22-11-2020;55.0;784.0;639.0;583.0;693.0;677.0;386.0;244.0;134.0;43.0;2.0;;22-11-2020;;;;1.0;5.0;4.0;8.0;13.0;10.0;1.0;;;22-11-2020;;3.0;8.0;15.0;8.0;2.0
23-11-2020;91.0;978.0;852.0;747.0;800.0;885.0;472.0;305.0;177.0;68.0;1.0;;23-11-2020;1.0;;;4.0;1.0;10.0;16.0;25.0;11.0;3.0;;;23-11-2020;5.0;4.0;20.0;22.0;11.0;1.0
24-11-2020;63.0;827.0;790.0;661.0;756.0;800.0;475.0;287.0;164.0;69.0;;;24-11-2020;;;;1.0;;8.0;11.0;12.0;6.0;6.0;;;24-11-2020;;2.0;9.0;17.0;12.0;
25-11-2020;81.0;794.0;721.0;685.0;774.0;817.0;443.0;273.0;207.0;48.0;;;25-11-2020;1.0;;1.0;2.0;3.0;9.0;11.0;20.0;10.0;1.0;;;25-11-2020;;;18.0;29.0;6.0;
26-11-2020;64.0;797.0;691.0;639.0;706.0;741.0;428.0;291.0;170.0;76.0;1.0;;26-11-2020;1.0;1.0;;1.0;2.0;9.0;13.0;17.0;13.0;3.0;;;26-11-2020;2.0;2.0;12.0;20.0;12.0;1.0
27-11-2020;81.0;819.0;719.0;670.0;745.0;872.0;487.0;274.0;178.0;62.0;;;27-11-2020;;;;;6.0;13.0;12.0;16.0;9.0;3.0;;;27-11-2020;;2.0;14.0;17.0;4.0;
28-11-2020;75.0;756.0;704.0;672.0;814.0;872.0;477.0;277.0;189.0;65.0;;;28-11-2020;1.0;;2.0;2.0;4.0;13.0;10.0;13.0;10.0;5.0;;;28-11-2020;1.0;;11.0;18.0;11.0;
29-11-2020;70.0;858.0;760.0;661.0;717.0;765.0;448.0;250.0;157.0;44.0;;;29-11-2020;;;;1.0;4.0;9.0;9.0;11.0;14.0;3.0;;;29-11-2020;1.0;2.0;11.0;18.0;12.0;
30-11-2020;96.0;1161.0;1026.0;805.0;946.0;1035.0;630.0;340.0;231.0;81.0;;;30-11-2020;;;1.0;4.0;4.0;14.0;19.0;23.0;25.0;1.0;;;30-11-2020;1.0;1.0;14.0;20.0;23.0;
1-12-2020;90.0;1050.0;1070.0;888.0;1038.0;1022.0;642.0;377.0;265.0;97.0;1.0;;1-12-2020;;;1.0;1.0;4.0;8.0;14.0;21.0;8.0;5.0;;;1-12-2020;1.0;2.0;18.0;25.0;20.0;1.0
2-12-2020;99.0;1160.0;1014.0;872.0;1043.0;1122.0;687.0;370.0;236.0;95.0;;;2-12-2020;1.0;;2.0;1.0;4.0;7.0;16.0;21.0;19.0;2.0;;;2-12-2020;1.0;8.0;15.0;19.0;15.0;
3-12-2020;121.0;1216.0;939.0;857.0;1059.0;1084.0;649.0;393.0;244.0;89.0;;;3-12-2020;;;;2.0;6.0;11.0;17.0;18.0;22.0;4.0;;;3-12-2020;;5.0;15.0;31.0;15.0;
4-12-2020;143.0;1302.0;1048.0;895.0;1142.0;1195.0;667.0;423.0;255.0;68.0;;;4-12-2020;2.0;;2.0;;3.0;14.0;22.0;19.0;16.0;1.0;;;4-12-2020;2.0;10.0;15.0;29.0;19.0;
5-12-2020;128.0;1371.0;1000.0;978.0;1169.0;1224.0;713.0;424.0;222.0;90.0;;;5-12-2020;;;;3.0;3.0;9.0;10.0;18.0;15.0;8.0;;;5-12-2020;1.0;3.0;8.0;26.0;19.0;
6-12-2020;134.0;1453.0;1048.0;1026.0;1137.0;1198.0;688.0;410.0;242.0;69.0;;;6-12-2020;1.0;;;3.0;1.0;7.0;10.0;16.0;19.0;2.0;;;6-12-2020;;1.0;10.0;30.0;13.0;
7-12-2020;187.0;1772.0;1366.0;1155.0;1398.0;1407.0;881.0;524.0;301.0;108.0;1.0;;7-12-2020;2.0;;;3.0;5.0;4.0;12.0;22.0;20.0;4.0;;;7-12-2020;1.0;5.0;15.0;27.0;17.0;1.0
8-12-2020;178.0;1677.0;1455.0;1263.0;1530.0;1520.0;955.0;557.0;361.0;126.0;;;8-12-2020;;1.0;2.0;3.0;1.0;11.0;19.0;28.0;25.0;3.0;;;8-12-2020;3.0;;21.0;44.0;21.0;
9-12-2020;161.0;1728.0;1409.0;1274.0;1471.0;1558.0;902.0;572.0;357.0;130.0;1.0;;9-12-2020;1.0;1.0;2.0;1.0;3.0;7.0;15.0;17.0;18.0;3.0;;;9-12-2020;4.0;6.0;14.0;47.0;21.0;1.0
10-12-2020;183.0;1605.0;1287.0;1186.0;1396.0;1556.0;970.0;590.0;360.0;138.0;1.0;;10-12-2020;2.0;1.0;1.0;3.0;5.0;7.0;16.0;23.0;26.0;4.0;;;10-12-2020;2.0;3.0;22.0;50.0;21.0;1.0
11-12-2020;169.0;1628.0;1334.0;1346.0;1626.0;1674.0;1008.0;620.0;391.0;140.0;;;11-12-2020;1.0;2.0;3.0;4.0;6.0;10.0;9.0;24.0;24.0;4.0;;;11-12-2020;1.0;3.0;25.0;37.0;27.0;
12-12-2020;187.0;1614.0;1413.0;1330.0;1578.0;1725.0;1026.0;598.0;385.0;127.0;2.0;;12-12-2020;1.0;1.0;4.0;2.0;5.0;14.0;14.0;27.0;22.0;3.0;1.0;;12-12-2020;2.0;5.0;17.0;39.0;21.0;2.0
13-12-2020;185.0;1628.0;1495.0;1328.0;1557.0;1640.0;1025.0;569.0;346.0;98.0;;;13-12-2020;2.0;;1.0;2.0;7.0;14.0;12.0;21.0;21.0;3.0;;;13-12-2020;2.0;4.0;19.0;27.0;16.0;
14-12-2020;194.0;1979.0;1922.0;1591.0;1950.0;2209.0;1216.0;765.0;446.0;153.0;1.0;;14-12-2020;1.0;;2.0;2.0;6.0;12.0;25.0;31.0;18.0;3.0;;;14-12-2020;1.0;;27.0;47.0;30.0;1.0
15-12-2020;210.0;1892.0;1897.0;1625.0;1935.0;2066.0;1235.0;722.0;457.0;159.0;1.0;;15-12-2020;1.0;1.0;1.0;2.0;7.0;12.0;23.0;28.0;16.0;3.0;;;15-12-2020;1.0;3.0;20.0;44.0;27.0;1.0
16-12-2020;183.0;1761.0;1785.0;1512.0;1839.0;1949.0;1267.0;767.0;488.0;159.0;1.0;;16-12-2020;;;1.0;2.0;5.0;10.0;20.0;25.0;25.0;2.0;;;16-12-2020;3.0;10.0;26.0;55.0;23.0;1.0
17-12-2020;165.0;1496.0;1695.0;1419.0;1744.0;1875.0;1159.0;730.0;480.0;170.0;1.0;;17-12-2020;1.0;1.0;2.0;2.0;5.0;11.0;23.0;30.0;21.0;7.0;1.0;;17-12-2020;;11.0;29.0;52.0;29.0;1.0
18-12-2020;144.0;1503.0;1623.0;1434.0;1762.0;1975.0;1190.0;701.0;450.0;152.0;2.0;;18-12-2020;;;;;4.0;8.0;25.0;30.0;25.0;7.0;;;18-12-2020;2.0;8.0;17.0;53.0;28.0;2.0
19-12-2020;164.0;1456.0;1447.0;1464.0;1746.0;1958.0;1091.0;634.0;392.0;141.0;;;19-12-2020;2.0;1.0;3.0;2.0;5.0;12.0;15.0;24.0;17.0;3.0;;;19-12-2020;;4.0;14.0;36.0;26.0;
20-12-2020;137.0;1285.0;1506.0;1267.0;1487.0;1748.0;1035.0;630.0;373.0;133.0;1.0;;20-12-2020;1.0;;;2.0;6.0;16.0;20.0;34.0;21.0;4.0;;;20-12-2020;3.0;4.0;21.0;36.0;32.0;1.0
21-12-2020;168.0;1365.0;1696.0;1461.0;1679.0;1962.0;1246.0;695.0;449.0;170.0;1.0;;21-12-2020;1.0;1.0;3.0;2.0;2.0;12.0;19.0;43.0;20.0;7.0;;;21-12-2020;;6.0;26.0;43.0;35.0;1.0
22-12-2020;191.0;1236.0;1575.0;1342.0;1557.0;1807.0;1102.0;652.0;515.0;173.0;;;22-12-2020;1.0;2.0;;2.0;3.0;12.0;19.0;24.0;21.0;3.0;;;22-12-2020;;10.0;23.0;51.0;25.0;
23-12-2020;153.0;1184.0;1434.0;1156.0;1349.0;1571.0;988.0;634.0;460.0;151.0;2.0;;23-12-2020;3.0;;;2.0;4.0;8.0;21.0;32.0;17.0;7.0;1.0;;23-12-2020;;6.0;31.0;56.0;24.0;2.0
24-12-2020;161.0;1055.0;1307.0;1091.0;1282.0;1542.0;964.0;624.0;487.0;150.0;;;24-12-2020;;1.0;3.0;1.0;7.0;15.0;34.0;36.0;23.0;7.0;;;24-12-2020;1.0;7.0;21.0;61.0;31.0;
25-12-2020;123.0;910.0;1119.0;993.0;1141.0;1441.0;906.0;585.0;372.0;108.0;;;25-12-2020;1.0;;;1.0;8.0;8.0;15.0;21.0;22.0;7.0;;;25-12-2020;2.0;5.0;18.0;30.0;19.0;
26-12-2020;133.0;831.0;1183.0;1002.0;1204.0;1325.0;786.0;540.0;318.0;89.0;1.0;;26-12-2020;;;;2.0;5.0;7.0;11.0;21.0;25.0;4.0;1.0;;26-12-2020;2.0;4.0;17.0;36.0;15.0;1.0
27-12-2020;101.0;897.0;1333.0;1121.0;1165.0;1428.0;909.0;571.0;322.0;105.0;;;27-12-2020;1.0;;1.0;2.0;3.0;11.0;16.0;21.0;19.0;6.0;;;27-12-2020;1.0;2.0;19.0;44.0;18.0;
28-12-2020;136.0;988.0;1478.0;1206.0;1308.0;1654.0;1032.0;695.0;428.0;148.0;;;28-12-2020;3.0;;;2.0;7.0;16.0;7.0;24.0;18.0;6.0;;;28-12-2020;4.0;4.0;22.0;40.0;28.0;
29-12-2020;114.0;873.0;1451.0;1103.0;1142.0;1434.0;928.0;661.0;431.0;164.0;;;29-12-2020;;1.0;1.0;4.0;4.0;12.0;17.0;18.0;15.0;6.0;;;29-12-2020;;3.0;27.0;42.0;19.0;
30-12-2020;101.0;794.0;1203.0;968.0;1021.0;1301.0;795.0;579.0;416.0;132.0;;;30-12-2020;2.0;;;1.0;6.0;7.0;15.0;25.0;19.0;2.0;;;30-12-2020;;4.0;13.0;31.0;15.0;
31-12-2020;120.0;785.0;1149.0;887.0;916.0;1264.0;861.0;592.0;327.0;115.0;;;31-12-2020;;1.0;2.0;2.0;4.0;13.0;19.0;29.0;22.0;5.0;;;31-12-2020;;5.0;22.0;27.0;22.0;
1-1-2021;122.0;828.0;1210.0;925.0;962.0;1154.0;748.0;434.0;285.0;100.0;;;1-1-2021;;1.0;;1.0;1.0;18.0;25.0;25.0;15.0;1.0;;;1-1-2021;2.0;5.0;15.0;27.0;8.0;
2-1-2021;96.0;838.0;1389.0;907.0;979.0;1208.0;752.0;454.0;271.0;96.0;;;2-1-2021;2.0;;2.0;1.0;1.0;14.0;12.0;20.0;15.0;2.0;;;2-1-2021;;4.0;15.0;36.0;13.0;
3-1-2021;104.0;1033.0;1592.0;976.0;1014.0;1191.0;766.0;459.0;313.0;97.0;1.0;;3-1-2021;;;1.0;;3.0;16.0;15.0;17.0;11.0;3.0;1.0;;3-1-2021;3.0;;11.0;41.0;20.0;1.0
4-1-2021;143.0;1079.0;1678.0;1069.0;1094.0;1417.0;839.0;538.0;382.0;116.0;;;4-1-2021;;;3.0;4.0;6.0;12.0;19.0;29.0;30.0;4.0;;;4-1-2021;2.0;7.0;20.0;56.0;21.0;
5-1-2021;109.0;925.0;1420.0;861.0;933.0;1153.0;699.0;491.0;384.0;127.0;;;5-1-2021;3.0;;;;1.0;12.0;15.0;20.0;22.0;4.0;;;5-1-2021;;7.0;20.0;45.0;30.0;
6-1-2021;129.0;919.0;1280.0;833.0;847.0;1115.0;685.0;464.0;357.0;138.0;;;6-1-2021;1.0;;1.0;2.0;3.0;7.0;15.0;20.0;14.0;5.0;;;6-1-2021;;4.0;16.0;33.0;30.0;
7-1-2021;118.0;787.0;1103.0;725.0;823.0;1064.0;661.0;392.0;291.0;121.0;1.0;;7-1-2021;1.0;;3.0;2.0;3.0;8.0;14.0;21.0;15.0;2.0;1.0;;7-1-2021;1.0;4.0;17.0;24.0;14.0;1.0
8-1-2021;95.0;694.0;935.0;714.0;778.0;1111.0;637.0;413.0;292.0;110.0;;;8-1-2021;;;;1.0;5.0;15.0;17.0;23.0;12.0;2.0;;;8-1-2021;2.0;4.0;20.0;25.0;16.0;
9-1-2021;118.0;572.0;873.0;749.0;745.0;1068.0;608.0;324.0;274.0;104.0;;;9-1-2021;;;1.0;3.0;4.0;7.0;16.0;15.0;15.0;1.0;;;9-1-2021;;4.0;20.0;24.0;14.0;
10-1-2021;80.0;617.0;870.0;600.0;711.0;1025.0;577.0;333.0;256.0;94.0;;;10-1-2021;1.0;1.0;1.0;1.0;3.0;6.0;13.0;17.0;17.0;3.0;;;10-1-2021;;5.0;17.0;32.0;14.0;
11-1-2021;121.0;634.0;1016.0;744.0;788.0;1131.0;759.0;403.0;318.0;123.0;;;11-1-2021;;;1.0;;1.0;12.0;20.0;24.0;16.0;6.0;;;11-1-2021;1.0;4.0;18.0;36.0;24.0;
12-1-2021;127.0;703.0;1037.0;789.0;726.0;1111.0;648.0;399.0;327.0;139.0;1.0;;12-1-2021;;1.0;1.0;1.0;5.0;13.0;15.0;17.0;20.0;6.0;;;12-1-2021;2.0;5.0;17.0;45.0;26.0;1.0
13-1-2021;120.0;615.0;934.0;751.0;753.0;1114.0;632.0;381.0;297.0;113.0;;;13-1-2021;1.0;;;3.0;3.0;7.0;21.0;24.0;14.0;5.0;;;13-1-2021;;4.0;14.0;31.0;11.0;
14-1-2021;114.0;559.0;884.0;665.0;672.0;962.0;589.0;324.0;234.0;72.0;;;14-1-2021;;;;;3.0;9.0;15.0;18.0;14.0;3.0;;;14-1-2021;1.0;10.0;10.0;27.0;12.0;
15-1-2021;113.0;488.0;878.0;738.0;711.0;989.0;653.0;399.0;267.0;112.0;1.0;;15-1-2021;;;;2.0;1.0;13.0;16.0;25.0;21.0;2.0;;;15-1-2021;;7.0;15.0;37.0;20.0;1.0
16-1-2021;114.0;526.0;792.0;679.0;698.0;973.0;530.0;301.0;205.0;57.0;1.0;;16-1-2021;;;1.0;;2.0;12.0;18.0;17.0;8.0;3.0;;;16-1-2021;;8.0;11.0;19.0;13.0;1.0
17-1-2021;104.0;507.0;808.0;672.0;646.0;869.0;502.0;311.0;191.0;61.0;;;17-1-2021;;;;1.0;9.0;6.0;11.0;20.0;12.0;1.0;;;17-1-2021;1.0;5.0;15.0;31.0;9.0;
18-1-2021;138.0;581.0;938.0;763.0;759.0;1023.0;642.0;359.0;273.0;97.0;;;18-1-2021;;1.0;;3.0;3.0;10.0;14.0;29.0;15.0;;;;18-1-2021;1.0;2.0;15.0;30.0;15.0;
19-1-2021;116.0;559.0;949.0;719.0;691.0;955.0;580.0;368.0;274.0;105.0;;;19-1-2021;;;1.0;1.0;6.0;9.0;14.0;19.0;12.0;3.0;;;19-1-2021;2.0;4.0;14.0;26.0;18.0;
20-1-2021;119.0;554.0;875.0;717.0;752.0;955.0;622.0;358.0;265.0;101.0;1.0;;20-1-2021;;;1.0;2.0;4.0;6.0;16.0;24.0;16.0;3.0;;;20-1-2021;1.0;10.0;16.0;26.0;23.0;1.0
21-1-2021;106.0;480.0;769.0;676.0;625.0;826.0;529.0;281.0;238.0;75.0;;;21-1-2021;2.0;;1.0;1.0;2.0;12.0;21.0;12.0;10.0;6.0;;;21-1-2021;1.0;6.0;9.0;18.0;16.0;
22-1-2021;132.0;449.0;725.0;628.0;630.0;864.0;541.0;278.0;243.0;80.0;3.0;;22-1-2021;;1.0;1.0;1.0;6.0;10.0;17.0;19.0;14.0;;;;22-1-2021;1.0;4.0;14.0;23.0;14.0;3.0
23-1-2021;132.0;440.0;684.0;588.0;615.0;799.0;512.0;247.0;163.0;60.0;;;23-1-2021;3.0;1.0;1.0;3.0;3.0;10.0;10.0;15.0;11.0;1.0;;;23-1-2021;;2.0;13.0;18.0;9.0;
24-1-2021;95.0;404.0;640.0;537.0;553.0;713.0;464.0;234.0;152.0;54.0;;;24-1-2021;;;1.0;3.0;2.0;7.0;9.0;11.0;5.0;2.0;;;24-1-2021;;1.0;10.0;23.0;7.0;
25-1-2021;107.0;485.0;744.0;584.0;617.0;789.0;512.0;318.0;233.0;89.0;;;25-1-2021;2.0;;3.0;4.0;7.0;9.0;14.0;22.0;17.0;2.0;;;25-1-2021;1.0;3.0;12.0;22.0;13.0;
26-1-2021;112.0;444.0;696.0;570.0;574.0;738.0;461.0;272.0;210.0;82.0;1.0;;26-1-2021;;;1.0;1.0;2.0;9.0;10.0;19.0;11.0;4.0;;;26-1-2021;2.0;1.0;12.0;27.0;8.0;1.0
27-1-2021;132.0;461.0;698.0;588.0;573.0;765.0;484.0;284.0;227.0;88.0;;;27-1-2021;;;1.0;1.0;3.0;3.0;13.0;12.0;16.0;3.0;;;27-1-2021;;6.0;15.0;25.0;13.0;
28-1-2021;123.0;380.0;634.0;497.0;514.0;733.0;448.0;244.0;202.0;69.0;1.0;;28-1-2021;;1.0;;1.0;1.0;9.0;9.0;17.0;12.0;3.0;;;28-1-2021;;1.0;9.0;30.0;13.0;1.0
29-1-2021;139.0;357.0;630.0;562.0;552.0;677.0;432.0;221.0;197.0;60.0;;;29-1-2021;1.0;1.0;1.0;4.0;6.0;15.0;12.0;16.0;9.0;1.0;;;29-1-2021;1.0;1.0;13.0;25.0;15.0;
30-1-2021;155.0;355.0;564.0;476.0;521.0;682.0;396.0;215.0;144.0;42.0;;;30-1-2021;1.0;;2.0;1.0;1.0;11.0;10.0;16.0;14.0;2.0;;;30-1-2021;1.0;4.0;14.0;21.0;9.0;
31-1-2021;126.0;354.0;565.0;447.0;466.0;647.0;398.0;199.0;145.0;46.0;;;31-1-2021;;1.0;2.0;;2.0;9.0;16.0;10.0;7.0;3.0;;;31-1-2021;1.0;4.0;7.0;29.0;9.0;
1-2-2021;146.0;420.0;661.0;570.0;577.0;723.0;435.0;260.0;202.0;74.0;;;1-2-2021;;1.0;;1.0;5.0;17.0;13.0;17.0;12.0;3.0;;;1-2-2021;1.0;3.0;15.0;26.0;19.0;
2-2-2021;148.0;409.0;605.0;550.0;524.0;667.0;413.0;243.0;207.0;88.0;;;2-2-2021;2.0;;;2.0;2.0;11.0;17.0;19.0;10.0;2.0;;;2-2-2021;;4.0;10.0;35.0;12.0;
3-2-2021;142.0;408.0;627.0;517.0;550.0;692.0;425.0;243.0;186.0;59.0;1.0;;3-2-2021;1.0;;;2.0;5.0;6.0;13.0;18.0;17.0;;;;3-2-2021;3.0;4.0;18.0;22.0;11.0;1.0
4-2-2021;157.0;324.0;603.0;517.0;478.0;634.0;413.0;219.0;199.0;81.0;;;4-2-2021;;1.0;1.0;1.0;4.0;4.0;9.0;13.0;14.0;4.0;;;4-2-2021;1.0;3.0;14.0;17.0;20.0;
5-2-2021;143.0;373.0;527.0;513.0;519.0;633.0;419.0;235.0;194.0;63.0;;;5-2-2021;;1.0;4.0;1.0;6.0;16.0;15.0;10.0;14.0;1.0;;;5-2-2021;3.0;5.0;7.0;28.0;12.0;
6-2-2021;172.0;340.0;507.0;417.0;455.0;608.0;385.0;198.0;156.0;59.0;;;6-2-2021;1.0;;;3.0;4.0;13.0;8.0;16.0;8.0;1.0;;;6-2-2021;;1.0;12.0;19.0;14.0;
7-2-2021;115.0;278.0;484.0;446.0;423.0;558.0;352.0;166.0;119.0;33.0;;;7-2-2021;;;1.0;;3.0;6.0;19.0;13.0;15.0;;;;7-2-2021;;3.0;6.0;16.0;8.0;
8-2-2021;138.0;342.0;555.0;507.0;482.0;598.0;412.0;218.0;168.0;64.0;1.0;;8-2-2021;2.0;1.0;2.0;2.0;3.0;13.0;13.0;24.0;16.0;5.0;1.0;;8-2-2021;;3.0;12.0;26.0;9.0;1.0
9-2-2021;156.0;416.0;611.0;551.0;499.0;680.0;440.0;238.0;203.0;60.0;;;9-2-2021;;1.0;1.0;2.0;1.0;8.0;16.0;19.0;17.0;5.0;;;9-2-2021;;3.0;19.0;35.0;11.0;
10-2-2021;168.0;408.0;639.0;507.0;470.0;605.0;378.0;212.0;178.0;58.0;;;10-2-2021;;;1.0;1.0;3.0;7.0;13.0;8.0;14.0;4.0;;;10-2-2021;2.0;2.0;10.0;26.0;4.0;
11-2-2021;170.0;341.0;553.0;496.0;459.0;631.0;362.0;230.0;197.0;57.0;1.0;;11-2-2021;;;1.0;;6.0;5.0;10.0;18.0;15.0;3.0;;;11-2-2021;2.0;3.0;9.0;25.0;11.0;1.0
12-2-2021;153.0;359.0;547.0;477.0;489.0;641.0;377.0;206.0;165.0;48.0;2.0;;12-2-2021;;;;3.0;4.0;11.0;13.0;20.0;13.0;3.0;;;12-2-2021;1.0;4.0;15.0;21.0;18.0;2.0
13-2-2021;165.0;355.0;511.0;477.0;495.0;644.0;340.0;213.0;124.0;48.0;;;13-2-2021;;;;2.0;7.0;13.0;10.0;21.0;9.0;;;;13-2-2021;2.0;5.0;14.0;21.0;5.0;
14-2-2021;184.0;386.0;609.0;494.0;455.0;623.0;358.0;214.0;133.0;33.0;1.0;;14-2-2021;;1.0;1.0;1.0;7.0;6.0;10.0;12.0;11.0;1.0;;;14-2-2021;;4.0;6.0;15.0;6.0;1.0
15-2-2021;192.0;443.0;682.0;581.0;550.0;738.0;417.0;254.0;151.0;49.0;;;15-2-2021;4.0;;1.0;1.0;5.0;12.0;15.0;17.0;12.0;1.0;;;15-2-2021;;5.0;11.0;18.0;10.0;
16-2-2021;215.0;447.0;703.0;687.0;619.0;743.0;506.0;258.0;179.0;46.0;;;16-2-2021;1.0;;1.0;5.0;7.0;9.0;12.0;10.0;13.0;2.0;;;16-2-2021;;5.0;8.0;30.0;8.0;
17-2-2021;291.0;524.0;749.0;718.0;620.0;724.0;467.0;269.0;172.0;46.0;;;17-2-2021;1.0;;;1.0;5.0;9.0;19.0;18.0;14.0;2.0;;;17-2-2021;;5.0;15.0;18.0;3.0;
18-2-2021;274.0;512.0;674.0;670.0;642.0;739.0;441.0;264.0;175.0;60.0;;;18-2-2021;1.0;;1.0;4.0;5.0;13.0;14.0;15.0;11.0;2.0;;;18-2-2021;1.0;1.0;10.0;19.0;9.0;
19-2-2021;262.0;464.0;702.0;667.0;621.0;713.0;456.0;266.0;151.0;44.0;;;19-2-2021;2.0;;;4.0;5.0;16.0;12.0;14.0;11.0;;;;19-2-2021;;2.0;14.0;12.0;8.0;
20-2-2021;290.0;496.0;687.0;660.0;620.0;770.0;408.0;239.0;121.0;35.0;;;20-2-2021;1.0;;;5.0;4.0;14.0;18.0;19.0;11.0;1.0;;;20-2-2021;1.0;3.0;10.0;17.0;5.0;
21-2-2021;268.0;496.0;666.0;659.0;580.0;699.0;430.0;238.0;118.0;29.0;;;21-2-2021;;;1.0;2.0;3.0;7.0;14.0;18.0;14.0;5.0;;;21-2-2021;;6.0;8.0;16.0;3.0;
22-2-2021;338.0;600.0;828.0;698.0;714.0;773.0;462.0;260.0;170.0;37.0;;;22-2-2021;;2.0;2.0;2.0;4.0;7.0;17.0;17.0;14.0;;;;22-2-2021;3.0;3.0;14.0;16.0;7.0;
23-2-2021;313.0;598.0;795.0;716.0;646.0;714.0;453.0;271.0;144.0;52.0;;;23-2-2021;;1.0;;3.0;7.0;5.0;9.0;22.0;17.0;7.0;;;23-2-2021;;1.0;10.0;11.0;8.0;
24-2-2021;313.0;598.0;770.0;681.0;654.0;718.0;464.0;283.0;139.0;54.0;;;24-2-2021;1.0;;;2.0;6.0;7.0;17.0;22.0;15.0;1.0;;;24-2-2021;2.0;4.0;10.0;11.0;13.0;
25-2-2021;277.0;555.0;685.0;601.0;617.0;642.0;415.0;231.0;143.0;35.0;;;25-2-2021;2.0;;2.0;1.0;7.0;12.0;13.0;7.0;16.0;3.0;;;25-2-2021;1.0;4.0;4.0;12.0;4.0;
26-2-2021;280.0;547.0;691.0;655.0;614.0;686.0;415.0;242.0;108.0;31.0;;;26-2-2021;1.0;1.0;1.0;2.0;7.0;14.0;12.0;11.0;5.0;2.0;;;26-2-2021;1.0;2.0;5.0;5.0;2.0;
27-2-2021;306.0;569.0;658.0;637.0;599.0;705.0;429.0;217.0;103.0;27.0;;;27-2-2021;1.0;2.0;;5.0;3.0;13.0;14.0;13.0;14.0;1.0;;;27-2-2021;1.0;2.0;3.0;9.0;2.0;
28-2-2021;313.0;592.0;649.0;599.0;580.0;583.0;405.0;213.0;106.0;20.0;;;28-2-2021;;;;6.0;7.0;8.0;10.0;17.0;14.0;3.0;;;28-2-2021;;1.0;5.0;15.0;5.0;
1-3-2021;327.0;645.0;890.0;714.0;692.0;757.0;470.0;257.0;128.0;16.0;;;1-3-2021;1.0;;2.0;;5.0;12.0;23.0;21.0;15.0;1.0;;;1-3-2021;1.0;5.0;8.0;8.0;2.0;
2-3-2021;281.0;696.0;890.0;691.0;618.0;724.0;425.0;221.0;100.0;27.0;1.0;;2-3-2021;;;1.0;1.0;2.0;9.0;16.0;14.0;6.0;2.0;;;2-3-2021;;5.0;10.0;10.0;2.0;1.0
3-3-2021;334.0;665.0;905.0;648.0;625.0;764.0;421.0;243.0;111.0;27.0;;;3-3-2021;1.0;;2.0;6.0;2.0;16.0;14.0;12.0;10.0;;;;3-3-2021;2.0;2.0;10.0;7.0;1.0;
4-3-2021;293.0;593.0;748.0;642.0;613.0;649.0;411.0;248.0;97.0;32.0;;;4-3-2021;;;;1.0;3.0;10.0;15.0;17.0;4.0;2.0;;;4-3-2021;1.0;7.0;5.0;7.0;4.0;
5-3-2021;347.0;636.0;771.0;725.0;745.0;803.0;414.0;234.0;108.0;34.0;;;5-3-2021;1.0;;1.0;3.0;7.0;8.0;18.0;18.0;7.0;1.0;;;5-3-2021;1.0;1.0;5.0;8.0;5.0;
6-3-2021;403.0;616.0;775.0;720.0;720.0;772.0;462.0;218.0;88.0;16.0;;;6-3-2021;2.0;;;;2.0;5.0;15.0;19.0;10.0;2.0;;;6-3-2021;;;6.0;8.0;1.0;
7-3-2021;437.0;640.0;779.0;712.0;658.0;761.0;407.0;249.0;95.0;17.0;;;7-3-2021;1.0;1.0;2.0;3.0;6.0;12.0;10.0;17.0;11.0;1.0;;;7-3-2021;;2.0;8.0;7.0;4.0;
8-3-2021;440.0;832.0;1040.0;757.0;808.0;882.0;510.0;292.0;117.0;19.0;;;8-3-2021;4.0;;2.0;4.0;12.0;11.0;12.0;17.0;14.0;3.0;;;8-3-2021;2.0;2.0;15.0;9.0;1.0;
9-3-2021;398.0;832.0;952.0;845.0;909.0;907.0;531.0;289.0;112.0;27.0;2.0;;9-3-2021;;;;6.0;4.0;13.0;11.0;14.0;9.0;;1.0;;9-3-2021;2.0;4.0;7.0;12.0;4.0;2.0
10-3-2021;420.0;901.0;1040.0;876.0;883.0;961.0;545.0;308.0;118.0;35.0;2.0;;10-3-2021;1.0;;;2.0;5.0;11.0;19.0;18.0;16.0;2.0;1.0;;10-3-2021;1.0;5.0;7.0;5.0;2.0;2.0
11-3-2021;433.0;896.0;944.0;886.0;839.0;864.0;532.0;269.0;122.0;27.0;;;11-3-2021;;;1.0;4.0;5.0;11.0;18.0;22.0;10.0;3.0;;;11-3-2021;2.0;5.0;6.0;9.0;2.0;
12-3-2021;440.0;832.0;1019.0;860.0;900.0;1027.0;538.0;284.0;129.0;21.0;1.0;;12-3-2021;2.0;;2.0;3.0;5.0;17.0;15.0;24.0;12.0;1.0;1.0;;12-3-2021;3.0;2.0;10.0;7.0;1.0;1.0
13-3-2021;481.0;863.0;916.0;875.0;932.0;1037.0;551.0;287.0;98.0;28.0;;;13-3-2021;;;1.0;2.0;8.0;10.0;11.0;16.0;9.0;1.0;;;13-3-2021;1.0;5.0;6.0;5.0;4.0;
14-3-2021;454.0;847.0;916.0;821.0;805.0;896.0;491.0;252.0;93.0;20.0;;;14-3-2021;;;2.0;1.0;4.0;15.0;14.0;19.0;9.0;2.0;;;14-3-2021;;;9.0;8.0;2.0;
15-3-2021;536.0;982.0;1127.0;984.0;962.0;1016.0;596.0;339.0;110.0;29.0;;;15-3-2021;1.0;;1.0;5.0;4.0;15.0;16.0;18.0;7.0;3.0;;;15-3-2021;;6.0;13.0;7.0;5.0;
16-3-2021;487.0;999.0;1152.0;1006.0;1099.0;1031.0;606.0;335.0;106.0;17.0;;;16-3-2021;;3.0;2.0;3.0;8.0;16.0;17.0;19.0;4.0;3.0;;;16-3-2021;1.0;6.0;7.0;5.0;5.0;
17-3-2021;533.0;1125.0;1189.0;1057.0;1031.0;1054.0;597.0;358.0;130.0;20.0;;;17-3-2021;2.0;;1.0;1.0;10.0;15.0;17.0;22.0;13.0;;;;17-3-2021;;2.0;7.0;10.0;1.0;
18-3-2021;563.0;1021.0;1104.0;961.0;1002.0;1012.0;586.0;292.0;106.0;19.0;;;18-3-2021;1.0;;3.0;;5.0;12.0;10.0;13.0;12.0;;;;18-3-2021;;4.0;9.0;8.0;1.0;
19-3-2021;537.0;968.0;1098.0;1029.0;959.0;1056.0;614.0;336.0;103.0;18.0;;;19-3-2021;;;1.0;3.0;4.0;16.0;14.0;19.0;4.0;1.0;;;19-3-2021;1.0;1.0;8.0;7.0;1.0;
20-3-2021;540.0;1030.0;1057.0;1031.0;1038.0;1090.0;609.0;320.0;106.0;17.0;1.0;;20-3-2021;;;2.0;5.0;7.0;15.0;23.0;18.0;10.0;2.0;;;20-3-2021;3.0;5.0;5.0;5.0;3.0;1.0
21-3-2021;525.0;1051.0;1027.0;977.0;1030.0;958.0;622.0;341.0;98.0;19.0;;;21-3-2021;3.0;1.0;1.0;2.0;6.0;9.0;19.0;26.0;11.0;2.0;;;21-3-2021;1.0;3.0;10.0;4.0;2.0;
22-3-2021;564.0;1201.0;1210.0;1128.0;1093.0;1158.0;674.0;404.0;120.0;30.0;;;22-3-2021;1.0;;3.0;;2.0;13.0;21.0;24.0;20.0;4.0;;;22-3-2021;1.0;5.0;6.0;9.0;7.0;
23-3-2021;527.0;1207.0;1291.0;1121.0;1192.0;1218.0;647.0;357.0;125.0;11.0;1.0;;23-3-2021;4.0;;2.0;2.0;3.0;14.0;18.0;21.0;8.0;;1.0;;23-3-2021;;;5.0;5.0;1.0;1.0
24-3-2021;621.0;1198.0;1328.0;1177.0;1127.0;1137.0;624.0;421.0;137.0;38.0;;;24-3-2021;2.0;1.0;;3.0;5.0;17.0;8.0;15.0;9.0;3.0;;;24-3-2021;2.0;3.0;8.0;5.0;3.0;
25-3-2021;600.0;1127.0;1199.0;1019.0;1079.0;1086.0;628.0;393.0;126.0;18.0;;;25-3-2021;1.0;;;3.0;6.0;14.0;14.0;10.0;12.0;3.0;;;25-3-2021;1.0;5.0;8.0;7.0;;
26-3-2021;495.0;1107.0;1219.0;1071.0;1117.0;1199.0;651.0;365.0;113.0;20.0;;;26-3-2021;;1.0;3.0;4.0;6.0;21.0;13.0;22.0;11.0;2.0;;;26-3-2021;1.0;1.0;3.0;3.0;6.0;
27-3-2021;575.0;962.0;1134.0;993.0;1069.0;1113.0;611.0;354.0;81.0;16.0;;;27-3-2021;;;;4.0;5.0;13.0;11.0;19.0;8.0;;;;27-3-2021;1.0;2.0;8.0;3.0;4.0;
28-3-2021;527.0;919.0;1051.0;924.0;935.0;1012.0;557.0;305.0;68.0;13.0;2.0;;28-3-2021;2.0;;1.0;2.0;8.0;15.0;13.0;17.0;4.0;;1.0;;28-3-2021;;2.0;6.0;2.0;;2.0
29-3-2021;563.0;1075.0;1237.0;1062.0;1070.0;1135.0;648.0;388.0;117.0;19.0;;;29-3-2021;;;3.0;6.0;6.0;17.0;17.0;29.0;17.0;;;;29-3-2021;1.0;2.0;4.0;9.0;4.0;
30-3-2021;535.0;1065.0;1282.0;1067.0;1034.0;1093.0;632.0;340.0;95.0;15.0;1.0;;30-3-2021;;;1.0;3.0;2.0;9.0;15.0;18.0;6.0;2.0;1.0;;30-3-2021;1.0;1.0;6.0;8.0;2.0;1.0
31-3-2021;566.0;1119.0;1288.0;1048.0;1089.0;1079.0;681.0;369.0;97.0;23.0;;;31-3-2021;2.0;;4.0;4.0;10.0;15.0;18.0;18.0;8.0;2.0;;;31-3-2021;1.0;5.0;5.0;9.0;1.0;
1-4-2021;515.0;1012.0;1100.0;975.0;1024.0;1029.0;593.0;367.0;105.0;14.0;;;1-4-2021;;1.0;;4.0;6.0;11.0;17.0;20.0;9.0;1.0;;;1-4-2021;2.0;3.0;6.0;4.0;1.0;
2-4-2021;411.0;968.0;1144.0;997.0;1014.0;1064.0;623.0;314.0;70.0;12.0;;;2-4-2021;;;3.0;3.0;6.0;16.0;21.0;14.0;2.0;1.0;;;2-4-2021;2.0;2.0;6.0;4.0;3.0;
3-4-2021;509.0;963.0;1058.0;898.0;1004.0;1058.0;595.0;297.0;72.0;13.0;1.0;;3-4-2021;;1.0;3.0;3.0;3.0;13.0;23.0;16.0;6.0;;;;3-4-2021;;2.0;11.0;4.0;2.0;1.0
4-4-2021;450.0;963.0;951.0;875.0;998.0;991.0;493.0;275.0;71.0;17.0;1.0;;4-4-2021;1.0;;2.0;1.0;4.0;12.0;18.0;18.0;7.0;2.0;;;4-4-2021;2.0;;7.0;1.0;4.0;1.0
5-4-2021;477.0;1015.0;1166.0;928.0;950.0;1099.0;572.0;318.0;80.0;10.0;;;5-4-2021;5.0;1.0;2.0;6.0;6.0;8.0;19.0;20.0;8.0;1.0;;;5-4-2021;;1.0;6.0;3.0;3.0;
6-4-2021;527.0;1207.0;1421.0;1136.0;1164.0;1152.0;672.0;356.0;79.0;13.0;;;6-4-2021;1.0;;2.0;5.0;10.0;15.0;18.0;18.0;10.0;1.0;;;6-4-2021;;4.0;3.0;3.0;1.0;
7-4-2021;516.0;1231.0;1432.0;1161.0;1238.0;1191.0;672.0;366.0;71.0;17.0;;;7-4-2021;1.0;;2.0;2.0;8.0;11.0;19.0;18.0;7.0;2.0;;;7-4-2021;1.0;3.0;2.0;4.0;3.0;
8-4-2021;430.0;1091.0;1258.0;1134.0;1077.0;1146.0;674.0;415.0;91.0;14.0;1.0;;8-4-2021;1.0;;;3.0;6.0;15.0;17.0;23.0;3.0;;;;8-4-2021;;3.0;11.0;4.0;;1.0
9-4-2021;470.0;1073.0;1208.0;1068.0;1099.0;1195.0;690.0;389.0;96.0;21.0;;;9-4-2021;1.0;;;2.0;6.0;20.0;12.0;26.0;6.0;1.0;;;9-4-2021;1.0;2.0;10.0;8.0;;
10-4-2021;475.0;1075.0;1244.0;1106.0;1033.0;1186.0;633.0;362.0;73.0;13.0;;;10-4-2021;1.0;1.0;;4.0;8.0;9.0;17.0;33.0;4.0;1.0;;;10-4-2021;2.0;;5.0;3.0;;
11-4-2021;457.0;978.0;1155.0;964.0;1047.0;1068.0;584.0;364.0;53.0;14.0;;;11-4-2021;;;2.0;;5.0;10.0;9.0;17.0;7.0;2.0;;;11-4-2021;;;1.0;5.0;1.0;
12-4-2021;541.0;1222.0;1393.0;1069.0;1151.0;1263.0;656.0;393.0;95.0;16.0;;;12-4-2021;2.0;1.0;1.0;3.0;8.0;14.0;12.0;23.0;4.0;2.0;;;12-4-2021;1.0;5.0;9.0;5.0;2.0;
13-4-2021;565.0;1222.0;1510.0;1114.0;1159.0;1212.0;669.0;366.0;49.0;16.0;;;13-4-2021;;;3.0;3.0;9.0;5.0;14.0;17.0;4.0;;;;13-4-2021;;2.0;6.0;2.0;;
14-4-2021;556.0;1242.0;1508.0;1198.0;1195.0;1269.0;641.0;402.0;83.0;13.0;;;14-4-2021;1.0;;1.0;3.0;5.0;15.0;15.0;20.0;5.0;2.0;;;14-4-2021;2.0;1.0;5.0;2.0;1.0;
15-4-2021;578.0;1292.0;1373.0;1091.0;1105.0;1240.0;664.0;335.0;80.0;13.0;;;15-4-2021;1.0;2.0;3.0;2.0;4.0;14.0;12.0;20.0;6.0;1.0;;;15-4-2021;;;2.0;5.0;2.0;
16-4-2021;568.0;1245.0;1312.0;1039.0;1245.0;1282.0;700.0;354.0;96.0;17.0;;;16-4-2021;1.0;;7.0;1.0;4.0;14.0;18.0;22.0;7.0;1.0;;;16-4-2021;;2.0;7.0;8.0;;
17-4-2021;559.0;1166.0;1280.0;1087.0;1221.0;1312.0;701.0;357.0;59.0;16.0;;;17-4-2021;1.0;1.0;1.0;3.0;5.0;10.0;8.0;22.0;6.0;2.0;;;17-4-2021;;;4.0;3.0;3.0;
18-4-2021;538.0;1196.0;1239.0;1037.0;1123.0;1230.0;649.0;320.0;57.0;13.0;;;18-4-2021;1.0;3.0;3.0;2.0;3.0;6.0;12.0;15.0;7.0;2.0;;;18-4-2021;;2.0;;2.0;1.0;
19-4-2021;609.0;1325.0;1634.0;1254.0;1270.0;1412.0;704.0;379.0;75.0;20.0;;;19-4-2021;2.0;;1.0;4.0;4.0;11.0;9.0;24.0;6.0;;;;19-4-2021;;;5.0;2.0;;
20-4-2021;622.0;1352.0;1566.0;1213.0;1209.0;1303.0;635.0;377.0;78.0;12.0;;;20-4-2021;2.0;1.0;;3.0;5.0;8.0;6.0;12.0;7.0;;;;20-4-2021;;;2.0;;;
21-4-2021;631.0;1367.0;1515.0;1095.0;1265.0;1193.0;706.0;357.0;82.0;10.0;;;21-4-2021;;;;2.0;6.0;6.0;10.0;11.0;5.0;;;;21-4-2021;1.0;1.0;4.0;2.0;;
22-4-2021;590.0;1236.0;1338.0;1083.0;1099.0;1104.0;639.0;340.0;67.0;18.0;;;22-4-2021;;1.0;1.0;3.0;3.0;4.0;14.0;15.0;4.0;2.0;;;22-4-2021;;1.0;1.0;1.0;;
23-4-2021;500.0;1088.0;1151.0;1021.0;1143.0;1187.0;590.0;289.0;65.0;20.0;;;23-4-2021;3.0;;1.0;;;1.0;2.0;14.0;4.0;1.0;;;23-4-2021;;2.0;1.0;2.0;1.0;
24-4-2021;480.0;1013.0;1069.0;923.0;1014.0;1062.0;509.0;306.0;55.0;11.0;;;24-4-2021;1.0;;;1.0;1.0;3.0;2.0;11.0;6.0;2.0;;;24-4-2021;;;1.0;1.0;;
25-4-2021;467.0;924.0;1013.0;777.0;946.0;964.0;455.0;248.0;41.0;8.0;;;25-4-2021;1.0;1.0;;;1.0;3.0;4.0;6.0;1.0;;;;25-4-2021;;;2.0;;;
26-4-2021;435.0;983.0;1103.0;830.0;1009.0;973.0;481.0;224.0;52.0;18.0;;;26-4-2021;;;;1.0;1.0;3.0;7.0;5.0;2.0;2.0;;;26-4-2021;1.0;;2.0;1.0;;
27-4-2021;440.0;919.0;1003.0;733.0;812.0;789.0;383.0;185.0;34.0;8.0;;;27-4-2021;;;;;1.0;;6.0;2.0;1.0;1.0;;;27-4-2021;;;1.0;1.0;;
28-4-2021;367.0;738.0;968.0;609.0;620.0;649.0;306.0;145.0;24.0;5.0;;;28-4-2021;;;;2.0;;1.0;4.0;3.0;1.0;1.0;;;28-4-2021;;;1.0;;;
29-4-2021;339.0;708.0;823.0;547.0;510.0;537.0;251.0;142.0;39.0;10.0;;;29-4-2021;;;;1.0;;2.0;2.0;1.0;1.0;;;;29-4-2021;;;;1.0;;
30-4-2021;138.0;391.0;497.0;315.0;333.0;331.0;151.0;82.0;21.0;5.0;;;30-4-2021;;;;;;1.0;1.0;;;2.0;;;;;;;;;
1-5-2021;13.0;17.0;23.0;10.0;17.0;18.0;8.0;6.0;2.0;;;;;;;;;;;;;;;;;;;;;;;
