STN,Datum,DDVEC,FHVEC,FG,FHX,FHXH,FHN,FHNH,FXX,FXXH,temp_etmaal,temp_min,TNH,temp_max,TXH,T10N,T10NH,zonneschijnduur,SP,globale_straling,DR,neerslag,RHX,RHXH,PG,PX,PXH,PN,PNH,VVN,VVNH,VVX,VVXH,NG,UG,UX,UXH,UN,UNH,EV24,specific_humidity
260,20200101,161,24,27,30,2,20,1,60,2,8,-2,7,18,1,0,12,0,0,81,0,0,0,1,10318,10345,1,10292,24,0,1,15,22,8,99,99,2,98,1,1
260,20200102,187,40,41,60,20,30,1,100,20,39,13,3,74,24,14,6,0,0,68,0,0,0,1,10238,10286,1,10179,24,2,2,66,21,8,95,99,2,88,22,1
260,20200103,238,33,46,60,3,20,21,120,10,76,43,24,99,14,26,24,0,0,59,58,45,19,13,10188,10278,23,10133,12,21,10,70,8,7,88,95,13,80,20,1
260,20200104,263,33,35,50,10,10,23,110,12,67,40,1,81,12,24,6,0,0,94,23,11,8,22,10297,10336,23,10276,2,35,21,70,12,8,88,98,22,78,12,1
260,20200105,222,31,31,40,12,20,1,90,18,69,59,19,76,13,52,6,0,0,86,1,1,1,19,10330,10343,4,10303,24,57,5,75,12,8,87,95,2,75,13,1
260,20200106,198,39,41,60,12,30,1,100,11,60,35,19,70,13,23,24,35,44,295,5,3,3,23,10240,10297,1,10195,19,34,6,80,12,7,82,93,24,68,12,4
260,20200107,205,42,44,70,24,20,7,120,24,66,43,9,83,24,23,12,3,4,136,0,-1,-1,1,10238,10263,10,10204,24,6,10,70,22,6,91,98,8,81,21,2
260,20200108,223,37,39,60,1,20,17,120,1,104,82,1,117,13,79,6,0,0,78,60,35,10,22,10213,10230,17,10198,5,19,5,64,1,8,94,98,21,90,1,1
260,20200109,199,49,52,70,11,30,1,140,24,115,90,1,130,13,88,6,0,0,61,92,60,23,24,10104,10186,1,10067,22,12,2,70,13,8,92,98,1,81,24,1
260,20200110,272,22,32,50,12,20,17,130,1,68,28,22,99,1,-7,24,13,16,188,10,6,3,1,10199,10308,24,10082,1,56,6,75,13,6,86,97,24,71,15,3
260,20200111,200,51,51,70,19,30,1,120,15,60,18,1,74,15,-1,6,18,22,262,0,0,0,1,10275,10309,3,10229,24,65,1,75,8,8,78,92,1,71,14,3
260,20200112,216,49,52,70,9,20,21,130,14,75,55,7,101,16,48,12,0,0,64,31,18,6,23,10193,10218,1,10166,14,24,12,75,1,8,83,95,12,75,18,1
260,20200113,187,50,53,80,22,30,7,140,22,78,57,7,107,24,50,12,33,40,302,0,-1,-1,1,10135,10206,1,10029,24,56,5,75,15,7,85,93,1,77,16,4
260,20200114,198,73,74,100,21,60,7,200,21,106,90,9,129,21,85,12,0,0,92,102,100,16,3,10027,10048,24,10007,4,47,7,75,16,8,84,93,7,74,21,1
260,20200115,204,57,60,90,1,30,17,150,4,94,62,22,121,4,52,24,0,0,81,49,35,14,16,10105,10214,24,10049,1,61,14,80,5,6,78,90,17,66,9,1
260,20200116,164,38,40,60,19,20,6,110,21,72,32,8,102,15,19,12,71,86,461,0,0,0,1,10214,10248,8,10165,24,50,6,75,13,6,85,96,6,76,19,6
260,20200117,204,38,46,70,18,30,9,140,18,83,54,24,102,14,44,24,8,10,98,6,7,6,15,10144,10188,24,10123,13,43,12,75,1,7,79,92,12,72,21,1
260,20200118,251,27,33,50,15,20,17,150,15,45,26,24,77,14,6,24,40,48,317,13,23,8,16,10245,10310,24,10193,1,58,15,75,14,4,84,92,24,66,13,4
260,20200119,329,21,23,40,13,10,23,90,14,35,-11,24,82,13,-39,24,51,61,406,0,-1,-1,1,10402,10472,23,10317,1,2,23,70,3,2,87,98,22,65,15,5
260,20200120,208,11,13,20,13,0,3,40,13,29,-21,2,70,13,-45,6,3,4,198,0,0,0,1,10467,10481,10,10446,24,0,24,71,13,7,94,99,23,80,13,2
260,20200121,198,19,20,30,18,10,2,60,1,7,-14,9,21,19,-35,12,0,0,166,0,0,0,1,10415,10443,2,10388,23,1,1,56,7,6,98,99,1,95,7,2
260,20200122,229,12,15,20,1,0,22,40,3,44,16,1,62,15,17,6,0,0,111,30,4,1,10,10368,10380,2,10362,14,3,1,21,13,8,98,99,1,96,15,1
260,20200123,119,13,15,20,6,0,1,30,6,37,-17,23,68,13,-37,24,16,19,252,18,4,2,2,10312,10361,1,10264,24,1,4,62,13,6,95,99,2,80,13,3
260,20200124,189,21,23,30,11,10,1,70,14,23,-6,1,35,14,-13,6,2,2,197,0,0,0,1,10235,10258,1,10221,14,13,5,50,10,8,93,98,2,87,12,2
260,20200125,164,28,29,40,2,20,6,60,2,20,9,24,26,13,10,24,0,0,127,0,0,0,1,10211,10224,1,10189,24,3,24,58,10,8,92,98,24,86,12,1
260,20200126,172,37,40,60,24,30,2,100,23,55,5,1,93,15,7,6,45,51,462,13,8,6,24,10138,10181,1,10091,24,2,1,65,17,8,89,99,1,80,13,6
260,20200127,194,44,47,70,24,30,17,140,24,82,70,20,94,13,62,24,7,8,212,52,84,23,22,10022,10086,1,9914,23,41,3,70,10,8,89,95,3,81,15,3
260,20200128,238,55,58,80,11,40,5,180,11,54,38,23,72,2,32,24,28,32,303,44,52,12,5,9933,9988,24,9875,7,44,22,80,14,7,81,94,5,65,15,4
260,20200129,250,46,49,60,9,30,18,140,12,60,44,1,73,15,39,6,21,24,272,10,7,3,9,10061,10105,19,9991,1,62,8,75,4,8,77,86,22,67,15,4
260,20200130,218,54,58,70,1,40,15,150,23,85,64,2,114,24,57,6,7,8,294,43,9,2,18,10052,10097,3,9996,19,20,19,73,11,8,87,96,18,78,11,4
260,20200131,226,62,64,80,23,40,6,150,16,109,89,6,125,22,82,6,0,0,146,5,1,1,18,10065,10084,12,10029,1,60,6,70,1,8,87,92,6,82,23,2
260,20200201,239,63,65,80,13,50,19,160,14,106,86,19,120,5,76,24,19,21,285,5,2,2,4,10036,10086,24,10011,7,50,1,70,2,7,79,92,6,62,15,4
260,20200202,230,39,46,70,15,20,9,150,15,89,65,8,115,16,63,12,0,0,115,62,70,22,9,10072,10095,3,10032,12,28,13,70,14,8,86,98,13,71,1,2
260,20200203,253,47,48,70,12,20,21,140,13,92,64,20,110,12,52,24,12,13,322,17,23,22,20,10099,10127,12,10066,23,57,1,75,24,7,79,92,22,66,13,5
260,20200204,289,34,38,60,6,20,17,130,6,51,12,22,73,16,-15,24,21,23,290,35,64,26,15,10159,10295,24,10072,1,20,19,74,4,5,84,98,22,70,5,4
260,20200205,274,13,18,30,14,10,5,60,14,48,-2,8,84,15,-27,12,56,60,607,0,0,0,1,10349,10371,11,10304,1,4,5,77,13,7,82,98,1,63,13,8
260,20200206,247,11,15,30,12,0,19,50,12,50,20,3,96,15,-20,6,54,58,540,0,0,0,1,10316,10338,1,10302,24,31,5,70,14,6,87,98,3,65,14,7
260,20200207,139,37,38,60,11,10,1,90,10,39,-9,5,78,15,-35,6,83,88,764,0,0,0,1,10246,10298,1,10194,24,3,3,76,16,1,78,98,2,61,15,9
260,20200208,186,36,39,50,13,30,8,100,24,70,30,2,99,13,20,6,3,3,163,28,9,4,15,10179,10191,1,10161,24,36,14,74,3,8,85,94,14,72,2,2
260,20200209,206,94,98,140,17,50,2,250,18,100,77,4,125,16,70,6,0,0,140,47,186,148,21,9984,10152,1,9850,22,50,17,80,10,8,79,90,1,69,10,2
260,20200210,251,83,86,100,1,50,22,220,20,80,48,24,106,1,42,24,20,21,359,21,28,11,6,9934,9987,12,9867,1,57,5,78,23,8,69,81,6,55,13,5
260,20200211,257,80,80,90,1,70,17,200,1,63,49,1,73,13,42,6,23,24,392,1,3,3,1,10028,10078,24,9971,1,67,5,81,19,7,56,60,1,50,19,5
260,20200212,250,54,56,70,1,30,20,180,2,55,33,22,77,14,14,24,36,37,482,1,1,1,16,10121,10151,20,10080,2,66,24,80,15,7,66,84,23,56,13,6
260,20200213,190,33,41,70,9,20,16,140,8,57,31,1,87,13,19,6,6,6,179,87,143,31,10,10016,10130,1,9946,16,57,16,75,13,8,87,91,16,78,14,2
260,20200214,229,29,37,50,14,30,1,100,15,73,56,5,87,17,53,6,15,15,369,8,3,1,2,10176,10213,17,10076,1,59,5,80,12,8,79,93,5,68,12,5
260,20200215,193,67,68,100,20,50,1,190,23,106,75,1,135,24,66,6,7,7,371,4,1,1,19,10127,10192,1,10044,24,64,7,80,17,8,75,82,5,66,22,6
260,20200216,212,89,95,130,16,60,19,240,16,121,81,19,167,15,77,24,0,0,180,64,126,66,17,9996,10047,24,9934,16,56,10,80,12,8,78,92,17,65,15,3
260,20200217,225,71,72,90,1,50,22,220,1,81,66,8,101,11,55,12,55,55,631,9,42,19,21,10105,10152,24,10058,1,61,5,80,14,5,73,87,21,63,4,9
260,20200218,232,64,67,90,21,40,6,170,17,76,37,24,96,15,33,24,60,59,666,20,53,37,24,10170,10197,9,10116,23,58,11,79,16,7,73,91,24,62,15,9
260,20200219,249,42,49,70,12,30,1,130,12,62,45,1,82,13,40,6,43,42,608,41,44,38,1,10171,10199,14,10113,1,61,21,74,15,7,76,92,1,60,15,8
260,20200220,223,59,68,90,12,50,1,180,18,82,47,21,104,15,43,24,15,15,430,52,57,22,18,10121,10175,24,10061,17,56,18,75,9,8,80,92,1,66,24,6
260,20200221,230,59,61,80,21,30,6,150,21,73,40,8,89,15,28,6,15,15,466,0,0,0,1,10220,10242,12,10184,1,64,8,76,1,6,73,81,8,67,2,6
260,20200222,231,76,79,100,7,30,23,190,8,92,69,8,117,15,61,12,1,1,186,18,9,6,8,10172,10196,24,10150,7,60,24,80,7,8,77,85,12,67,7,3
260,20200223,259,57,63,110,10,20,8,210,10,87,54,24,129,13,40,24,7,7,152,93,317,79,8,10144,10230,24,10066,10,23,7,75,15,7,82,97,7,68,21,2
260,20200224,223,53,60,90,14,20,1,190,14,76,36,2,108,22,14,6,0,0,145,76,101,30,16,10108,10231,1,10015,24,39,10,75,9,8,85,96,12,76,1,2
260,20200225,246,49,52,70,1,30,18,150,12,66,19,24,103,1,19,24,60,57,843,24,35,20,24,9976,10016,1,9920,24,57,23,83,3,6,72,93,24,59,12,11
260,20200226,273,27,30,60,14,20,2,120,12,34,4,2,66,16,3,6,24,23,533,74,104,20,1,9991,10055,22,9918,2,21,1,75,12,7,86,97,6,73,12,6
260,20200227,202,12,27,40,5,10,15,100,20,27,1,3,39,24,-12,6,0,0,196,74,50,14,16,10020,10110,24,9954,13,56,3,75,23,7,89,95,2,80,23,2
260,20200228,194,46,50,80,16,20,2,160,17,46,19,4,84,24,-2,6,14,13,508,66,81,20,18,10095,10155,9,9980,24,32,19,80,12,7,83,95,20,64,14,6
260,20200229,208,70,75,100,21,50,5,280,14,87,52,24,126,12,42,24,29,27,512,16,17,13,14,9901,9972,1,9828,13,56,4,80,19,6,75,93,4,63,11,7
260,20200301,218,67,67,90,2,30,18,180,10,66,46,24,92,13,30,24,44,41,785,0,-1,-1,1,9910,9917,11,9903,5,70,24,80,12,7,72,83,24,57,14,10
260,20200302,195,20,31,50,1,10,16,90,8,55,35,24,78,14,14,24,0,0,244,95,87,17,7,9905,9966,24,9877,13,44,8,70,1,7,90,95,18,83,1,3
260,20200303,223,30,33,60,12,10,19,100,12,44,9,23,88,12,-9,24,70,64,915,15,27,12,18,10021,10076,24,9972,1,57,18,80,13,3,83,97,20,65,13,11
260,20200304,228,19,26,40,9,10,18,100,12,65,35,3,105,13,23,6,61,55,907,6,9,5,1,10086,10103,11,10055,24,45,3,81,17,7,79,95,3,59,11,12
260,20200305,73,39,42,60,14,20,1,100,14,55,44,4,68,13,41,6,0,0,280,100,118,19,19,9948,10048,1,9882,23,42,17,70,15,8,90,94,3,81,14,4
260,20200306,344,39,40,60,11,10,24,100,9,62,38,24,85,13,22,24,11,10,674,49,19,6,1,9996,10116,24,9885,1,56,1,72,22,8,80,93,1,68,13,9
260,20200307,220,38,41,60,13,10,3,120,14,66,-8,5,106,13,-30,6,64,57,959,0,0,0,1,10159,10176,12,10123,1,13,5,81,13,4,76,97,5,56,12,13
260,20200308,200,54,55,70,10,40,18,150,11,87,71,6,102,16,60,6,8,7,314,14,6,2,10,10090,10139,1,10065,20,56,10,75,2,8,82,88,19,76,9,4
260,20200309,229,42,45,70,24,30,7,130,24,78,63,6,106,12,58,6,47,41,936,26,37,14,24,10106,10134,17,10072,1,59,23,80,13,8,80,91,7,65,11,13
260,20200310,234,66,70,80,1,50,23,160,17,101,63,3,119,19,59,6,0,0,179,147,164,21,1,10035,10074,24,10019,14,36,22,66,16,8,92,95,9,88,18,3
260,20200311,234,48,49,80,23,20,3,160,23,110,92,2,135,14,88,6,40,35,891,69,80,23,2,10089,10115,11,10051,24,36,23,75,11,8,85,96,3,71,12,13
260,20200312,243,71,73,80,1,60,18,190,5,84,58,8,110,2,50,12,73,63,1164,27,47,19,5,10083,10110,11,10036,3,60,7,83,5,4,66,86,1,48,11,16
260,20200313,257,39,42,70,2,10,19,150,11,66,17,24,90,12,1,24,22,19,565,29,54,19,13,10161,10212,22,10096,1,3,24,76,7,7,81,98,23,67,1,8
260,20200314,172,39,41,60,12,10,1,110,13,67,4,3,118,15,-7,6,56,48,1088,5,5,5,22,10185,10210,1,10155,24,0,4,83,16,7,80,99,2,55,15,15
260,20200315,189,46,47,80,12,20,22,140,11,96,77,1,112,17,54,24,7,6,404,0,0,0,1,10123,10151,1,10110,14,66,7,80,11,8,78,89,6,68,12,6
260,20200316,291,14,18,30,12,10,4,60,14,75,22,24,130,13,-3,24,67,57,1203,0,0,0,1,10202,10263,24,10125,1,29,5,81,14,4,82,98,4,55,13,16
260,20200317,221,40,40,60,11,20,1,100,11,86,12,1,133,14,-11,6,81,68,1366,0,0,0,1,10281,10295,11,10263,1,4,1,83,18,8,68,98,1,47,14,19
260,20200318,228,39,40,60,10,20,19,110,10,105,67,5,137,12,44,24,27,23,902,0,0,0,1,10254,10265,1,10244,17,70,21,83,1,7,64,87,21,54,1,13
260,20200319,27,23,26,40,15,0,5,80,17,85,69,24,99,1,58,24,0,0,391,0,0,0,1,10258,10266,10,10245,2,16,4,75,19,8,87,98,4,77,20,5
260,20200320,32,45,46,60,11,30,1,130,15,67,34,23,91,15,20,24,3,2,512,0,-1,-1,1,10279,10297,22,10260,1,67,24,82,15,6,75,87,24,53,15,7
260,20200321,69,61,63,90,13,40,4,150,14,46,2,6,92,14,-14,6,111,91,1737,0,0,0,1,10290,10302,6,10274,16,68,1,83,17,0,61,88,2,47,17,22
260,20200322,88,61,62,80,11,40,3,130,13,46,-2,6,97,14,-18,6,113,92,1844,0,0,0,1,10309,10324,22,10296,4,75,4,83,7,0,50,71,4,35,12,23
260,20200323,122,57,58,80,8,30,19,130,9,47,0,6,101,15,-21,24,113,92,1851,0,0,0,1,10321,10336,9,10305,17,78,13,83,1,1,43,59,5,25,17,23
260,20200324,130,43,45,70,14,20,21,120,14,49,-1,24,105,15,-47,24,113,91,1848,0,0,0,1,10303,10323,8,10287,17,75,21,83,1,3,44,72,21,26,16,23
260,20200325,85,34,39,60,16,10,1,100,16,55,-43,5,127,15,-72,6,115,92,1897,0,0,0,1,10268,10292,6,10243,17,70,1,83,18,3,44,86,3,16,13,24
260,20200326,69,47,48,70,11,30,1,120,16,66,12,6,118,15,-6,6,115,92,1826,0,0,0,1,10235,10248,1,10222,15,72,12,82,1,1,40,54,24,28,12,24
260,20200327,38,47,47,70,16,30,1,130,13,85,22,6,153,15,-1,6,115,91,1720,0,0,0,1,10214,10227,1,10193,16,63,22,80,11,0,54,72,24,36,15,24
260,20200328,17,57,58,80,15,30,1,150,23,74,41,23,119,12,29,6,109,86,1741,0,-1,-1,1,10253,10284,22,10220,1,62,23,74,15,2,64,73,5,46,11,24
260,20200329,17,66,67,100,9,20,24,180,9,47,9,24,74,12,-20,24,107,84,1693,0,-1,-1,1,10323,10363,21,10277,3,64,4,83,18,2,51,75,2,32,14,21
260,20200330,338,19,23,40,11,10,1,120,17,38,-31,3,97,15,-53,6,43,34,950,5,20,16,16,10306,10354,1,10278,18,58,16,81,14,5,78,94,6,54,14,12
260,20200331,28,32,33,50,9,10,24,90,9,41,-12,24,92,14,-32,24,120,93,2028,0,0,0,1,10304,10328,8,10275,24,65,1,83,9,0,62,92,2,30,13,25
260,20200401,307,14,16,30,13,0,3,100,13,39,-38,5,100,13,-61,6,66,51,1488,0,0,0,1,10219,10269,1,10173,24,65,1,83,9,5,73,95,6,50,14,18
260,20200402,244,35,37,70,15,10,1,120,17,70,0,1,113,12,-20,6,28,22,1002,0,-1,-1,1,10131,10171,1,10108,19,57,1,82,16,8,74,95,2,51,12,13
260,20200403,294,21,25,50,12,10,5,110,14,66,-2,24,103,12,-40,24,34,26,974,0,-1,-1,1,10167,10217,24,10112,1,60,7,83,16,5,74,95,24,47,15,13
260,20200404,147,28,32,60,13,20,1,100,13,73,-8,2,146,15,-46,6,120,91,2083,0,0,0,1,10234,10248,10,10220,1,50,4,83,18,2,59,95,1,31,16,28
260,20200405,130,50,50,80,13,20,1,130,13,126,19,5,196,15,-28,6,123,93,2089,0,0,0,1,10195,10230,1,10161,22,71,9,83,19,0,47,77,4,28,18,33
260,20200406,205,25,39,50,10,20,21,110,17,143,84,24,230,14,48,24,91,69,1800,6,1,1,18,10197,10275,24,10154,3,66,24,82,1,3,57,90,24,31,13,29
260,20200407,89,25,26,40,10,0,3,110,14,122,26,5,193,15,-5,6,122,92,2066,0,0,0,1,10298,10324,10,10278,24,2,2,81,19,5,65,99,3,38,13,32
260,20200408,32,9,17,30,16,10,3,60,17,150,54,5,245,15,25,6,110,82,1966,0,0,0,1,10246,10273,1,10226,16,56,23,76,12,5,65,94,5,31,15,32
260,20200409,31,25,28,50,16,10,2,90,14,133,56,5,205,14,31,6,100,74,1981,0,0,0,1,10259,10277,23,10237,2,18,2,82,17,3,65,97,5,39,13,31
260,20200410,45,26,28,40,15,20,1,70,18,115,44,5,185,14,24,6,125,92,2081,0,0,0,1,10269,10282,6,10253,17,67,6,83,16,7,58,86,2,36,16,32
260,20200411,91,11,18,30,1,0,20,50,1,122,43,5,215,14,-5,6,125,92,2189,0,0,0,1,10232,10260,1,10195,24,65,23,83,1,7,54,92,23,17,13,34
260,20200412,241,4,20,40,12,0,1,80,15,140,29,5,230,14,-2,6,91,67,1792,2,1,1,15,10152,10188,1,10126,18,56,4,80,9,4,61,96,2,31,12,29
260,20200413,12,57,58,70,3,30,22,150,6,78,58,24,111,1,53,24,68,50,1759,0,-1,-1,1,10236,10269,23,10166,1,69,6,80,16,7,55,74,3,39,13,24
260,20200414,356,21,23,40,14,0,24,100,12,60,6,24,102,17,-23,24,27,20,1058,0,-1,-1,1,10274,10283,10,10267,24,62,24,83,17,7,67,96,23,49,13,14
260,20200415,117,6,15,30,8,0,1,60,12,85,-10,5,170,16,-41,6,125,90,2206,0,0,0,1,10234,10263,1,10192,24,57,3,80,9,4,67,98,4,40,12,31
260,20200416,40,20,27,60,21,10,2,120,21,130,39,3,221,15,0,6,119,85,2131,0,0,0,1,10170,10188,1,10155,14,60,5,80,21,6,60,88,2,30,14,34
260,20200417,45,42,43,50,2,30,21,90,7,109,57,5,170,15,46,6,123,88,2220,0,0,0,1,10178,10198,7,10162,16,67,6,81,19,2,61,80,5,39,16,33
260,20200418,12,15,25,40,1,10,12,80,1,111,50,4,160,12,39,6,28,20,906,18,10,7,15,10163,10168,20,10158,4,61,18,78,11,7,74,84,21,48,11,14
260,20200419,60,44,47,70,11,20,1,120,10,125,73,6,179,15,60,6,130,92,2401,0,-1,-1,1,10192,10211,24,10169,1,66,1,83,3,1,43,76,1,25,16,37
260,20200420,73,69,70,100,16,40,5,170,18,127,57,5,183,15,33,6,132,93,2442,0,0,0,1,10196,10213,7,10173,17,73,16,83,1,0,38,52,5,26,14,38
260,20200421,75,73,74,100,10,50,20,160,11,139,86,6,189,15,74,6,132,93,2444,0,0,0,1,10188,10200,24,10171,16,75,13,83,1,0,40,52,6,31,12,39
260,20200422,76,56,56,70,10,30,22,130,14,152,96,5,215,16,74,24,132,92,2463,0,0,0,1,10206,10215,7,10193,16,77,9,83,1,0,41,54,3,27,16,41
260,20200423,83,14,28,40,1,10,24,70,12,158,83,24,232,16,52,24,134,93,2416,0,0,0,1,10188,10214,6,10152,24,62,24,83,1,4,47,89,24,25,12,41
260,20200424,348,34,35,50,11,10,1,90,11,124,74,2,182,15,43,6,118,82,2354,0,0,0,1,10144,10152,23,10136,15,31,5,82,11,7,64,95,5,31,14,37
260,20200425,351,25,28,40,13,10,6,90,15,98,35,24,143,15,8,24,64,44,1721,0,0,0,1,10146,10161,9,10132,17,64,24,83,4,5,66,93,24,50,14,25
260,20200426,336,9,15,30,16,0,22,60,12,90,4,5,167,15,-28,6,129,89,2460,0,0,0,1,10121,10137,1,10100,24,4,4,80,11,0,73,100,5,43,13,35
260,20200427,265,10,24,40,11,10,1,90,11,124,14,3,207,14,-17,6,115,79,2344,0,0,0,1,10075,10098,1,10062,16,1,2,82,19,4,64,98,1,28,13,36
260,20200428,35,29,30,50,10,20,16,100,10,94,77,24,113,15,72,6,9,6,542,49,17,5,9,10044,10062,1,10032,15,49,4,70,14,8,90,95,24,84,11,8
260,20200429,209,28,33,60,22,10,1,130,22,117,77,1,155,16,76,6,24,16,1000,64,25,5,4,10030,10049,12,10007,24,15,4,82,14,8,83,97,2,61,16,15
260,20200430,199,44,48,70,8,30,4,140,20,115,83,20,161,17,82,24,71,48,1607,21,73,67,20,9985,10003,11,9967,17,67,20,83,18,7,70,90,6,40,15,24
260,20200501,231,37,43,70,11,20,20,140,10,105,81,5,142,16,60,24,48,32,1240,18,29,15,9,9992,10028,24,9978,10,57,9,81,15,7,77,88,9,57,16,18
260,20200502,272,31,34,50,10,20,6,110,5,103,51,24,139,16,24,24,63,42,1453,15,39,15,5,10091,10150,24,10028,1,15,24,81,13,6,77,97,24,62,13,21
260,20200503,281,3,17,30,14,10,4,70,14,110,43,2,169,13,14,6,28,19,1429,30,7,3,20,10170,10177,8,10151,1,1,4,83,17,7,80,99,2,49,13,21
260,20200504,29,37,38,50,8,10,1,100,18,108,55,24,152,14,37,24,112,74,2459,11,4,3,1,10200,10236,23,10170,3,50,2,83,19,3,71,95,1,52,14,37
260,20200505,37,35,36,50,8,10,4,100,8,92,16,5,148,15,-17,6,140,93,2669,0,0,0,1,10227,10249,24,10217,15,60,4,83,19,1,62,92,4,38,15,38
260,20200506,20,19,25,40,13,10,9,80,13,106,34,4,168,15,0,6,142,94,2682,0,0,0,1,10259,10266,23,10249,1,32,24,83,19,1,63,97,24,40,11,40
260,20200507,42,8,14,40,18,0,5,60,17,120,17,5,207,17,-22,6,140,92,2589,0,0,0,1,10234,10262,1,10205,24,2,2,80,8,4,66,98,2,31,15,40
260,20200508,38,9,14,30,16,0,1,60,16,145,45,5,229,13,14,6,108,71,2336,0,0,0,1,10181,10200,1,10163,24,20,3,79,15,6,62,98,1,35,9,38
260,20200509,49,28,30,50,10,10,1,100,12,171,60,5,247,15,29,6,139,91,2636,0,0,0,1,10123,10158,1,10081,24,1,4,82,11,4,56,98,4,26,14,45
260,20200510,19,46,48,90,16,10,2,160,16,129,77,22,225,11,51,6,44,29,1755,0,-1,-1,1,10083,10133,23,10055,11,58,4,80,14,7,68,93,4,40,11,28
260,20200511,15,62,63,90,12,20,22,170,13,84,37,24,122,13,17,24,112,72,2215,5,6,6,21,10160,10204,22,10131,1,70,23,83,19,5,53,87,24,33,16,31
260,20200512,289,23,25,40,11,10,1,80,11,77,7,3,128,13,-22,6,80,52,2013,0,0,0,1,10184,10209,6,10151,24,35,2,83,14,4,65,97,2,38,17,28
260,20200513,9,28,35,60,13,10,1,120,15,72,2,4,120,13,-38,6,72,46,1748,2,2,2,9,10151,10189,24,10138,7,2,3,83,18,4,66,98,3,44,17,24
260,20200514,23,32,33,50,8,10,4,100,18,71,-10,4,128,13,-49,6,103,66,2016,0,0,0,1,10211,10221,10,10193,1,65,4,83,9,2,61,95,4,43,12,27
260,20200515,337,19,21,40,15,10,2,70,11,85,-12,4,151,16,-52,6,100,64,2147,0,0,0,1,10229,10240,23,10213,3,50,3,83,13,4,68,97,3,47,16,30
260,20200516,266,22,28,50,8,10,1,110,13,98,23,3,160,12,-8,6,67,43,1828,0,0,0,1,10227,10233,24,10222,15,8,24,83,7,6,71,98,3,48,12,27
260,20200517,268,20,25,40,8,10,1,90,12,121,16,3,187,16,-13,6,112,71,2210,0,0,0,1,10234,10243,10,10228,18,1,1,83,10,5,63,98,1,37,16,34
260,20200518,244,27,30,50,10,0,22,100,11,149,59,2,212,15,31,6,124,78,2687,0,0,0,1,10225,10228,10,10219,24,62,24,82,17,7,65,93,23,36,15,44
260,20200519,296,24,28,50,12,10,4,90,12,166,86,1,217,13,54,6,123,78,2623,0,0,0,1,10222,10233,23,10214,4,65,24,82,11,4,66,91,24,47,13,45
260,20200520,29,18,20,30,10,10,1,90,12,162,95,2,221,15,63,6,115,72,2327,0,0,0,1,10231,10240,10,10222,18,15,24,83,18,5,72,97,1,50,16,39
260,20200521,150,17,21,40,9,10,1,70,9,192,88,4,267,16,54,6,141,88,2740,0,0,0,1,10205,10224,1,10178,24,10,2,83,19,5,62,97,1,32,16,49
260,20200522,225,37,44,80,17,20,1,140,13,190,147,24,242,10,138,6,30,19,1314,8,2,1,14,10169,10190,24,10148,8,65,6,82,9,8,56,77,14,31,18,24
260,20200523,241,53,53,80,14,30,3,160,15,153,127,24,188,13,121,24,99,62,2397,0,0,0,1,10218,10246,24,10190,1,59,6,79,19,6,60,80,23,38,12,40
260,20200524,263,33,35,50,8,20,22,100,15,135,121,1,150,16,111,6,18,11,606,43,27,10,11,10284,10318,23,10246,1,57,10,75,17,7,78,92,11,65,7,10
260,20200525,330,22,27,40,13,0,23,70,10,155,82,24,208,15,47,24,126,78,2581,0,0,0,1,10339,10352,22,10316,1,4,23,81,10,3,72,98,23,51,15,43
260,20200526,329,12,19,40,17,0,2,70,17,163,64,4,237,14,30,6,132,82,2751,0,0,0,1,10351,10361,8,10341,18,2,1,81,14,6,65,98,1,38,14,47
260,20200527,3,32,35,50,10,20,1,100,10,158,104,24,205,14,85,24,131,81,2800,0,0,0,1,10344,10357,24,10337,16,21,3,83,21,3,67,95,3,43,14,47
260,20200528,26,38,40,60,16,10,5,110,15,141,68,5,197,14,46,6,148,91,2994,0,0,0,1,10338,10359,4,10317,18,68,3,83,19,2,59,89,4,43,11,48
260,20200529,44,29,30,50,17,20,1,90,14,153,64,4,225,15,29,6,152,93,3005,0,0,0,1,10280,10316,1,10246,19,69,4,81,13,1,58,86,4,27,15,50
260,20200530,64,32,36,60,16,20,3,110,17,178,95,4,237,13,58,6,144,88,2804,0,0,0,1,10239,10256,1,10217,18,75,1,83,20,1,48,77,3,27,13,49
260,20200531,62,45,46,70,10,30,1,120,11,172,111,4,222,16,87,6,152,93,2898,0,0,0,1,10233,10246,8,10219,17,75,2,83,16,5,52,76,3,31,15,50
260,20200601,49,27,30,40,9,20,4,80,11,188,120,4,254,16,87,6,122,74,2744,0,0,0,1,10220,10236,6,10203,24,70,24,83,2,7,51,86,24,28,15,49
260,20200602,259,7,23,40,16,10,4,80,16,201,111,4,275,14,72,6,127,77,2636,0,0,0,1,10156,10198,1,10100,24,67,24,83,18,8,55,87,3,31,13,48
260,20200603,294,29,32,40,10,20,1,90,14,175,130,4,228,12,118,6,104,63,2377,0,0,0,1,10046,10093,1,10004,24,50,2,82,13,8,70,91,3,41,13,41
260,20200604,312,34,37,50,14,20,23,110,14,128,83,24,170,11,69,24,9,5,933,33,30,16,16,9979,10001,1,9969,16,56,15,80,12,7,80,90,18,63,11,15
260,20200605,237,28,38,60,12,20,1,160,16,99,75,2,143,13,57,6,28,17,1053,50,161,81,9,9941,9972,1,9898,12,30,9,80,18,7,81,95,9,66,18,15
260,20200606,218,57,59,80,11,40,1,160,12,116,83,4,158,14,73,6,82,50,1997,26,44,26,7,9984,10001,23,9963,2,36,7,82,12,6,69,89,24,41,12,30
260,20200607,247,36,39,50,1,20,23,110,12,127,99,4,160,11,93,6,35,21,1286,14,32,18,1,10068,10118,23,10001,1,57,1,81,10,7,78,93,1,58,12,20
260,20200608,332,27,36,50,14,20,3,90,13,146,114,5,189,13,109,6,109,66,2487,3,8,8,3,10147,10185,23,10116,1,60,3,82,13,6,73,95,3,51,13,41
260,20200609,19,25,26,40,1,10,24,70,1,133,87,24,170,17,56,24,25,15,1454,0,0,0,1,10192,10201,11,10183,2,68,3,83,18,7,67,87,24,54,16,23
260,20200610,53,19,21,40,12,10,2,70,12,139,62,4,180,17,33,6,27,16,1464,6,4,4,20,10160,10182,1,10139,24,63,3,80,8,7,76,97,4,60,9,24
260,20200611,54,26,28,40,6,20,1,90,7,157,131,5,201,17,117,6,37,22,1189,27,28,14,10,10114,10135,1,10098,16,57,10,83,16,6,81,94,10,61,16,20
260,20200612,106,17,37,70,22,20,3,200,22,195,144,1,261,15,134,6,106,64,2456,24,67,32,22,10076,10098,1,10058,16,56,4,82,16,6,74,97,24,43,15,44
260,20200613,112,13,25,50,19,10,5,90,19,202,153,3,262,17,146,24,124,74,2772,24,42,35,1,10109,10127,22,10091,3,47,24,82,12,5,76,97,1,47,17,51
260,20200614,285,18,21,40,12,10,1,90,15,183,153,23,230,11,137,6,10,6,1187,5,2,2,13,10143,10160,21,10121,1,4,6,80,15,8,83,98,2,69,15,21
260,20200615,303,12,18,30,12,10,1,80,15,191,152,1,237,15,144,6,41,25,1793,0,0,0,1,10164,10170,10,10158,3,59,1,83,18,8,69,90,1,53,12,32
260,20200616,72,6,13,30,13,0,2,50,13,179,144,24,208,16,120,24,0,0,1014,41,12,5,12,10151,10161,7,10140,21,45,24,75,15,8,87,98,23,70,15,18
260,20200617,49,24,28,50,13,10,1,90,13,190,125,3,242,14,96,6,78,47,2292,26,64,29,21,10117,10138,1,10094,19,1,4,82,15,6,77,99,3,47,14,41
260,20200618,193,14,25,40,6,10,3,90,19,176,131,24,220,15,107,24,25,15,1570,48,100,61,20,10111,10138,24,10087,3,1,24,83,17,8,81,98,23,56,14,27
260,20200619,239,20,25,50,11,10,1,100,18,172,110,3,224,16,83,24,95,57,2263,0,0,0,1,10160,10196,24,10136,1,1,1,83,17,4,76,99,1,55,16,39
260,20200620,267,12,19,30,7,0,21,60,7,167,111,24,221,15,82,6,89,53,1807,0,-1,-1,1,10209,10217,12,10195,2,21,24,83,15,3,73,97,23,51,14,31
260,20200621,208,25,35,50,10,10,3,100,11,186,106,4,245,12,70,6,89,53,2030,0,0,0,1,10191,10213,24,10178,14,61,2,82,8,5,69,97,2,48,12,36
260,20200622,285,17,23,30,8,0,24,90,13,178,110,24,224,15,76,24,135,81,2565,0,0,0,1,10248,10262,12,10216,1,56,4,82,10,2,67,96,24,42,12,45
260,20200623,29,7,19,40,18,0,1,60,9,197,94,4,267,16,64,6,153,91,2914,0,0,0,1,10251,10260,8,10239,18,9,1,82,21,1,64,98,1,42,16,53
260,20200624,86,33,34,50,18,10,1,90,15,233,147,2,294,14,103,6,148,88,2900,0,0,0,1,10223,10240,1,10206,18,65,1,83,19,4,52,91,1,33,12,56
260,20200625,108,39,40,60,13,30,2,130,13,240,170,4,294,16,139,6,151,90,2873,0,0,0,1,10177,10207,1,10141,24,75,3,83,1,1,55,73,24,40,13,56
260,20200626,146,24,31,50,9,10,23,100,11,242,190,3,301,15,153,6,128,76,2817,36,34,16,22,10110,10139,1,10086,18,24,24,82,13,3,61,98,24,35,16,55
260,20200627,214,35,36,60,15,10,1,150,19,206,175,21,248,12,162,24,58,35,1663,12,21,16,7,10086,10094,23,10077,17,12,1,83,18,7,79,98,1,60,13,31
260,20200628,227,51,52,70,9,30,21,140,10,179,152,24,214,16,132,24,94,56,2132,3,1,1,4,10114,10125,14,10090,1,74,11,83,23,5,60,73,3,45,17,37
260,20200629,225,56,58,70,11,40,2,150,20,160,133,4,190,17,118,6,44,26,1408,0,-1,-1,1,10103,10113,11,10087,24,70,24,83,1,7,62,76,5,48,17,24
260,20200630,224,49,51,70,10,20,23,150,10,160,141,6,194,13,139,6,12,7,943,82,126,28,18,10076,10086,10,10063,24,29,19,81,13,8,82,97,24,61,13,16
260,20200701,237,38,39,70,13,20,1,130,13,179,158,24,211,13,138,24,58,35,1692,19,13,6,5,10061,10080,22,10050,5,64,3,82,13,7,78,96,1,58,17,30
260,20200702,237,35,38,60,13,20,20,130,12,171,148,22,212,15,137,24,57,34,1809,7,40,29,19,10108,10141,23,10081,2,57,19,83,12,7,75,92,22,49,15,31
260,20200703,234,48,49,70,14,20,1,140,14,177,141,5,216,14,132,6,74,44,2024,0,-1,-1,1,10156,10164,11,10142,2,59,3,83,21,7,71,94,2,49,14,35
260,20200704,218,59,60,70,7,50,15,170,6,165,136,4,181,19,136,6,1,1,503,133,100,17,20,10123,10146,1,10104,22,24,16,75,1,8,90,97,21,76,1,9
260,20200705,232,68,68,80,5,50,24,170,12,179,153,24,213,14,141,24,40,24,1224,10,4,4,9,10098,10107,24,10088,6,37,9,81,17,7,77,94,9,57,17,21
260,20200706,271,44,45,60,7,20,21,130,8,149,101,24,183,12,72,24,69,42,1898,11,63,26,8,10164,10218,22,10107,2,65,3,81,11,5,71,92,24,57,12,31
260,20200707,271,19,25,50,10,10,1,100,9,146,80,2,192,13,55,6,48,29,1897,12,3,1,9,10191,10216,1,10164,24,4,2,82,16,7,77,99,2,52,13,31
260,20200708,187,6,18,30,9,10,1,60,9,146,129,1,169,14,128,6,0,0,557,83,50,11,17,10151,10159,1,10142,24,40,24,65,11,8,94,97,22,90,11,9
260,20200709,230,36,38,50,5,10,1,120,10,167,147,1,177,16,147,6,1,1,441,79,71,25,3,10115,10136,1,10088,24,20,2,70,22,8,93,98,1,87,15,8
260,20200710,318,23,31,50,11,0,24,100,9,146,82,24,185,16,66,24,55,33,1469,22,24,16,5,10144,10215,24,10069,4,23,3,83,18,6,81,98,23,54,17,24
260,20200711,304,16,20,40,13,0,2,80,10,141,66,4,197,13,48,6,126,77,2193,0,-1,-1,1,10247,10276,24,10217,1,2,1,83,11,2,76,100,4,50,13,35
260,20200712,8,16,18,40,19,0,2,60,15,149,67,4,209,15,48,6,107,65,2223,0,0,0,1,10281,10293,10,10269,24,3,4,83,16,5,70,98,1,40,14,37
260,20200713,246,6,16,30,13,0,2,60,13,172,76,4,235,16,56,6,144,88,2871,0,0,0,1,10225,10267,1,10179,24,9,3,83,18,5,65,99,3,36,13,50
260,20200714,241,9,18,30,11,10,2,70,12,157,116,24,176,9,107,24,5,3,567,47,52,26,15,10149,10174,1,10140,17,27,14,75,1,8,84,94,14,74,2,10
260,20200715,303,18,20,30,9,10,1,70,11,159,85,3,206,17,60,6,73,45,1831,0,-1,-1,1,10149,10160,22,10139,3,8,4,83,12,5,72,99,4,51,14,31
260,20200716,293,14,20,40,18,10,1,90,18,163,141,3,197,17,140,6,9,6,810,26,19,7,9,10174,10203,24,10151,4,22,3,75,15,8,86,97,3,70,17,14
260,20200717,257,7,11,30,14,0,22,50,14,183,139,24,227,17,127,24,28,17,1419,0,0,0,1,10206,10213,12,10198,2,6,24,81,17,7,81,98,24,63,17,25
260,20200718,218,8,21,40,11,0,2,70,11,194,121,3,258,14,101,6,93,57,2182,0,0,0,1,10183,10202,1,10168,17,1,4,81,10,5,78,99,2,53,12,39
260,20200719,283,14,22,40,16,0,2,80,13,179,123,4,244,14,105,6,53,33,1969,14,6,4,21,10164,10184,24,10155,14,2,2,80,12,7,80,99,2,49,13,35
260,20200720,330,27,28,40,8,10,21,90,12,161,104,24,202,16,72,24,133,83,2626,0,-1,-1,1,10212,10239,24,10183,1,65,1,82,15,3,69,93,1,50,15,44
260,20200721,313,22,23,40,14,10,1,90,16,145,75,4,205,15,50,6,127,79,2289,0,0,0,1,10246,10256,24,10236,4,7,4,83,8,2,70,99,4,49,14,37
260,20200722,337,15,20,30,8,0,5,70,14,145,73,4,211,15,49,6,109,68,2406,0,0,0,1,10234,10254,1,10210,24,30,4,83,9,5,71,98,4,40,11,39
260,20200723,224,21,27,50,14,10,1,100,14,184,93,1,246,15,71,6,54,34,2024,0,0,0,1,10160,10207,1,10115,24,65,1,83,17,7,63,97,1,41,15,36
260,20200724,261,23,28,50,14,10,21,100,14,185,145,24,223,13,126,24,41,26,1504,3,6,6,11,10119,10131,20,10107,3,57,7,83,1,7,75,94,23,59,16,27
260,20200725,205,33,35,50,8,10,1,160,24,184,139,1,223,15,121,6,10,6,916,62,42,11,24,10095,10119,1,10054,24,47,10,75,8,8,85,94,10,70,17,16
260,20200726,243,34,37,50,10,20,20,120,1,187,139,24,224,17,118,24,115,73,2278,15,18,11,1,10109,10154,23,10054,2,64,5,83,14,6,72,94,1,48,17,41
260,20200727,179,25,34,60,23,10,20,130,22,184,134,2,239,17,112,6,16,10,1078,0,-1,-1,1,10105,10153,1,10063,17,65,1,83,19,8,74,92,1,57,18,19
260,20200728,256,39,40,60,10,20,5,120,11,179,159,23,206,14,137,24,73,46,1867,2,1,1,4,10123,10164,24,10068,1,62,3,83,17,7,66,88,4,50,10,33
260,20200729,272,26,29,50,10,10,20,100,11,162,107,24,202,13,91,24,92,59,1811,0,0,0,1,10197,10211,22,10167,1,65,23,83,1,6,66,97,24,49,13,31
260,20200730,140,15,20,40,10,10,1,70,12,183,91,3,251,14,68,6,132,84,2584,0,0,0,1,10201,10216,6,10184,19,59,2,83,19,3,66,98,2,35,14,46
260,20200731,125,31,33,50,9,10,1,90,9,245,122,3,320,16,103,6,143,92,2676,0,0,0,1,10152,10185,1,10116,23,65,1,83,15,1,53,96,1,31,15,52
260,20200801,255,19,25,40,9,0,21,90,3,206,131,24,252,10,109,24,57,37,1479,5,4,4,2,10142,10156,20,10108,2,57,22,83,1,6,78,98,23,61,17,27
260,20200802,290,21,25,50,14,0,22,100,14,168,100,24,216,15,79,24,79,51,1902,0,0,0,1,10152,10160,13,10139,6,59,1,83,19,5,75,98,3,47,15,33
260,20200803,292,5,21,50,14,10,1,100,13,154,92,3,212,13,72,6,22,14,1211,10,3,3,15,10145,10163,24,10136,12,11,3,83,18,7,78,98,2,52,12,20
260,20200804,275,12,23,30,8,10,4,70,12,164,82,5,221,15,58,6,122,79,2306,0,0,0,1,10166,10178,10,10156,24,4,5,83,19,3,64,99,5,39,12,39
260,20200805,207,28,32,50,8,0,22,100,10,206,140,2,283,16,115,6,130,85,2551,0,0,0,1,10152,10161,9,10143,3,65,23,83,15,2,58,93,23,29,16,47
260,20200806,136,6,17,30,19,10,1,60,10,223,116,5,310,15,99,6,135,88,2466,0,0,0,1,10186,10197,21,10163,1,65,1,83,17,4,62,97,3,27,17,47
260,20200807,122,7,18,30,11,10,4,70,13,247,145,5,340,16,126,6,139,91,2501,0,0,0,1,10193,10202,8,10182,18,65,1,83,19,0,59,94,4,25,14,49
260,20200808,35,17,21,40,14,0,3,100,14,264,146,4,346,13,128,6,97,64,2172,0,0,0,1,10191,10198,8,10185,24,62,4,83,19,4,55,97,4,26,11,44
260,20200809,35,32,34,60,18,10,1,90,13,267,215,3,326,15,198,24,98,65,2148,0,-1,-1,1,10170,10186,1,10150,17,70,2,83,19,4,57,82,2,39,15,43
260,20200810,78,29,31,50,11,20,2,90,13,261,188,5,327,14,162,6,90,60,1979,0,0,0,1,10149,10160,2,10136,17,70,3,83,16,6,57,83,3,35,14,40
260,20200811,96,24,32,70,17,10,21,150,17,270,213,5,345,15,192,6,118,79,2252,0,0,0,1,10146,10156,23,10133,16,75,4,82,1,7,57,77,22,35,15,46
260,20200812,101,18,24,40,11,10,2,70,11,263,204,24,323,14,188,24,79,53,1907,6,3,3,2,10135,10148,1,10117,18,61,2,81,13,5,64,91,2,42,14,38
260,20200813,147,11,19,30,13,10,2,70,14,251,191,3,317,15,171,6,58,39,1634,8,2,1,19,10113,10121,22,10102,16,24,23,81,12,7,71,91,20,42,13,32
260,20200814,215,13,22,40,9,10,1,80,14,233,184,5,286,13,170,6,81,55,1959,2,1,1,17,10125,10142,23,10112,2,15,2,81,12,6,78,97,5,52,11,38
260,20200815,298,5,17,30,17,10,4,110,17,225,186,24,285,16,174,24,72,49,1864,8,4,3,20,10142,10152,9,10133,24,20,5,70,15,6,79,96,22,51,15,35
260,20200816,108,12,22,50,18,10,1,220,19,225,165,24,304,14,146,24,57,39,1802,16,297,210,19,10105,10128,1,10080,17,1,24,82,14,7,79,99,24,44,14,34
260,20200817,149,6,17,40,16,10,1,90,14,189,154,22,254,15,136,24,36,25,1341,5,11,11,17,10093,10101,22,10082,15,0,3,81,14,6,88,99,1,59,15,24
260,20200818,241,18,25,50,10,10,1,90,15,183,132,4,240,15,111,6,105,72,1852,1,1,1,12,10104,10114,23,10095,1,1,2,83,17,3,80,99,2,53,17,33
260,20200819,169,30,32,50,12,10,1,100,13,213,130,2,272,15,107,6,89,61,1900,0,-1,-1,1,10076,10109,1,10045,24,7,4,83,16,6,71,98,1,47,14,35
260,20200820,153,27,32,50,15,20,23,170,21,232,189,2,280,18,188,6,46,32,1202,14,35,32,21,10059,10081,10,10042,24,65,1,83,18,8,78,93,1,62,18,23
260,20200821,212,34,41,70,11,10,21,130,12,239,181,21,285,13,160,24,99,69,2011,0,-1,-1,1,10076,10115,24,10030,3,61,20,83,2,4,60,80,23,44,12,39
260,20200822,223,54,55,80,11,30,1,170,13,192,167,24,224,11,156,24,73,51,1390,5,27,11,13,10133,10143,20,10115,1,63,14,81,17,6,72,87,14,58,16,25
260,20200823,239,37,41,60,13,20,19,110,12,176,150,21,213,12,137,24,70,49,1373,19,81,54,10,10147,10162,19,10128,4,60,9,83,18,6,78,90,1,59,15,24
260,20200824,246,28,33,50,11,10,20,100,10,165,114,23,207,15,96,24,59,42,1234,25,73,32,7,10145,10149,10,10137,5,56,4,81,12,5,79,98,23,55,14,21
260,20200825,195,43,49,100,23,20,1,210,23,170,124,2,212,18,107,6,12,9,655,22,21,12,13,10061,10138,1,9991,24,58,5,80,18,7,81,95,5,64,20,11
260,20200826,257,62,65,100,2,20,22,170,1,161,130,24,184,12,119,24,8,6,494,74,95,43,3,10083,10175,23,9984,2,45,2,74,10,7,84,95,24,75,11,8
260,20200827,141,21,24,40,15,10,3,70,20,160,116,5,198,15,104,6,13,9,958,14,14,10,20,10126,10175,1,10026,24,26,4,71,18,8,85,98,4,70,15,16
260,20200828,201,36,41,60,4,20,17,130,4,161,127,21,210,13,115,24,62,45,1236,25,145,93,16,10001,10018,1,9993,17,56,16,80,10,6,82,96,17,64,13,21
260,20200829,218,32,34,60,10,10,20,100,9,149,121,21,188,16,105,24,65,47,1290,6,14,9,13,10034,10069,24,10001,3,57,13,80,16,5,86,96,20,67,17,21
260,20200830,340,30,38,70,15,10,1,150,15,153,110,2,186,11,94,6,26,19,811,27,57,44,9,10113,10171,24,10072,1,2,1,75,14,7,88,99,1,74,18,13
260,20200831,351,21,22,40,10,0,24,70,4,145,92,24,183,12,79,24,46,34,1439,0,0,0,1,10197,10210,24,10172,1,6,24,82,12,6,76,99,24,53,15,24
260,20200901,335,14,16,30,14,0,6,70,15,135,90,1,176,14,81,6,50,37,1110,0,0,0,1,10200,10209,7,10192,16,29,4,83,12,6,80,98,4,55,11,18
260,20200902,321,10,13,30,17,10,3,60,17,148,79,5,217,14,67,6,102,75,1722,0,0,0,1,10191,10198,9,10183,15,3,4,83,11,4,78,98,2,48,14,28
260,20200903,210,35,38,60,18,10,1,130,17,163,107,1,207,17,96,6,0,0,430,110,122,26,8,10169,10185,1,10156,15,32,22,70,15,8,89,98,1,81,14,7
260,20200904,236,32,33,50,10,20,5,100,12,173,138,22,210,13,128,24,44,33,1260,20,21,16,1,10195,10206,9,10179,1,57,3,82,17,8,79,96,1,59,13,22
260,20200905,266,26,29,50,10,10,2,110,11,148,104,22,188,13,91,24,68,51,1452,24,86,45,20,10185,10195,20,10172,5,12,21,82,14,6,78,98,21,57,15,24
260,20200906,268,17,22,40,10,10,2,80,10,142,90,6,193,14,79,6,88,66,1555,9,12,11,2,10200,10223,24,10186,5,1,5,83,13,5,79,99,5,53,12,25
260,20200907,223,27,28,50,13,10,1,90,13,155,80,3,210,15,66,6,98,74,1613,0,0,0,1,10230,10235,11,10220,4,2,4,83,17,6,77,99,2,53,15,27
260,20200908,215,30,32,40,1,20,19,80,11,173,151,2,190,15,136,6,0,0,413,0,-1,-1,1,10241,10253,14,10228,2,56,20,70,1,8,88,93,6,83,1,7
260,20200909,252,23,30,50,10,10,22,90,10,168,86,24,209,12,77,24,0,0,430,7,5,3,17,10215,10235,22,10203,12,9,23,75,12,6,90,99,24,76,12,7
260,20200910,219,2,10,20,11,0,19,40,11,132,70,3,198,15,62,6,72,55,1353,0,0,0,1,10220,10240,7,10190,24,2,2,81,10,5,79,99,1,47,14,21
260,20200911,215,9,15,40,14,0,5,80,12,137,87,2,200,14,73,24,99,76,1528,0,0,0,1,10170,10184,1,10160,18,10,2,80,17,5,81,98,2,54,14,25
260,20200912,230,25,26,50,10,10,1,100,11,142,86,3,191,16,66,6,33,26,798,0,0,0,1,10195,10232,22,10157,3,4,22,80,16,6,85,98,1,69,16,13
260,20200913,214,23,25,40,9,10,18,80,9,164,109,1,225,15,88,6,100,78,1688,0,0,0,1,10246,10255,10,10230,4,2,24,81,16,4,84,99,24,60,16,29
260,20200914,106,11,14,20,9,10,1,40,11,186,95,6,285,15,80,6,115,90,1658,0,0,0,1,10230,10251,1,10203,24,3,4,81,11,3,77,99,2,38,13,29
260,20200915,138,13,14,30,14,0,2,40,13,212,123,4,314,15,91,6,113,89,1627,0,0,0,1,10185,10201,1,10171,17,2,2,81,15,7,77,99,4,39,14,30
260,20200916,2,36,40,60,17,10,1,110,18,184,133,24,235,13,117,24,75,59,1308,0,0,0,1,10222,10281,24,10175,3,8,4,80,13,5,81,98,4,59,12,23
260,20200917,51,35,37,60,10,10,3,100,10,135,79,5,190,15,35,6,112,89,1629,0,0,0,1,10285,10301,9,10273,24,21,4,83,15,3,67,98,4,41,14,26
260,20200918,67,43,44,60,13,20,24,100,13,145,74,6,213,15,55,6,114,91,1708,0,0,0,1,10242,10270,1,10215,24,71,19,83,17,0,60,79,5,39,15,28
260,20200919,60,28,28,40,10,20,1,80,12,154,73,6,233,15,34,6,114,91,1603,0,0,0,1,10184,10212,1,10167,16,70,6,83,17,0,60,81,6,40,14,27
260,20200920,35,28,29,40,10,20,1,80,16,149,75,6,228,14,32,6,114,92,1642,0,0,0,1,10180,10186,9,10173,3,68,13,83,8,0,63,87,21,39,15,27
260,20200921,7,12,15,30,15,0,8,50,14,149,77,6,253,13,43,6,114,92,1558,0,0,0,1,10159,10179,1,10138,24,1,24,83,17,0,76,98,6,35,13,26
260,20200922,227,6,11,20,11,0,4,50,13,141,52,6,236,15,19,6,112,91,1478,0,0,0,1,10096,10134,1,10058,24,0,1,77,14,1,76,99,1,35,13,24
260,20200923,194,32,34,70,14,10,1,120,13,162,95,3,218,13,62,6,29,24,819,37,80,31,22,10022,10055,1,9972,23,12,2,83,15,7,84,98,2,58,13,14
260,20200924,195,41,45,70,10,20,17,130,10,137,115,7,175,13,107,6,62,51,950,40,67,25,23,9991,10021,8,9942,23,57,14,83,12,5,79,92,22,55,12,15
260,20200925,187,38,52,70,11,30,23,140,11,109,88,6,135,13,80,6,47,39,809,18,44,34,17,9930,9947,9,9904,20,60,15,75,8,6,86,96,17,70,12,12
260,20200926,341,32,34,60,24,20,6,120,22,128,91,6,162,12,70,6,72,60,1125,64,110,34,23,9987,10009,16,9938,1,50,24,83,15,7,82,95,3,60,14,18
260,20200927,33,26,36,80,2,10,17,160,3,142,129,1,163,5,126,24,13,11,675,26,34,22,1,10031,10082,23,9957,2,44,1,75,11,8,85,96,2,72,14,11
260,20200928,174,21,22,30,9,20,1,60,9,128,121,22,137,15,121,24,0,0,172,36,28,15,3,10090,10120,22,10067,5,19,3,59,17,8,96,98,3,94,1,3
260,20200929,235,10,17,30,13,10,3,50,5,151,121,1,193,16,94,24,35,30,839,60,28,7,21,10149,10162,21,10123,1,3,24,82,15,8,86,99,24,53,14,14
260,20200930,160,22,23,30,7,20,1,80,21,153,120,1,184,13,87,6,22,19,509,12,17,12,14,10117,10154,1,10063,24,11,1,70,16,7,92,98,1,81,13,8
260,20201001,156,31,35,50,12,20,20,100,12,131,90,24,156,1,60,24,5,4,243,60,76,25,12,10000,10053,1,9971,14,17,24,67,3,7,93,98,23,87,8,4
260,20201002,74,40,42,60,12,20,1,100,10,129,80,3,160,15,56,6,5,4,580,4,1,1,22,9937,9980,1,9897,24,31,1,75,11,8,84,98,1,71,12,9
260,20201003,127,22,33,50,1,20,8,100,2,126,99,21,147,1,88,24,2,2,161,42,66,41,15,9888,9902,15,9859,24,50,9,65,12,8,91,96,18,85,1,3
260,20201004,167,50,53,80,11,20,3,170,11,119,105,5,148,15,100,6,36,31,700,26,17,7,5,9899,9946,23,9845,5,56,4,83,15,7,80,96,6,60,14,11
260,20201005,177,49,51,70,7,40,16,130,7,122,102,8,144,14,99,12,6,5,363,43,58,40,24,9965,9986,19,9944,5,58,7,75,13,8,85,95,24,78,14,6
260,20201006,215,44,47,60,9,30,18,130,12,128,112,24,148,16,106,24,19,17,422,47,87,24,19,9975,10001,24,9956,12,37,6,75,16,7,89,95,6,76,16,7
260,20201007,240,31,33,50,12,20,3,110,12,124,107,24,150,12,97,24,17,15,527,29,41,10,4,10101,10158,23,10008,1,56,4,75,12,8,86,95,1,75,13,8
260,20201008,218,37,45,80,11,10,22,150,11,131,108,2,159,16,100,6,0,0,159,94,134,28,15,10119,10173,24,10085,14,35,8,70,1,8,91,97,15,84,1,3
260,20201009,232,23,25,40,12,10,1,130,20,118,82,24,153,14,67,24,34,31,637,20,52,23,20,10169,10178,6,10155,19,60,21,83,15,8,84,97,4,59,15,10
260,20201010,242,29,29,50,10,10,18,120,10,87,51,24,129,11,33,24,46,42,657,47,99,32,17,10181,10192,12,10168,1,8,23,81,10,5,86,99,23,59,11,9
260,20201011,267,22,25,30,4,10,14,70,13,94,51,4,137,13,34,6,62,56,806,9,44,36,14,10197,10212,23,10184,5,58,3,75,10,5,87,98,3,74,15,12
260,20201012,241,13,19,30,13,10,5,70,13,94,43,5,145,14,22,6,44,40,727,0,-1,-1,1,10185,10210,1,10138,24,5,4,82,13,7,87,99,4,56,14,10
260,20201013,109,27,33,50,15,20,1,80,14,96,66,24,128,14,48,24,74,68,823,0,0,0,1,10133,10171,24,10115,6,59,24,75,10,7,84,93,6,71,14,12
260,20201014,27,37,37,60,12,20,6,110,12,92,60,3,123,13,46,6,21,19,606,0,0,0,1,10193,10203,21,10177,1,58,1,83,13,8,80,94,1,61,14,9
260,20201015,27,31,32,50,13,20,1,110,13,94,59,24,115,13,40,24,11,10,525,0,0,0,1,10218,10234,24,10201,3,65,24,81,13,7,74,93,24,64,13,8
260,20201016,28,19,20,40,11,0,23,70,11,83,46,1,122,14,27,6,58,54,743,0,0,0,1,10233,10244,9,10223,24,57,23,83,15,7,81,98,22,58,12,10
260,20201017,145,6,9,20,11,0,1,40,11,71,20,24,125,13,0,24,28,26,535,0,-1,-1,1,10211,10220,1,10205,15,1,20,75,12,5,89,99,21,68,12,7
260,20201018,263,9,15,20,7,0,21,60,16,88,20,1,134,12,-1,6,27,26,511,0,0,0,1,10216,10223,24,10208,4,0,1,80,15,7,90,99,1,68,15,7
260,20201019,157,17,20,30,1,10,2,60,1,94,70,23,132,15,39,24,8,8,390,4,2,2,1,10189,10220,1,10124,24,47,3,80,14,8,85,98,3,62,14,6
260,20201020,165,38,40,50,8,30,12,90,8,117,78,2,144,22,67,6,0,0,181,12,3,2,23,10073,10112,1,10056,23,65,22,75,1,8,83,93,23,78,4,3
260,20201021,196,48,58,90,15,30,2,200,19,154,125,8,203,15,123,12,11,11,300,95,86,23,8,10015,10068,24,9965,14,44,6,83,15,7,82,96,3,62,14,5
260,20201022,212,39,39,50,1,20,18,100,9,139,107,24,161,13,89,24,48,47,550,5,5,5,14,10099,10118,24,10074,1,65,24,80,13,4,82,92,24,69,13,9
260,20201023,198,26,29,50,22,10,3,100,22,120,62,4,159,15,44,6,28,27,490,0,-1,-1,1,10100,10115,1,10087,16,1,5,70,19,6,90,99,5,81,20,8
260,20201024,191,53,54,80,22,30,7,150,24,139,117,5,162,24,108,6,6,6,352,6,2,1,1,10076,10105,4,10017,24,58,8,75,12,8,83,93,9,73,13,6
260,20201025,189,44,46,80,1,30,19,160,1,121,100,24,159,1,89,24,3,3,191,14,41,20,6,10003,10013,11,9995,24,50,5,75,1,8,85,91,6,71,3,3
260,20201026,199,45,46,60,10,30,2,120,10,104,86,8,127,15,76,12,45,45,523,3,1,1,21,9997,10014,24,9989,2,65,3,80,12,6,80,91,3,67,14,8
260,20201027,192,52,54,70,18,40,2,140,18,101,75,7,120,24,66,12,9,9,286,24,18,6,21,10015,10036,10,9989,20,50,21,75,11,7,86,94,21,74,17,4
260,20201028,211,43,45,70,11,30,3,180,11,100,83,17,130,11,80,18,15,15,353,77,116,27,17,10046,10062,12,10020,1,59,16,72,10,7,88,94,17,79,10,5
260,20201029,218,41,43,60,21,30,3,110,22,107,78,3,137,24,64,6,24,24,351,77,76,16,19,10127,10154,13,10065,1,39,20,70,2,6,87,96,19,73,10,5
260,20201030,228,55,55,70,10,40,23,130,4,143,133,1,157,14,130,6,2,2,217,50,26,9,16,10176,10216,22,10138,4,27,19,70,7,8,91,96,17,82,13,4
260,20201031,192,41,45,70,20,30,4,120,20,135,109,24,155,14,93,24,17,18,369,22,27,13,17,10161,10215,1,10110,19,26,2,80,13,8,85,97,1,68,13,6
260,20201101,196,50,52,70,12,30,1,150,17,143,105,8,176,16,93,6,9,9,260,30,38,10,20,10080,10136,1,10040,24,47,22,75,11,8,86,95,13,77,10,4
260,20201102,217,65,67,90,10,40,19,190,12,158,106,24,193,11,94,24,8,8,203,20,20,10,13,10074,10162,24,10030,3,40,12,80,17,6,81,94,2,66,17,3
260,20201103,209,43,47,90,15,30,3,160,15,92,66,24,129,13,52,24,52,55,582,6,6,3,15,10201,10248,24,10172,1,63,15,82,14,3,79,90,20,61,12,8
260,20201104,236,17,20,30,1,10,8,60,2,67,9,24,128,13,-4,24,80,84,681,0,0,0,1,10321,10378,24,10253,1,4,24,81,15,1,85,99,23,55,13,9
260,20201105,206,8,13,30,11,0,2,50,11,64,6,2,128,14,-8,6,46,49,514,0,0,0,1,10380,10395,9,10365,24,7,1,80,13,7,89,99,1,66,14,7
260,20201106,101,23,25,40,11,10,1,70,14,84,46,24,124,13,15,24,65,70,597,0,0,0,1,10318,10365,1,10255,24,50,6,71,14,5,84,96,1,65,14,8
260,20201107,126,16,20,30,1,10,16,60,2,68,35,6,126,14,15,6,75,81,553,0,0,0,1,10232,10250,1,10215,24,1,23,75,2,1,85,99,21,73,13,7
260,20201108,131,16,17,20,6,10,1,50,21,84,18,5,132,14,8,6,15,16,332,0,-1,-1,1,10217,10224,21,10209,14,2,2,70,10,7,90,99,1,80,13,5
260,20201109,135,16,18,30,10,10,1,50,10,121,85,7,169,13,67,12,49,53,504,0,0,0,1,10227,10235,24,10219,4,25,21,75,12,7,90,98,21,72,12,8
260,20201110,171,9,14,20,2,10,1,50,22,124,88,4,164,13,78,6,43,47,457,0,-1,-1,1,10248,10262,21,10233,3,1,3,63,14,8,93,99,3,78,13,7
260,20201111,160,26,27,40,21,10,3,80,22,114,102,24,130,14,92,24,2,2,220,0,0,0,1,10223,10261,1,10163,24,2,8,70,19,8,93,99,3,86,18,3
260,20201112,199,34,40,50,2,20,21,110,12,102,66,21,132,12,44,24,25,28,314,21,124,81,11,10157,10185,20,10125,5,50,6,75,15,5,86,94,6,76,12,5
260,20201113,185,30,34,40,10,20,23,100,10,95,49,6,129,17,30,12,14,16,212,3,2,1,13,10151,10181,1,10130,14,56,24,70,9,7,92,97,23,82,10,3
260,20201114,178,37,38,60,13,20,1,120,23,124,83,5,147,14,70,6,14,16,230,19,15,7,7,10128,10161,1,10086,24,22,7,75,13,8,86,98,2,72,23,4
260,20201115,189,57,61,100,23,40,4,210,23,127,98,17,156,12,84,24,15,17,199,49,77,23,15,10023,10082,1,9974,16,60,15,75,1,6,78,91,16,70,12,3
260,20201116,222,46,48,70,2,30,18,130,5,102,89,6,123,13,76,24,13,15,205,27,23,7,14,10122,10191,22,10026,1,43,15,75,1,8,85,93,15,74,1,3
260,20201117,219,56,56,60,1,40,23,130,5,120,106,1,129,11,101,6,3,3,143,7,1,1,5,10218,10243,23,10183,3,43,5,75,21,8,87,94,5,80,21,2
260,20201118,194,49,52,80,23,30,2,150,24,128,109,5,149,14,96,6,70,81,519,7,3,3,24,10187,10242,1,10136,22,56,23,82,19,5,75,91,24,63,19,8
260,20201119,270,29,37,60,2,20,16,130,15,82,37,19,117,2,21,24,23,27,282,23,70,20,11,10224,10322,24,10149,1,43,15,75,10,6,81,90,19,69,2,4
260,20201120,213,23,26,50,23,10,11,90,23,60,35,8,85,14,22,6,10,12,217,1,1,1,7,10331,10347,10,10310,24,65,1,83,13,6,75,92,1,60,14,3
260,20201121,208,52,53,70,13,40,21,140,13,87,55,1,102,14,51,6,0,0,75,12,3,1,17,10267,10300,1,10239,24,56,7,75,1,8,87,93,19,76,1,1
260,20201122,242,29,31,50,1,20,15,110,3,89,51,24,116,12,24,24,24,28,266,41,32,13,6,10247,10258,24,10234,3,26,3,75,12,6,86,97,5,73,13,4
260,20201123,213,22,24,30,11,10,9,60,12,61,11,8,106,14,-2,12,67,79,470,0,0,0,1,10271,10289,11,10253,24,59,24,80,11,4,81,95,8,62,13,6
260,20201124,176,32,34,40,3,20,16,70,1,79,51,24,102,14,41,24,20,24,225,0,0,0,1,10208,10250,1,10163,24,50,3,70,19,8,89,95,3,83,14,3
260,20201125,174,33,35,50,11,20,22,80,11,67,37,7,92,13,29,12,46,55,380,0,0,0,1,10161,10185,24,10149,7,58,24,65,1,8,86,92,4,75,12,5
260,20201126,75,3,14,30,24,0,10,60,24,88,74,24,98,13,73,24,0,0,70,86,53,15,22,10202,10212,10,10185,1,19,10,59,1,8,96,98,9,90,4,1
260,20201127,75,20,22,30,1,10,6,50,1,63,35,19,75,14,21,24,0,0,60,32,27,14,1,10197,10205,1,10189,15,7,18,65,4,7,96,98,18,92,16,1
260,20201128,82,32,33,40,13,20,2,80,22,42,33,17,56,12,36,12,0,0,230,0,0,0,1,10215,10247,23,10190,4,5,17,62,12,8,95,99,17,89,11,3
260,20201129,83,21,23,40,1,10,16,60,1,9,-36,24,37,1,-43,24,28,34,274,0,0,0,1,10268,10281,20,10248,1,10,1,63,13,4,92,98,1,79,13,3
260,20201130,204,31,34,60,19,10,1,110,18,24,-42,2,84,23,-48,6,0,0,51,82,89,39,24,10205,10273,1,10118,23,1,3,65,23,7,96,98,3,92,1,1
260,20201201,349,37,41,70,7,20,2,130,7,81,64,24,98,13,60,6,3,4,176,43,72,22,1,10168,10211,23,10118,4,40,5,70,16,8,87,97,6,72,12,2
260,20201202,146,8,19,30,20,10,7,70,24,58,52,17,64,1,44,18,0,0,55,0,-1,-1,1,10157,10209,1,10077,24,44,22,64,1,8,92,96,21,90,1,1
260,20201203,163,44,48,70,21,30,1,120,21,55,46,21,62,10,42,24,0,0,53,106,37,7,21,9948,10066,1,9821,24,42,8,65,18,8,91,95,8,87,3,1
260,20201204,154,53,57,80,4,20,23,150,5,50,-8,24,80,12,-20,24,10,12,171,24,12,6,3,9838,9913,24,9779,5,62,2,83,12,5,78,95,24,62,15,2
260,20201205,145,18,22,40,12,10,4,90,14,13,-30,6,56,13,-43,12,56,70,354,0,0,0,1,9972,10017,23,9919,1,62,3,75,11,5,88,97,3,73,13,4
260,20201206,2,10,17,20,1,10,5,40,10,18,-18,5,42,24,-30,6,0,0,140,0,-1,-1,1,10009,10019,3,9981,24,34,21,63,1,8,93,97,8,87,13,2
260,20201207,205,28,33,50,12,20,1,90,12,42,19,23,55,7,9,24,2,3,105,115,83,14,3,9979,10015,24,9952,6,27,15,60,11,8,94,96,3,92,18,1
260,20201208,86,8,11,20,1,0,20,40,1,18,-16,7,48,14,-21,12,3,4,159,0,0,0,1,10045,10077,24,10017,3,5,21,65,14,7,95,98,4,83,13,2
260,20201209,157,30,30,50,13,10,1,80,13,8,-15,8,31,2,-10,6,0,0,95,0,-1,-1,1,10088,10098,9,10078,1,0,4,56,24,8,98,100,5,94,23,1
260,20201210,131,29,30,40,19,20,6,70,19,6,-5,18,29,1,-17,18,31,39,249,0,0,0,1,10056,10072,1,10010,24,28,20,61,13,7,92,95,3,85,13,3
260,20201211,132,46,46,60,9,40,1,110,10,26,-3,4,44,20,-14,6,0,0,94,54,13,3,14,9928,10001,1,9901,17,22,21,68,10,8,91,97,21,84,7,1
260,20201212,170,10,20,30,1,10,20,60,2,65,42,1,89,17,41,6,0,0,79,31,12,7,15,9971,10047,24,9909,1,2,7,57,17,8,98,100,7,94,17,1
260,20201213,174,30,34,60,19,10,1,100,19,69,57,21,79,14,55,24,2,3,193,23,13,4,7,10074,10096,10,10050,1,3,1,75,18,8,90,100,2,79,18,3
260,20201214,174,44,45,60,9,30,20,100,5,96,65,1,116,12,59,6,8,10,151,37,32,9,5,10051,10062,18,10035,7,45,4,70,1,8,89,97,4,82,17,2
260,20201215,186,29,30,40,1,20,19,70,2,87,50,23,104,14,27,24,4,5,78,14,6,4,3,10094,10146,24,10053,2,0,23,65,1,7,94,100,24,88,16,1
260,20201216,150,36,37,40,4,20,1,70,6,72,46,9,97,24,45,12,61,79,318,9,1,1,24,10140,10157,10,10121,20,1,1,70,11,8,93,100,4,84,13,4
260,20201217,205,41,43,60,12,30,1,100,10,89,64,24,103,12,52,24,8,10,155,59,42,20,5,10167,10204,21,10120,3,57,8,70,10,7,89,95,5,82,14,2
260,20201218,168,46,47,60,8,40,1,110,8,79,56,4,110,14,45,6,53,68,305,0,0,0,1,10176,10202,1,10142,24,60,4,75,12,8,86,95,4,77,13,4
260,20201219,169,46,48,50,1,40,2,100,16,83,51,3,115,14,40,6,23,30,170,7,3,3,14,10120,10141,24,10099,12,60,4,75,12,6,88,92,4,76,13,2
260,20201220,196,43,43,60,13,30,3,100,13,86,69,24,99,14,57,24,18,23,179,0,0,0,1,10160,10185,24,10138,1,64,10,70,1,7,87,92,4,81,14,3
260,20201221,176,42,46,60,13,30,2,150,24,79,43,6,131,24,34,6,0,0,50,131,212,39,21,10119,10184,2,10050,23,29,19,70,1,8,94,98,21,89,1,1
260,20201222,238,34,39,80,1,10,16,160,1,106,86,17,131,1,82,24,0,0,103,58,56,27,2,10110,10146,20,10045,1,18,24,70,5,8,92,98,20,85,13,2
260,20201223,200,28,33,60,23,10,1,120,23,109,86,24,123,18,79,24,3,4,56,105,167,45,12,10075,10130,1,10040,18,3,3,70,20,8,95,99,1,86,23,1
260,20201224,331,27,37,70,5,20,9,130,6,54,32,24,91,2,14,24,7,9,152,46,36,12,5,10127,10206,24,10046,3,56,4,75,12,7,85,94,9,76,14,2
260,20201225,306,19,23,30,1,10,17,90,16,32,-11,22,66,12,-13,24,60,78,339,0,-1,-1,1,10244,10259,19,10212,1,40,21,75,10,4,86,98,21,70,12,4
260,20201226,203,56,56,90,23,20,1,150,18,45,25,1,59,23,15,6,3,4,120,29,12,4,21,10160,10248,1,10011,24,47,19,70,4,8,89,94,2,83,11,1
260,20201227,184,81,81,120,7,20,23,210,7,50,32,24,59,12,14,24,0,0,46,151,130,17,5,9811,9988,1,9742,18,37,2,70,11,8,90,98,24,86,11,1
260,20201228,137,19,26,40,4,10,22,80,4,36,13,2,54,12,-4,6,27,35,249,49,50,15,21,9773,9796,24,9753,1,11,2,70,10,8,91,98,1,81,12,3
260,20201229,234,22,26,40,15,10,1,80,16,37,25,7,58,14,18,24,7,9,160,63,42,12,6,9877,9953,24,9799,1,11,5,68,14,7,93,98,3,88,13,2
260,20201230,222,29,31,40,19,20,15,90,14,42,24,1,68,12,13,6,32,41,223,20,9,4,14,9998,10027,22,9955,1,58,4,70,11,8,89,94,4,83,12,3
260,20201231,190,8,12,30,2,0,16,60,2,21,-21,24,40,13,-14,24,3,4,95,18,29,23,2,10030,10058,24,10012,5,1,22,61,2,7,95,99,23,88,13,1
260,20210101,225,21,21,30,6,10,1,60,15,30,-35,3,57,14,-30,6,9,12,194,0,0,0,1,10084,10113,24,10059,1,0,2,70,11,7,92,98,1,85,15,2
260,20210102,196,12,18,30,1,10,14,50,1,36,31,8,45,1,29,6,0,0,107,9,3,1,9,10134,10153,24,10115,1,11,22,56,1,8,96,98,7,93,3,1
260,20210103,40,35,35,50,15,20,1,100,17,33,28,7,40,14,25,12,0,0,84,6,1,1,23,10167,10176,19,10152,4,27,4,75,16,8,86,97,2,74,16,1
260,20210104,41,53,53,60,10,50,1,130,14,28,23,23,36,10,21,18,0,0,55,35,11,6,3,10178,10187,10,10168,4,60,3,70,10,8,87,93,2,81,15,1
260,20210105,45,40,41,50,1,30,9,90,2,29,21,2,36,20,20,6,0,0,50,5,1,1,8,10180,10185,10,10172,5,60,14,70,1,8,89,92,8,86,1,1
260,20210106,12,20,26,50,3,10,17,90,3,24,13,24,32,1,9,24,0,0,111,6,1,1,1,10167,10181,9,10144,24,58,23,75,13,8,86,94,24,80,13,1
260,20210107,292,21,23,40,16,10,1,100,14,26,12,1,41,13,9,6,0,0,123,152,79,20,14,10124,10141,1,10115,15,50,14,65,2,8,94,97,20,86,13,1
260,20210108,341,8,13,30,12,10,1,50,11,11,-28,24,44,14,-35,24,27,34,270,26,4,2,5,10164,10213,24,10119,1,4,19,70,11,6,95,98,7,81,14,3
260,20210109,290,11,12,20,12,10,1,80,15,-6,-45,8,65,15,-54,12,54,67,382,7,5,3,16,10239,10253,21,10215,1,4,21,75,12,2,93,99,19,73,14,4
260,20210110,222,24,24,40,20,10,1,70,20,16,-34,7,52,13,-40,6,24,30,304,0,-1,-1,1,10235,10250,1,10212,24,38,1,75,11,7,89,98,1,75,13,3
260,20210111,219,53,54,60,7,40,1,130,18,50,29,4,70,23,28,6,0,0,62,29,12,6,20,10151,10208,1,10076,24,31,5,75,17,8,89,94,5,80,17,1
260,20210112,282,31,37,70,1,20,17,130,2,52,10,20,83,5,-16,24,41,50,358,73,159,34,4,10095,10165,24,10033,5,46,2,82,13,5,85,96,3,57,13,5
260,20210113,277,30,33,50,12,20,19,100,12,43,17,2,62,14,2,6,42,51,332,11,8,5,3,10155,10175,24,10139,17,47,3,80,12,7,79,91,1,65,13,4
260,20210114,69,28,33,50,13,10,1,90,15,12,-7,23,36,1,-19,24,15,18,254,0,0,0,1,10202,10238,24,10176,1,65,4,75,1,8,82,95,5,71,1,3
260,20210115,351,7,16,40,1,0,17,60,1,12,-9,1,24,15,-23,6,0,0,82,0,0,0,1,10286,10305,20,10243,1,65,20,80,7,8,78,89,19,68,7,1
260,20210116,185,33,35,60,14,20,1,130,15,8,-9,17,20,10,-6,18,0,0,123,46,29,8,17,10223,10295,1,10151,24,13,16,82,14,8,83,98,17,64,14,1
260,20210117,254,13,22,40,15,10,6,100,15,34,-1,1,79,13,-1,6,21,25,316,28,22,11,16,10187,10232,23,10144,4,10,6,66,12,7,93,98,2,79,13,4
260,20210118,225,40,41,60,24,20,2,100,16,48,21,2,66,15,3,6,2,2,157,2,2,1,16,10197,10226,1,10148,24,59,7,70,15,8,90,95,5,82,15,2
260,20210119,217,70,73,90,9,60,2,170,14,77,44,4,105,13,42,6,2,2,69,103,156,26,7,10050,10135,1,10013,24,34,11,70,1,8,88,96,11,82,1,1
260,20210120,185,63,64,80,21,60,2,130,3,90,68,3,109,21,65,6,4,5,162,0,-1,-1,1,9946,10006,1,9857,24,66,3,83,12,8,71,87,3,58,18,2
260,20210121,209,62,70,110,4,20,20,220,4,70,33,24,120,3,32,24,38,45,342,74,118,29,4,9867,9900,10,9816,3,37,4,80,1,7,78,97,22,66,1,5
260,20210122,221,38,39,50,4,20,22,100,12,40,9,24,66,13,-7,24,33,39,348,16,9,7,1,9919,9961,22,9846,1,63,7,75,12,6,88,93,1,75,14,4
260,20210123,203,19,28,50,7,10,17,100,9,32,11,1,52,13,-6,6,9,10,222,21,4,2,23,9941,9950,1,9936,15,57,18,75,13,8,88,98,18,78,13,3
260,20210124,225,10,23,40,14,10,2,70,13,24,0,24,53,13,-10,12,32,37,375,2,1,1,12,9979,9994,11,9942,1,63,24,80,13,7,84,92,6,66,13,4
260,20210125,262,19,28,50,21,10,7,160,22,23,-29,8,60,13,-37,12,57,66,507,24,29,13,22,10049,10091,24,9987,1,25,8,80,15,6,83,98,8,66,13,6
260,20210126,254,31,38,50,1,20,11,120,1,45,29,24,70,13,21,18,35,40,379,9,9,5,1,10152,10176,15,10095,1,57,6,80,15,7,81,87,9,68,15,5
260,20210127,218,33,37,60,1,20,18,110,1,47,16,5,71,23,16,6,0,0,103,36,13,5,7,10106,10146,1,10092,7,24,9,70,1,8,93,98,11,81,1,1
260,20210128,100,25,28,40,8,10,1,70,9,51,40,22,67,1,41,24,0,0,69,72,102,21,11,10023,10092,1,9983,24,1,3,65,11,8,97,100,3,94,15,1
260,20210129,267,36,51,70,9,30,1,160,10,74,20,24,101,12,18,24,3,3,208,76,100,25,8,9952,10022,24,9909,6,8,1,75,18,8,87,99,1,78,17,3
260,20210130,65,51,53,70,10,30,24,120,8,4,-27,24,22,13,-40,24,3,3,271,0,0,0,1,10028,10047,24,10012,14,59,23,75,1,8,79,89,24,72,13,3
260,20210131,76,32,34,50,19,20,2,80,19,-15,-54,8,24,15,-66,12,71,79,649,0,-1,-1,1,10010,10058,8,9931,24,47,7,80,14,6,82,93,4,66,15,6
260,20210201,41,13,22,40,1,10,13,70,1,10,2,3,22,13,-3,24,0,0,181,17,2,1,2,9959,10032,24,9913,4,16,19,66,1,8,93,98,19,83,1,2
260,20210202,166,18,31,50,21,10,1,100,20,50,3,4,99,20,-2,6,0,0,147,77,50,11,24,9986,10030,2,9963,13,16,9,59,17,8,95,98,14,91,1,2
260,20210203,227,28,33,50,1,20,10,110,1,86,75,18,100,2,68,18,0,0,72,94,150,31,13,9967,10042,24,9934,12,50,9,70,23,8,93,96,14,87,23,1
260,20210204,190,15,30,40,1,20,13,90,1,66,50,7,84,15,38,6,20,22,323,10,4,2,22,10116,10138,11,10053,1,56,11,70,1,7,90,93,8,85,14,4
260,20210205,114,17,20,40,2,10,14,60,2,68,51,7,92,15,44,12,11,12,275,16,19,14,16,10111,10116,19,10103,6,2,18,63,11,8,93,99,18,86,10,4
260,20210206,67,58,59,90,18,20,1,160,20,26,-16,24,66,1,-12,24,0,0,122,46,36,12,24,10089,10111,1,10035,24,9,23,65,19,8,92,98,1,82,18,1
260,20210207,61,80,80,100,9,70,13,180,3,-41,-52,14,-15,1,-52,18,0,0,137,145,43,8,1,10014,10029,1,10006,13,9,4,71,20,8,83,92,1,76,22,1
260,20210208,61,49,49,70,1,10,21,130,4,-56,-66,21,-48,5,-70,24,0,0,323,38,10,4,14,10033,10060,24,10017,3,21,15,75,2,8,80,89,21,70,5,3
260,20210209,42,26,27,40,11,10,6,90,11,-44,-76,5,-10,14,-81,24,51,53,658,0,-1,-1,1,10086,10102,23,10061,1,61,8,80,14,6,79,87,6,67,14,6
260,20210210,33,27,28,40,6,10,18,80,7,-37,-61,5,-6,14,-74,6,71,74,731,0,-1,-1,1,10162,10253,24,10103,1,70,1,80,15,6,79,88,24,68,16,7
260,20210211,78,15,18,30,11,0,8,60,14,-48,-100,24,-1,15,-129,24,89,92,891,0,0,0,1,10302,10331,24,10257,1,4,7,81,14,2,78,98,7,55,14,8
260,20210212,73,46,47,70,12,20,1,120,13,-58,-109,2,-29,16,-134,6,89,91,876,0,-1,-1,1,10354,10388,24,10329,3,61,5,80,11,1,75,92,1,65,15,7
260,20210213,103,36,38,50,15,20,6,80,1,-52,-106,8,-6,15,-135,12,89,91,966,0,0,0,1,10394,10406,10,10382,23,69,7,83,16,2,66,86,6,49,13,8
260,20210214,140,54,54,70,18,40,3,110,18,-6,-52,3,30,15,-66,6,90,91,783,0,0,0,1,10339,10389,1,10280,24,80,2,83,1,7,53,68,4,42,16,8
260,20210215,179,43,48,60,1,30,22,110,3,29,9,6,49,21,-1,6,0,0,142,57,47,20,11,10223,10277,1,10201,15,25,10,83,1,8,83,98,17,51,2,2
260,20210216,190,34,38,60,23,20,16,110,23,73,36,2,110,15,29,6,21,21,474,20,12,7,20,10132,10203,1,10089,17,32,6,80,13,8,87,97,4,68,13,6
260,20210217,205,47,50,60,1,40,16,110,1,95,72,1,115,14,66,6,6,6,377,0,-1,-1,1,10143,10152,11,10116,1,58,4,75,24,8,82,91,3,75,14,5
260,20210218,172,39,47,60,9,30,2,130,18,81,54,24,114,14,45,24,2,2,320,50,60,24,17,10087,10139,1,10040,17,60,16,80,12,7,83,94,17,67,13,4
260,20210219,180,38,41,60,12,30,6,100,12,71,33,7,105,15,22,6,60,59,738,0,0,0,1,10140,10156,9,10121,1,62,1,75,13,6,82,92,4,70,14,10
260,20210220,150,45,46,60,11,30,3,110,11,117,81,1,159,14,73,6,84,82,878,0,-1,-1,1,10111,10125,6,10094,16,70,1,80,11,8,73,85,5,59,14,13
260,20210221,145,31,32,40,8,20,17,70,10,107,74,7,169,15,18,24,91,88,1008,0,0,0,1,10127,10138,24,10110,1,70,3,82,16,4,73,86,18,54,14,15
260,20210222,178,32,33,40,2,20,19,90,12,122,80,7,162,14,42,12,39,38,627,0,-1,-1,1,10182,10244,23,10139,1,69,24,83,2,5,60,70,24,50,13,10
260,20210223,196,41,42,70,14,20,3,140,14,134,85,5,178,15,54,6,64,61,797,0,0,0,1,10274,10291,18,10244,1,64,7,81,16,6,72,84,5,58,13,13
260,20210224,187,41,42,60,10,20,19,100,10,137,86,21,187,15,49,24,91,87,998,0,0,0,1,10270,10289,1,10252,24,64,23,81,17,5,69,83,6,50,14,16
260,20210225,243,14,30,40,3,20,7,70,3,114,81,7,165,14,58,12,67,63,894,0,-1,-1,1,10268,10316,24,10240,4,62,7,75,23,7,76,86,7,61,13,14
260,20210226,310,22,24,50,14,10,2,90,14,65,-4,24,106,14,-30,24,97,91,1101,0,-1,-1,1,10351,10389,24,10307,1,28,23,81,17,3,78,98,23,56,13,15
260,20210227,17,9,13,20,3,0,1,40,5,43,-5,24,98,15,-30,6,51,48,760,0,0,0,1,10406,10421,11,10391,2,0,1,75,17,6,90,100,3,69,14,9
260,20210228,37,20,20,30,12,0,3,70,14,40,-15,4,106,14,-41,6,88,82,1143,0,0,0,1,10376,10405,1,10352,23,1,5,80,13,3,89,100,6,64,13,14
260,20210301,81,34,35,50,8,30,1,70,3,55,26,9,110,16,13,24,53,49,876,0,0,0,1,10336,10355,1,10318,20,20,1,72,15,4,85,98,1,64,16,11
260,20210302,112,19,23,40,11,10,19,70,11,63,1,6,145,14,-38,6,100,92,1208,0,0,0,1,10302,10317,1,10286,24,22,6,75,15,0,80,98,22,50,15,16
260,20210303,336,12,16,30,16,0,7,50,16,45,0,4,99,15,-29,6,60,55,877,0,0,0,1,10272,10288,1,10247,24,7,23,60,10,6,91,98,2,75,14,11
260,20210304,2,26,28,50,17,10,8,90,16,42,32,4,58,15,30,24,0,0,225,0,-1,-1,1,10223,10243,24,10210,15,7,1,75,12,8,83,98,1,65,21,3
260,20210305,19,27,28,60,11,10,21,100,11,19,-38,24,66,14,-71,24,100,90,1313,0,0,0,1,10304,10349,24,10251,1,64,5,83,17,1,73,97,22,44,10,15
260,20210306,41,15,18,40,11,0,4,100,11,7,-54,7,70,13,-83,6,71,64,1064,0,0,0,1,10334,10356,8,10301,24,60,24,83,15,3,79,97,1,52,13,12
260,20210307,311,12,13,30,13,0,4,60,13,14,-47,4,56,15,-78,6,4,4,555,0,0,0,1,10261,10299,1,10238,17,56,22,83,13,7,78,97,1,54,14,6
260,20210308,261,23,27,40,20,20,1,80,20,54,29,1,88,13,17,6,30,27,756,50,28,9,23,10224,10239,8,10193,24,56,23,74,13,8,73,91,24,56,14,10
260,20210309,269,21,26,50,2,0,22,90,3,51,-6,24,70,15,-33,24,2,2,342,45,17,6,1,10178,10190,20,10166,5,14,5,75,11,7,87,98,6,76,21,4
260,20210310,188,49,50,90,21,10,1,180,16,57,-6,1,98,14,-32,6,0,0,432,60,36,10,19,10120,10185,1,10005,24,26,1,68,14,8,84,98,1,60,14,6
260,20210311,228,84,89,140,11,60,21,280,10,94,62,1,120,10,60,6,17,15,566,22,16,7,6,9962,10019,24,9921,10,50,1,80,17,8,75,93,3,61,10,8
260,20210312,224,67,68,90,11,60,2,190,14,71,51,7,85,17,45,6,25,22,485,10,26,14,14,10023,10051,7,9987,24,61,10,75,1,8,78,84,14,72,1,7
260,20210313,240,69,77,110,6,40,24,230,6,69,33,16,89,13,29,18,19,16,506,59,77,22,16,9937,10007,24,9892,6,39,16,80,15,8,75,91,3,63,10,7
260,20210314,268,39,41,60,14,30,6,120,10,67,46,5,88,16,43,6,27,23,667,34,23,7,23,10085,10117,18,10016,1,61,23,75,1,8,78,91,24,67,15,9
260,20210315,312,40,41,60,12,20,3,130,13,66,54,3,86,16,46,6,33,28,697,27,30,10,1,10152,10219,24,10090,1,56,2,80,10,8,82,97,3,68,10,9
260,20210316,308,20,22,40,1,10,18,90,2,56,37,23,76,11,22,24,2,2,413,106,52,8,16,10238,10254,24,10222,1,61,23,75,12,8,87,95,21,76,1,5
260,20210317,349,35,36,50,9,10,24,110,16,50,0,24,80,14,-23,24,28,23,770,9,4,1,8,10270,10289,22,10253,3,58,4,80,14,8,83,97,24,68,14,10
260,20210318,338,19,24,40,18,10,1,90,22,44,-5,3,86,14,-24,6,10,8,649,0,-1,-1,1,10238,10280,1,10203,21,57,6,75,15,7,85,98,1,71,14,8
260,20210319,18,37,39,60,11,20,6,110,15,46,4,6,95,15,-11,6,107,89,1493,0,0,0,1,10265,10299,24,10220,1,65,4,83,17,1,74,94,6,46,13,19
260,20210320,285,18,23,40,14,10,4,90,14,43,-22,6,88,14,-49,6,53,44,1211,5,2,1,19,10287,10311,7,10250,23,50,17,81,10,6,82,97,5,50,10,15
260,20210321,336,37,40,80,9,10,23,140,9,61,23,24,74,10,0,24,3,2,592,5,1,1,1,10246,10256,20,10232,3,57,1,75,6,8,77,96,24,63,13,8
260,20210322,312,17,19,30,9,0,22,70,9,57,10,2,83,11,-18,6,21,17,665,0,0,0,1,10255,10263,20,10244,3,45,2,83,11,8,79,98,2,60,17,9
260,20210323,228,25,27,50,14,10,1,80,14,65,15,24,102,17,-21,24,2,2,537,0,0,0,1,10247,10257,1,10237,24,18,23,70,2,7,83,98,23,70,16,7
260,20210324,220,18,26,60,13,0,20,100,12,67,-3,4,144,14,-36,6,105,85,1557,0,0,0,1,10215,10233,1,10202,24,2,4,64,15,5,80,99,4,54,14,21
260,20210325,221,27,30,50,12,10,1,110,16,82,28,3,131,15,-1,6,54,43,939,1,1,1,11,10195,10201,1,10186,24,6,3,83,17,6,76,98,3,41,15,13
260,20210326,192,45,50,80,12,30,1,150,12,97,55,24,140,13,45,6,66,53,1267,25,17,8,23,10140,10181,1,10101,20,59,4,83,17,6,71,90,23,52,13,18
260,20210327,248,45,50,70,10,30,19,150,9,69,47,2,94,15,15,24,67,53,1052,10,14,9,2,10199,10257,23,10118,1,66,22,80,10,6,69,89,1,50,16,14
260,20210328,220,55,56,80,10,40,1,150,11,97,60,5,129,15,50,6,14,11,670,0,-1,-1,1,10248,10258,23,10241,6,68,11,81,12,8,71,81,2,61,10,10
260,20210329,220,46,47,60,8,20,20,110,9,123,64,24,188,17,18,24,105,82,1806,0,0,0,1,10278,10301,24,10252,1,72,10,83,17,4,62,79,22,32,17,28
260,20210330,149,18,20,40,14,10,2,60,13,113,17,5,213,16,-31,6,117,91,1867,0,0,0,1,10289,10316,9,10251,24,57,6,76,12,3,67,95,3,30,17,28
260,20210331,179,5,18,30,13,10,1,60,13,138,31,5,238,14,-8,6,114,89,1784,0,0,0,1,10213,10245,1,10196,16,56,3,80,17,3,63,97,1,27,15,29
260,20210401,10,36,38,60,11,10,1,100,10,96,40,24,132,2,12,24,105,81,1769,0,0,0,1,10233,10268,23,10192,1,42,7,75,18,2,73,89,4,59,14,26
260,20210402,351,34,35,50,10,10,5,110,24,53,1,6,76,16,-32,6,7,5,639,0,-1,-1,1,10270,10277,11,10265,4,40,6,80,9,6,79,98,4,63,16,8
260,20210403,355,41,42,50,8,30,1,120,18,72,49,6,108,14,37,6,48,37,1404,0,0,0,1,10283,10295,11,10265,2,61,6,72,24,7,66,83,6,55,14,19
260,20210404,257,23,32,60,24,20,1,110,23,63,48,22,96,16,38,24,27,21,811,0,0,0,1,10224,10279,1,10114,24,62,24,76,17,7,73,84,24,62,16,11
260,20210405,303,55,60,80,14,40,2,180,14,42,6,13,85,5,9,24,65,49,1291,25,16,5,21,10111,10140,16,10061,5,33,19,81,14,7,72,89,2,47,11,16
260,20210406,302,41,43,60,10,30,4,150,12,25,5,23,57,10,-3,24,63,47,1263,22,26,8,13,10129,10140,24,10116,14,50,3,81,13,6,76,91,6,57,14,15
260,20210407,291,43,45,70,11,20,2,160,15,34,4,5,72,13,-5,24,40,30,1037,63,113,41,6,10174,10225,24,10119,5,14,5,75,17,7,81,96,5,61,14,12
260,20210408,219,37,39,70,14,10,4,110,12,55,8,6,92,14,-19,6,48,36,1227,0,-1,-1,1,10210,10233,7,10157,24,70,2,83,8,8,63,86,5,50,11,16
260,20210409,246,23,40,50,7,20,19,100,14,78,45,1,124,14,31,6,68,50,1369,0,0,0,1,10133,10153,1,10126,16,68,21,81,12,8,71,88,24,50,16,19
260,20210410,36,43,45,60,17,20,1,110,20,50,22,23,76,10,21,24,2,1,525,120,114,25,17,10123,10147,10,10094,24,42,23,75,8,8,86,94,22,70,10,7
260,20210411,342,38,41,60,10,10,22,110,5,42,-4,23,79,15,-44,24,37,27,1085,38,12,4,4,10153,10224,24,10090,2,44,1,83,17,5,78,94,1,55,16,13
260,20210412,272,28,30,60,15,10,6,110,15,35,-6,5,83,16,-45,6,90,66,1663,12,7,3,10,10272,10309,24,10227,1,63,9,83,18,4,77,95,2,52,15,20
260,20210413,309,18,21,40,12,0,21,120,14,42,-22,5,96,12,-60,6,79,58,1502,0,-1,-1,1,10323,10333,9,10310,1,10,4,83,14,4,68,97,3,41,17,18
260,20210414,3,18,26,50,14,10,1,110,15,45,-6,1,96,14,-34,6,61,44,1411,6,9,5,8,10314,10324,7,10305,16,56,7,83,18,6,73,95,1,43,12,18
260,20210415,28,21,26,50,10,10,2,90,15,53,0,5,97,15,-18,6,59,43,1384,6,13,13,1,10309,10319,10,10301,18,35,5,83,13,6,70,98,4,45,14,18
260,20210416,11,33,35,60,16,20,1,100,14,65,-19,4,125,14,-48,6,117,84,2059,0,0,0,1,10289,10302,1,10274,16,65,3,83,16,1,64,97,6,44,12,27
260,20210417,358,31,32,50,10,20,2,90,13,71,-1,5,121,15,-29,6,122,87,2133,0,0,0,1,10263,10283,1,10244,24,62,5,83,19,2,68,95,5,45,11,29
260,20210418,328,21,22,40,13,0,5,70,13,84,-2,4,156,16,-29,6,91,65,2044,0,0,0,1,10229,10239,1,10218,16,0,5,81,14,3,75,99,3,44,14,29
260,20210419,61,9,20,40,12,0,20,80,11,88,43,3,146,13,8,24,32,23,1271,0,-1,-1,1,10202,10215,1,10192,24,1,6,82,13,5,83,99,6,59,13,18
260,20210420,1,10,17,30,16,10,1,60,10,109,27,5,175,12,-7,6,73,51,1560,0,0,0,1,10176,10188,1,10164,18,2,3,77,16,3,69,99,3,43,12,23
260,20210421,359,39,40,70,17,10,1,120,16,81,33,24,127,14,-9,24,105,74,1976,0,0,0,1,10200,10243,24,10168,2,22,2,81,18,5,73,98,2,52,16,27
260,20210422,347,27,28,50,17,10,1,90,17,67,5,24,118,15,-34,24,86,60,2025,0,0,0,1,10269,10288,23,10246,1,8,24,82,19,6,66,98,24,48,11,27
260,20210423,359,25,28,50,17,0,2,80,14,71,-17,5,135,14,-53,6,132,92,2412,0,0,0,1,10295,10306,8,10286,17,3,2,82,18,3,70,99,2,42,16,33
260,20210424,30,33,34,60,16,10,1,110,17,76,4,5,135,15,-29,6,93,64,1873,0,0,0,1,10283,10292,7,10268,16,50,4,83,17,6,65,98,3,39,17,26
260,20210425,26,34,35,50,9,10,1,90,8,71,36,1,109,15,9,6,59,41,1640,0,0,0,1,10274,10289,8,10257,23,74,1,82,5,5,63,79,1,50,15,22
260,20210426,26,36,37,50,15,20,3,100,16,73,18,5,125,14,-6,6,133,91,2497,0,0,0,1,10201,10251,1,10150,24,70,1,83,19,2,63,88,4,43,14,34
260,20210427,80,27,31,50,11,20,1,100,14,92,10,5,157,15,-17,6,121,83,2384,0,0,0,1,10105,10143,1,10079,24,70,4,83,18,2,50,83,4,30,16,34
260,20210428,31,37,40,60,16,20,7,120,18,108,38,5,178,14,15,6,70,48,1789,0,0,0,1,10044,10074,1,10020,24,75,14,83,1,5,50,66,24,34,12,27
260,20210429,303,37,42,60,14,20,24,140,14,77,63,12,92,2,63,12,0,0,337,97,54,18,4,10058,10114,23,10016,2,56,4,80,1,8,82,94,5,65,1,5
260,20210430,316,16,20,40,16,10,3,70,16,78,54,22,103,14,36,24,15,10,763,77,83,42,6,10131,10145,24,10113,1,36,6,75,15,8,88,96,5,75,15,11
260,20210501,293,25,28,50,16,10,3,90,15,77,19,5,127,13,-12,6,113,76,2000,0,-1,-1,1,10142,10158,24,10135,4,13,4,83,14,2,74,96,3,51,11,27
260,20210502,299,29,31,50,12,10,24,110,9,68,21,4,110,17,-10,6,81,54,1663,0,-1,-1,1,10190,10212,22,10159,1,65,3,83,14,4,71,95,24,53,12,22
260,20210503,204,45,48,90,24,20,1,190,24,99,11,2,139,15,-16,6,25,17,1494,7,2,2,24,10141,10206,1,10000,24,59,8,83,17,8,62,97,2,41,16,22
260,20210504,236,72,77,100,10,40,22,210,10,90,63,21,109,1,55,24,25,17,862,68,67,15,21,9968,10000,22,9932,9,58,5,80,12,8,77,88,3,60,12,12
260,20210505,236,72,77,100,10,40,22,210,10,90,63,21,109,1,55,24,25,17,862,68,67,15,21,9968,10000,22,9932,9,58,5,80,12,8,77,88,3,60,12,12
260,20210506,251,12,21,30,1,10,6,70,10,59,26,24,104,15,-5,24,51,34,1183,29,42,26,11,10064,10079,24,10045,15,25,4,82,15,7,83,97,4,60,15,15
260,20210507,269,24,28,50,11,0,22,100,12,65,8,2,118,14,-20,24,116,76,2116,9,15,15,4,10147,10184,20,10081,1,20,23,83,10,3,75,98,1,51,12,28
260,20210508,162,40,42,60,11,20,1,110,14,104,7,1,164,19,-26,6,16,10,724,37,25,12,12,10107,10172,1,10055,24,56,14,80,9,7,78,98,1,61,10,11
260,20210509,176,33,38,70,15,20,19,130,15,185,114,4,249,15,92,6,74,48,1830,9,15,6,13,10010,10048,1,9987,19,70,4,83,12,7,68,83,4,50,15,32
260,20210510,206,24,37,80,6,10,20,140,6,159,124,24,194,15,107,24,40,26,1242,9,14,11,9,10042,10085,22,9971,4,59,11,83,5,8,74,89,2,51,16,21
260,20210511,336,5,12,30,16,10,1,90,18,136,94,24,171,12,71,24,4,3,891,32,10,4,14,10087,10104,24,10077,8,48,21,80,12,8,83,98,21,66,12,14
260,20210512,271,12,23,50,17,10,1,110,17,115,58,24,176,15,29,24,69,45,1779,6,19,19,17,10109,10114,8,10099,24,15,4,81,12,5,78,98,2,44,13,27
260,20210513,29,10,20,50,15,10,1,110,17,121,37,4,191,14,12,6,75,48,1952,40,87,33,21,10076,10097,1,10058,15,1,2,82,12,6,80,99,1,48,14,30
260,20210514,360,14,18,30,14,10,5,60,14,111,76,23,159,16,50,24,40,26,1712,6,1,1,18,10078,10086,10,10070,1,19,4,80,13,7,82,97,4,54,16,26
260,20210515,176,11,18,30,8,0,5,100,15,106,77,1,136,14,59,6,9,6,985,24,32,12,19,10027,10069,1,9999,19,18,22,75,16,8,86,97,22,66,11,15
260,20210516,220,26,30,50,8,10,18,120,10,114,81,22,149,15,62,24,58,37,1503,24,75,34,10,10000,10007,8,9994,18,57,5,83,14,7,83,96,22,57,15,23
260,20210517,249,17,29,50,15,10,23,100,13,111,71,24,148,13,52,24,27,17,1100,48,112,55,11,10037,10095,23,9994,2,50,24,80,16,8,86,96,5,68,16,17
260,20210518,283,19,24,50,13,0,22,100,13,113,58,24,164,12,31,24,92,58,2067,2,8,8,9,10126,10154,23,10096,1,6,1,83,19,5,77,98,1,53,12,31
260,20210519,250,11,20,40,9,10,1,80,10,104,63,1,144,17,36,6,37,23,1214,27,82,54,10,10166,10201,24,10147,2,4,24,75,12,6,88,99,24,75,13,18
