einddag_week,Age_group,positive_1_6_days_after_1st_dose,positive_7_13_days_after_1st_dose,positive_14_20_days_after_1st_dose,positive_above_20_days_after_1st_dose,positive_1_6_days_after_2nd_dose,positive_7_13_days_after_2nd_dose,positive_14_20_days_after_2nd_dose,positive_above_20_days_after_2nd_dose,positive_1_6_days_after_3rd_dose,positive_7_13_days_after_3rd_dose,positive_14_20_days_after_3rd_dose,positive_above_20_days_after_3rd_dose,Sum_positive_without_vaccination,first_dose,second_dose,third_dose,first_dose_cumm,sec_cumm,third_cumm,totale groep,ongevacced,ongeboosterd
26-12-2020,0-19,0,0,0,0,0,0,0,0,0,0,0,0,8109,92,0,0,767,0,0,3313200,3313200,3313200
2-1-2021,0-19,46,2.5,0,0,0,0,0,0,0,0,0,0,12752,859,0,0,8898,0,0,3313200,3313200,3313200
9-1-2021,0-19,98,82,5,0,0,0,0,0,0,0,0,0,18254,1019,0,0,21708,0,0,3313200,3313200,3313200
16-1-2021,0-19,45,164,49,0,0,0,0,0,0,0,0,0,22193,542,65,0,26086,628,0,3313200,3312572,3313200
23-1-2021,0-19,83,85,59,18,7,2.5,0,0,0,0,0,0,19739,6650,483,0,48799,7059,0,3313200,3306141,3313200
30-1-2021,0-19,268,190,23,15,11,2.5,0,0,0,0,0,0,18362,4972,905,0,129678,19149,0,3313200,3294051,3313200
6-2-2021,0-19,352,765,120,12,16,7,0,0,0,0,0,0,18085,1942,341,0,176003,24166,0,3313200,3289034,3313200
13-2-2021,0-19,157,473,166,18,7,7,2.5,2.5,0,0,0,0,14236,2471,4046,0,207427,41113,0,3313200,3272087,3313200
20-2-2021,0-19,121,135,103,49,25,2.5,0,0,0,0,0,0,10104,3900,4454,0,252020,117422,0,3313200,3195778,3313200
27-2-2021,0-19,160,231,76,31,23,10,2.5,6,0,0,0,0,10483,2525,1960,0,295032,164164,0,3313200,3149036,3313200
6-3-2021,0-19,108,335,93,35,26,11,2.5,8,0,0,0,0,12118,1441,2099,0,321691,195198,0,3313200,3118002,3313200
13-3-2021,0-19,39,137,73,28,13,6,2.5,2.5,0,0,0,0,8587,1119,2997,0,341322,235486,0,3313200,3077714,3313200
20-3-2021,0-19,19,48,33,24,5,2.5,0,5,0,0,0,0,4416,716,2066,0,355338,275887,0,3313200,3037313,3313200
27-3-2021,0-19,6,10,14,14,2.5,2.5,0,2.5,0,0,0,0,1930,253,542,0,362394,297514,0,3313200,3015686,3313200
3-4-2021,0-19,2.5,7,5,2.5,2.5,2.5,0,5,0,0,0,0,1013,206,385,0,367309,310618,0,3313200,3002582,3313200
10-4-2021,0-19,2.5,2.5,2.5,2.5,0,0,0,2.5,0,0,0,0,712,191,490,0,374278,324348,0,3313200,2988852,3313200
17-4-2021,0-19,0,2.5,2.5,2.5,0,2.5,0,2.5,0,0,0,0,466,80,268,0,378459,330337,0,3313200,2982863,3313200
24-4-2021,0-19,0,2.5,2.5,2.5,0,0,0,2.5,0,0,0,0,372,109,177,0,383375,335466,0,3313200,2977734,3313200
1-5-2021,0-19,2.5,0,0,0,0,0,0,2.5,0,0,0,0,279,47,110,0,386967,340831,0,3313200,2972369,3313200
8-5-2021,0-19,0,0,0,0,0,0,0,2.5,0,0,0,0,164,25,46,0,389719,344520,0,3313200,2968680,3313200
15-5-2021,0-19,0,2.5,0,0,0,0,0,2.5,0,0,0,0,126,7.5,7.5,0,391579.5,347769.5,0,3313200,2965430.5,3313200
22-5-2021,0-19,0,0,0,2.5,0,0,0,2.5,0,0,0,0,54,19,34,0,392814.5,350121.5,0,3313200,2963078.5,3313200
29-5-2021,0-19,0,0,0,0,0,0,0,0,0,0,0,0,55,7.5,25,0,394308,352563.5,0,3313200,2960636.5,3313200
5-6-2021,0-19,0,0,0,0,0,0,0,0,0,0,0,0,18,23,7.5,0,396126,353961,0,3313200,2959239,3313200
12-6-2021,0-19,0,0,0,0,0,0,0,0,0,0,0,0,21,57,16,0,410917,354915,0,3313200,2958285,3313200
19-6-2021,0-19,2.5,0,0,0,0,0,0,2.5,0,0,0,0,92,58,7.5,0,420843,355984.5,0,3313200,2957215.5,3313200
26-6-2021,0-19,16,14,6,2.5,0,0,0,24,0,0,0,0,505,1949,27,0,458420,357611.5,0,3313200,2955588.5,3313200
3-7-2021,0-19,32,20,7,2.5,0,0,0,23,0,0,0,0,832,2051,105,0,531594,370703.5,0,3313200,2942496.5,3313200
10-7-2021,0-19,31,63,9,2.5,2.5,2.5,0,58,0,0,0,0,1226,3791,117,0,610895,380976.5,0,3313200,2932223.5,3313200
17-7-2021,0-19,22,81,44,10,2.5,2.5,0,166,0,0,0,0,1756,198,1194,0,618050,411039.5,0,3313200,2902160.5,3313200
24-7-2021,0-19,7,53,65,25,29,8,0,281,0,0,0,0,3020,390,1200,0,627226,471602.5,0,3313200,2841597.5,3313200
31-7-2021,0-19,21,18,24,90,36,25,2.5,550,0,0,0,0,4887,992,2977,0,644956,543980.5,0,3313200,2769219.5,3313200
7-8-2021,0-19,39,51,21,87,40,38,16,774,0,0,0,0,8033,687,311,0,659086,556590.5,0,3313200,2756609.5,3313200
14-8-2021,0-19,53,96,56,97,15,26,30,1301,0,0,0,0,12401,1497,286,0,682227,565919.5,0,3313200,2747280.5,3313200
21-8-2021,0-19,119,184,58,131,25,12,22,1674,0,0,0,0,18335,2622,717,0,713892,580839.5,0,3313200,2732360.5,3313200
28-8-2021,0-19,210,304,121,166,40,20,9,2388,0,0,0,0,23238,2740,707,0,752798,595476.5,0,3313200,2717723.5,3313200
4-9-2021,0-19,273,589,224,208,59,26,15,2999,114,0,0,0,28398,1832,1144,3772,787032,616945.5,54923,3313200,2696254.5,3258277
11-9-2021,0-19,129,438,233,211,38,35,14,2073,229,99,0,0,26448,1434,1745,1540,800618,637358.5,81082,3313200,2675841.5,3232118
18-9-2021,0-19,89,241,232,300,64,31,12,1587,80,78,12,0,27546,1473,2031,1155,813320,661080.5,103025,3313200,2652119.5,3210175
26-12-2020,20-29,15,0,0,0,0,0,0,0,0,0,0,0,4753,482,0,0,8458,0,0,1289000,1289000,1289000
2-1-2021,20-29,149,43,0,0,0,0,0,0,0,0,0,0,6264,3342,0,0,50818,0,0,1289000,1289000,1289000
9-1-2021,20-29,281,246,21,0,0,0,0,0,0,0,0,0,8380,3447,0,0,106470,0,0,1289000,1289000,1289000
16-1-2021,20-29,142,427,107,5,2.5,0,0,0,0,0,0,0,9047,2097,331,0,128555,7322,0,1289000,1281678,1289000
23-1-2021,20-29,178,199,170,33,28,5,0,0,0,0,0,0,7960,3473,2156,0,196900,44117,0,1289000,1244883,1289000
30-1-2021,20-29,314,393,66,48,63,18,0,0,0,0,0,0,7396,5154,3121,0,280366,98537,0,1289000,1190463,1289000
6-2-2021,20-29,373,673,198,42,31,35,5,0,0,0,0,0,7338,6974,1512,0,383204,122538,0,1289000,1166462,1289000
13-2-2021,20-29,343,491,192,56,31,17,11,8,0,0,0,0,5757,9117,2369,0,516223,183491,0,1289000,1105509,1289000
20-2-2021,20-29,415,490,147,50,38,14,2.5,13,0,0,0,0,4195,10145,4047,0,656464,264351,0,1289000,1024649,1289000
27-2-2021,20-29,450,725,187,73,65,18,6,21,0,0,0,0,3550,5739,6524,0,776958,362878,0,1289000,926122,1289000
6-3-2021,20-29,283,860,302,108,59,30,2.5,39,0,0,0,0,2667,3230,8314,0,843233,493348,0,1289000,795652,1289000
13-3-2021,20-29,117,343,230,85,48,23,2.5,34,0,0,0,0,1773,2543,8197,0,887108,625592,0,1289000,663408,1289000
20-3-2021,20-29,42,96,88,61,30,19,7,32,0,0,0,0,985,1762,4897,0,918708,742109,0,1289000,546891,1289000
27-3-2021,20-29,22,51,32,19,9,10,2.5,18,0,0,0,0,454,585,1497,0,936076,799040,0,1289000,489960,1289000
3-4-2021,20-29,5,15,8,9,7,2.5,2.5,21,0,0,0,0,245,472,1073,0,946769,830984,0,1289000,458016,1289000
10-4-2021,20-29,2.5,6,2.5,9,0,0,2.5,11,0,0,0,0,202,504,1195,0,961424,862815,0,1289000,426185,1289000
17-4-2021,20-29,0,2.5,0,2.5,0,2.5,0,14,0,0,0,0,94,264,684,0,970193,877203,0,1289000,411797,1289000
24-4-2021,20-29,2.5,2.5,2.5,2.5,0,2.5,0,13,0,0,0,0,60,242,469,0,980060,889488,0,1289000,399512,1289000
1-5-2021,20-29,0,0,2.5,2.5,0,0,0,7,0,0,0,0,36,148,309,0,987091,901198,0,1289000,387802,1289000
8-5-2021,20-29,0,2.5,0,2.5,0,0,0,2.5,0,0,0,0,18,62,175,0,992059,908738,0,1289000,380262,1289000
15-5-2021,20-29,0,0,0,2.5,0,0,0,2.5,0,0,0,0,9,47,51,0,995422,914616,0,1289000,374384,1289000
22-5-2021,20-29,0,2.5,0,2.5,0,0,0,2.5,0,0,0,0,5,51,109,0,997590,919313,0,1289000,369687,1289000
29-5-2021,20-29,0,0,0,0,0,0,0,5,0,0,0,0,7,26,64,0,1000129,923489,0,1289000,365511,1289000
5-6-2021,20-29,0,0,0,0,0,0,0,2.5,0,0,0,0,22,33,19,0,1002325,925817,0,1289000,363183,1289000
12-6-2021,20-29,2.5,0,0,0,0,0,0,2.5,0,0,0,0,9,33,33,0,1004111,927260,0,1289000,361740,1289000
19-6-2021,20-29,0,0,0,0,0,0,0,10,0,0,0,0,2.5,37,23,0,1005862,928762,0,1289000,360238,1289000
26-6-2021,20-29,0,0,0,0,0,0,0,45,0,0,0,0,19,76,29,0,1008802,930229,0,1289000,358771,1289000
3-7-2021,20-29,0,0,0,0,0,0,0,96,0,0,0,0,27,179,54,0,1013970,931773,0,1289000,357227,1289000
10-7-2021,20-29,0,0,0,2.5,0,0,2.5,216,0,0,0,0,61,360,64,0,1020855,933343,0,1289000,355657,1289000
17-7-2021,20-29,2.5,2.5,2.5,12,0,0,0,443,0,0,0,0,124,52,35,0,1023268,934944,0,1289000,354056,1289000
24-7-2021,20-29,2.5,0,0,14,2.5,0,0,761,0,0,0,0,193,70,85,0,1025349,936613,0,1289000,352387,1289000
31-7-2021,20-29,2.5,2.5,0,33,0,2.5,0,1273,0,0,0,0,417,132,155,0,1028520,939530,0,1289000,349470,1289000
7-8-2021,20-29,2.5,5,2.5,55,2.5,2.5,2.5,2171,0,0,0,0,753,86,75,0,1030526,940957,0,1289000,348043,1289000
14-8-2021,20-29,2.5,2.5,5,124,0,2.5,2.5,3765,0,0,0,0,1321,191,94,0,1033606,942808,0,1289000,346192,1289000
21-8-2021,20-29,11,16,2.5,170,7,2.5,2.5,5452,0,0,0,0,1919,241,155,0,1037917,945513,0,1289000,343487,1289000
28-8-2021,20-29,31,27,7,205,6,2.5,2.5,7137,0,0,0,0,2396,246,132,0,1043610,947802,0,1289000,341198,1289000
4-9-2021,20-29,25,40,18,230,6,2.5,2.5,6766,344,0,0,0,2643,255,222,8507,1052342,952948,190771,1289000,336052,1098229
11-9-2021,20-29,14,34,11,168,5,2.5,0,4362,515,345,0,0,2349,216,179,3883,1056312,956025,265669,1289000,332975,1023331
18-9-2021,20-29,8,27,16,181,2.5,6,0,3789,213,187,47,0,2398,237,206,3085,1060566,959613,332593,1289000,329387,956407
26-12-2020,30-39,24,0,0,0,0,0,0,0,0,0,0,0,3762,976,0,0,17581,0,0,1191900,1191900,1191900
2-1-2021,30-39,123,79,0,0,0,0,0,0,0,0,0,0,5035,5581,0,0,81466,0,0,1191900,1191900,1191900
9-1-2021,30-39,297,318,40,0,0,0,0,0,0,0,0,0,6361,6897,0,0,156172,0,0,1191900,1191900,1191900
16-1-2021,30-39,173,481,197,12,5,0,0,0,0,0,0,0,7056,3372,702,0,188774,15560,0,1191900,1176340,1191900
23-1-2021,30-39,131,239,202,58,36,6,0,0,0,0,0,0,5847,6354,3767,0,252869,71372,0,1191900,1120528,1191900
30-1-2021,30-39,251,282,116,67,90,33,2.5,0,0,0,0,0,5012,10584,5801,0,346064,144398,0,1191900,1047502,1191900
6-2-2021,30-39,337,489,133,40,49,61,16,2.5,0,0,0,0,5142,6932,2375,0,470377,179972,0,1191900,1011928,1191900
13-2-2021,30-39,290,503,195,64,42,28,15,12,0,0,0,0,3968,7331,4643,0,586248,240261,0,1191900,951639,1191900
20-2-2021,30-39,261,389,192,58,53,19,7,25,0,0,0,0,2792,7626,8139,0,701147,327909,0,1191900,863991,1191900
27-2-2021,30-39,310,549,206,96,64,41,10,62,0,0,0,0,2480,4158,6903,0,803019,449079,0,1191900,742821,1191900
6-3-2021,30-39,225,708,350,99,86,64,18,85,0,0,0,0,2017,2135,6994,0,857982,564999,0,1191900,626901,1191900
13-3-2021,30-39,74,306,279,117,54,40,13,83,0,0,0,0,1359,1677,6097,0,890848,674886,0,1191900,517014,1191900
20-3-2021,30-39,31,84,95,78,44,20,2.5,66,0,0,0,0,789,1037,3374,0,914280,773959,0,1191900,417941,1191900
27-3-2021,30-39,7,35,29,35,9,13,7,26,0,0,0,0,418,387,871,0,926774,820389,0,1191900,371511,1191900
3-4-2021,30-39,2.5,12,13,9,2.5,6,2.5,16,0,0,0,0,215,248,594,0,934394,845188,0,1191900,346712,1191900
10-4-2021,30-39,2.5,2.5,5,2.5,2.5,0,2.5,31,0,0,0,0,170,334,737,0,945630,869381,0,1191900,322519,1191900
17-4-2021,30-39,2.5,2.5,2.5,2.5,2.5,0,2.5,21,0,0,0,0,92,175,445,0,952403,880283,0,1191900,311617,1191900
24-4-2021,30-39,2.5,2.5,2.5,2.5,2.5,0,2.5,18,0,0,0,0,56,133,253,0,959788,889435,0,1191900,302465,1191900
1-5-2021,30-39,2.5,2.5,0,0,2.5,0,2.5,13,0,0,0,0,29,89,197,0,965384,898268,0,1191900,293632,1191900
8-5-2021,30-39,2.5,0,0,0,0,0,0,12,0,0,0,0,23,43,95,0,969668,904193,0,1191900,287707,1191900
15-5-2021,30-39,0,0,0,2.5,0,0,0,2.5,0,0,0,0,8,30,29,0,972554,908904,0,1191900,282996,1191900
22-5-2021,30-39,0,0,0,0,0,0,0,8,0,0,0,0,16,28,90,0,974257,912790,0,1191900,279110,1191900
29-5-2021,30-39,0,0,0,0,0,0,0,2.5,0,0,0,0,11,23,33,0,976390,916578,0,1191900,275322,1191900
5-6-2021,30-39,0,0,0,2.5,0,0,0,2.5,0,0,0,0,16,30,19,0,978072,918711,0,1191900,273189,1191900
12-6-2021,30-39,0,0,0,0,0,0,0,7,0,0,0,0,2.5,28,18,0,979518,919915,0,1191900,271985,1191900
19-6-2021,30-39,2.5,0,0,0,0,0,0,8,0,0,0,0,5,19,15,0,980983,921351,0,1191900,270549,1191900
26-6-2021,30-39,0,0,0,0,0,0,0,31,0,0,0,0,11,55,29,0,983401,922704,0,1191900,269196,1191900
3-7-2021,30-39,0,0,0,2.5,0,0,0,133,0,0,0,0,33,137,29,0,987731,924090,0,1191900,267810,1191900
10-7-2021,30-39,0,0,0,2.5,0,0,0,250,0,0,0,0,84,273,44,0,993070,925586,0,1191900,266314,1191900
17-7-2021,30-39,2.5,2.5,2.5,7,0,0,0,480,0,0,0,0,128,19,25,0,994594,926908,0,1191900,264992,1191900
24-7-2021,30-39,0,2.5,2.5,22,0,0,0,898,0,0,0,0,246,50,39,0,996106,928626,0,1191900,263274,1191900
31-7-2021,30-39,2.5,0,5,30,2.5,2.5,0,1551,0,0,0,0,424,100,135,0,998525,931338,0,1191900,260562,1191900
7-8-2021,30-39,0,6,0,38,2.5,2.5,0,2341,0,0,0,0,657,69,36,0,999951,932408,0,1191900,259492,1191900
14-8-2021,30-39,9,2.5,2.5,87,0,2.5,0,4090,2.5,0,0,0,1204,143,53,101,1002480,933865,443,1191900,258035,1191457
21-8-2021,30-39,8,13,8,115,5,6,2.5,5724,21,2.5,0,0,1670,179,115,1446,1006335,936068,13138,1191900,255832,1178762
28-8-2021,30-39,13,30,7,171,2.5,6,2.5,6581,194,21,2.5,0,2142,271,168,12978,1011938,938483,148508,1191900,253417,1043392
4-9-2021,30-39,15,50,10,157,7,7,2.5,5818,708,293,11,2.5,2393,241,185,7463,1018656,942031,302397,1191900,249869,889503
11-9-2021,30-39,11,24,20,154,2.5,11,6,4339,343,390,85,11,2241,200,160,3671,1021582,944317,356421,1191900,247583,835479
18-9-2021,30-39,10,30,20,174,9,2.5,2.5,4371,177,173,168,108,2376,236,214,3212,1024785,947344,408997,1191900,244556,782903
26-12-2020,40-49,20,0,0,0,0,0,0,0,0,0,0,0,3466,1683,0,0,24360,0,0,1089800,1089800,1089800
2-1-2021,40-49,156,62,0,0,0,0,0,0,0,0,0,0,4140,11777,0,0,119099,0,0,1089800,1089800,1089800
9-1-2021,40-49,390,444,63,0,0,0,0,0,0,0,0,0,5242,12805,0,0,240547,0,0,1089800,1089800,1089800
16-1-2021,40-49,285,745,281,22,10,0,0,0,0,0,0,0,5355,8261,1280,0,292005,21748,0,1089800,1068052,1089800
23-1-2021,40-49,257,419,344,86,79,14,0,0,0,0,0,0,4315,14566,7509,0,442004,103098,0,1089800,986702,1089800
30-1-2021,40-49,417,608,223,137,142,54,5,0,0,0,0,0,3407,8809,10613,0,555997,222636,0,1089800,867164,1089800
6-2-2021,40-49,290,798,421,88,112,111,27,5,0,0,0,0,3169,3077,5493,0,629707,279267,0,1089800,810533,1089800
13-2-2021,40-49,151,450,359,124,78,56,25,27,0,0,0,0,2540,4284,11651,0,686285,421995,0,1089800,667805,1089800
20-2-2021,40-49,140,219,192,99,74,46,8,45,0,0,0,0,1849,5224,7715,0,755929,536451,0,1089800,553349,1089800
27-2-2021,40-49,177,346,157,84,65,54,10,74,0,0,0,0,1598,2867,3165,0,817752,611910,0,1089800,477890,1089800
6-3-2021,40-49,135,422,237,73,49,43,21,113,0,0,0,0,1350,1685,3950,0,855310,668542,0,1089800,421258,1089800
13-3-2021,40-49,51,200,222,88,32,25,17,136,0,0,0,0,923,1273,4105,0,878141,734013,0,1089800,355787,1089800
20-3-2021,40-49,26,67,65,63,16,20,2.5,71,0,0,0,0,530,765,2450,0,893786,793780,0,1089800,296020,1089800
27-3-2021,40-49,5,17,27,31,7,14,2.5,62,0,0,0,0,329,237,646,0,901865,822498,0,1089800,267302,1089800
3-4-2021,40-49,2.5,10,11,9,2.5,2.5,2.5,51,0,0,0,0,164,183,433,0,907234,838682,0,1089800,251118,1089800
10-4-2021,40-49,2.5,6,5,6,2.5,0,0,28,0,0,0,0,114,207,519,0,914555,853892,0,1089800,235908,1089800
17-4-2021,40-49,2.5,2.5,0,0,0,2.5,0,23,0,0,0,0,68,101,271,0,918879,860497,0,1089800,229303,1089800
24-4-2021,40-49,0,0,2.5,2.5,0,0,2.5,37,0,0,0,0,56,104,175,0,923832,866083,0,1089800,223717,1089800
1-5-2021,40-49,2.5,2.5,0,0,0,0,0,15,0,0,0,0,31,57,110,0,927541,871462,0,1089800,218338,1089800
8-5-2021,40-49,0,2.5,0,0,0,0,0,12,0,0,0,0,21,23,51,0,930208,874996,0,1089800,214804,1089800
15-5-2021,40-49,0,2.5,0,0,0,0,0,10,0,0,0,0,10,25,23,0,932054,877860,0,1089800,211940,1089800
22-5-2021,40-49,0,0,0,2.5,0,0,0,8,0,0,0,0,2.5,16,55,0,933107,880170,0,1089800,209630,1089800
29-5-2021,40-49,0,0,0,0,0,0,0,11,0,0,0,0,7,24,20,0,934433,882373,0,1089800,207427,1089800
5-6-2021,40-49,0,0,0,0,0,0,0,7,0,0,0,0,7,7.5,7.5,0,935503.5,883601.5,0,1089800,206198.5,1089800
12-6-2021,40-49,0,0,0,2.5,0,0,0,5,0,0,0,0,2.5,7.5,7.5,0,936347,884286,0,1089800,205514,1089800
19-6-2021,40-49,0,0,0,2.5,0,0,0,17,0,0,0,0,8,7.5,18,0,937334.5,885116,0,1089800,204684,1089800
26-6-2021,40-49,0,0,0,0,0,0,0,90,0,0,0,0,18,61,15,0,938958.5,885996,0,1089800,203804,1089800
3-7-2021,40-49,0,0,0,2.5,0,0,0,177,0,0,0,0,34,118,28,0,942043.5,886938,0,1089800,202862,1089800
10-7-2021,40-49,2.5,2.5,0,2.5,0,0,0,355,0,0,0,0,54,238,47,0,946176.5,888053,0,1089800,201747,1089800
17-7-2021,40-49,0,0,2.5,10,0,0,0,557,0,0,0,0,112,15,20,0,947268.5,888958,0,1089800,200842,1089800
24-7-2021,40-49,0,0,2.5,11,0,0,2.5,918,0,0,0,0,170,40,42,0,948352.5,890066,0,1089800,199734,1089800
31-7-2021,40-49,0,2.5,0,20,2.5,2.5,0,1476,0,0,0,0,298,62,88,0,950062.5,891776,0,1089800,198024,1089800
7-8-2021,40-49,0,2.5,2.5,24,0,0,2.5,2441,2.5,0,0,0,493,38,29,0,951066.5,892441,0,1089800,197359,1089800
14-8-2021,40-49,2.5,2.5,2.5,63,0,2.5,2.5,3916,2.5,0,0,0,803,124,56,367,953007.5,893440,2270,1089800,196360,1087530
21-8-2021,40-49,6,2.5,2.5,73,5,2.5,2.5,5074,60,8,2.5,0,1070,231,218,31518,956179.5,895451,78377,1089800,194349,1011423
28-8-2021,40-49,6,9,2.5,102,2.5,2.5,0,4909,681,122,2.5,0,1399,255,178,11704,961081.5,898521,312694,1089800,191279,777106
4-9-2021,40-49,14,17,6,111,2.5,2.5,2.5,3907,620,632,35,2.5,1562,176,156,5747,965758.5,901655,432000,1089800,188145,657800
11-9-2021,40-49,10,21,10,82,2.5,2.5,2.5,2651,217,313,145,20,1563,128,158,3070,967855.5,903585,472821,1089800,186215,616979
18-9-2021,40-49,6,15,14,138,2.5,0,0,2608,114,126,123,205,1641,175,187,2789,970243.5,905985,514288,1089800,183815,575512
26-12-2020,50-59,20,0,0,0,0,0,0,0,0,0,0,0,2511,2406,0,0,26510,0,0,841300,841300,841300
2-1-2021,50-59,177,81,0,0,0,0,0,0,0,0,0,0,3148,18332,0,0,150588,0,0,841300,841300,841300
9-1-2021,50-59,475,499,62,0,0,0,0,0,0,0,0,0,3280,9760,0,0,302429,0,0,841300,841300,841300
16-1-2021,50-59,286,948,352,23,11,0,0,0,0,0,0,0,3256,12242,1784,0,393576,23493,0,841300,817807,841300
23-1-2021,50-59,273,566,556,114,69,18,0,0,0,0,0,0,2413,5958,11303,0,481130,127857,0,841300,713443,841300
30-1-2021,50-59,167,554,325,219,201,86,2.5,0,0,0,0,0,1975,3138,9666,0,530188,283682,0,841300,557618,841300
6-2-2021,50-59,133,392,380,143,175,183,31,6,0,0,0,0,1907,1625,10044,0,566906,377949,0,841300,463351,841300
13-2-2021,50-59,87,256,249,98,116,85,47,18,0,0,0,0,1539,2591,5382,0,599799,467847,0,841300,373453,841300
20-2-2021,50-59,89,153,122,68,49,50,13,45,0,0,0,0,1127,2939,2885,0,640440,517290,0,841300,324010,841300
27-2-2021,50-59,98,210,102,41,28,21,17,67,0,0,0,0,1050,1726,1605,0,677350,554694,0,841300,286606,841300
6-3-2021,50-59,74,246,154,31,27,26,9,99,0,0,0,0,709,1163,2464,0,701958,586965,0,841300,254335,841300
13-3-2021,50-59,27,110,131,43,20,13,5,108,0,0,0,0,558,716,2353,0,716577,625272,0,841300,216028,841300
20-3-2021,50-59,15,37,43,43,17,8,2.5,74,0,0,0,0,318,461,1429,0,726291,660715,0,841300,180585,841300
27-3-2021,50-59,2.5,13,14,15,6,2.5,2.5,33,0,0,0,0,174,134,386,0,731309,677510,0,841300,163790,841300
3-4-2021,50-59,2.5,7,7,2.5,2.5,2.5,2.5,29,0,0,0,0,109,132,222,0,734940,687170,0,841300,154130,841300
10-4-2021,50-59,0,2.5,2.5,2.5,0,2.5,2.5,24,0,0,0,0,61,140,294,0,739749,695675,0,841300,145625,841300
17-4-2021,50-59,2.5,2.5,0,2.5,0,2.5,0,19,0,0,0,0,35,69,146,0,742731,699474,0,841300,141826,841300
24-4-2021,50-59,0,0,2.5,2.5,0,0,0,13,0,0,0,0,24,56,93,0,746073,702917,0,841300,138383,841300
1-5-2021,50-59,2.5,0,2.5,0,0,0,0,13,0,0,0,0,14,22,45,0,748389,706237,0,841300,135063,841300
8-5-2021,50-59,0,0,0,0,0,0,0,9,0,0,0,0,18,7.5,32,0,750125.5,708299,0,841300,133001,841300
15-5-2021,50-59,0,0,0,0,0,0,0,8,0,0,0,0,9,15,43,0,751334.5,710065,0,841300,131235,841300
22-5-2021,50-59,0,0,0,0,0,0,0,9,0,0,0,0,5,17,27,0,752067.5,711643,0,841300,129657,841300
29-5-2021,50-59,0,0,0,0,0,0,0,7,0,0,0,0,2.5,7.5,7.5,0,753028,713014.5,0,841300,128285.5,841300
5-6-2021,50-59,0,0,0,0,0,0,0,2.5,0,0,0,0,6,7.5,7.5,0,753732.5,713809,0,841300,127491,841300
12-6-2021,50-59,0,0,0,0,0,0,0,10,0,0,0,0,2.5,7.5,7.5,0,754302,714274.5,0,841300,127025.5,841300
19-6-2021,50-59,2.5,0,0,0,0,0,0,8,0,0,0,0,2.5,7.5,7.5,0,754893.5,714809,0,841300,126491,841300
26-6-2021,50-59,0,0,2.5,2.5,0,0,0,75,0,0,0,0,5,34,7.5,0,755986.5,715372.5,0,841300,125927.5,841300
3-7-2021,50-59,0,0,0,2.5,0,0,0,125,0,0,0,0,18,61,7.5,0,757991.5,716072,0,841300,125228,841300
10-7-2021,50-59,0,0,0,2.5,0,0,0,239,0,0,0,0,26,135,23,0,760521.5,716760,0,841300,124540,841300
17-7-2021,50-59,2.5,2.5,0,2.5,0,0,0,366,0,0,0,0,52,7.5,17,0,761197,717299,0,841300,124001,841300
24-7-2021,50-59,0,0,0,6,0,0,0,578,0,0,0,0,105,18,7.5,0,761841,718039.5,0,841300,123260.5,841300
31-7-2021,50-59,2.5,0,0,12,0,2.5,0,1022,0,0,0,0,174,39,50,0,762877,719151.5,0,841300,122148.5,841300
7-8-2021,50-59,0,5,2.5,17,0,2.5,0,1678,2.5,0,0,0,300,34,27,0,763533,719649.5,0,841300,121650.5,841300
14-8-2021,50-59,2.5,2.5,2.5,33,0,2.5,2.5,2895,9,2.5,0,0,482,135,169,26964,764873,720663.5,46480,841300,120636.5,794820
21-8-2021,50-59,2.5,2.5,2.5,47,8,0,0,2954,476,37,2.5,0,628,136,165,11939,767501,723713.5,287709,841300,117586.5,553591
28-8-2021,50-59,8,6,2.5,50,8,2.5,0,2300,524,593,12,2.5,740,114,141,4876,770336,726026.5,398712,841300,115273.5,442588
4-9-2021,50-59,6,10,2.5,58,0,2.5,2.5,1692,190,332,147,2.5,767,97,141,2707,772995,728246.5,454809,841300,113053.5,386491
11-9-2021,50-59,7,12,6,49,0,2.5,0,1101,81,97,68,111,745,74,94,1560,774181,729585.5,475582,841300,111714.5,365718
18-9-2021,50-59,2.5,5,8,65,2.5,0,2.5,1012,43,49,48,189,794,81,109,1462,775426.5,731341.5,497803,841300,109958.5,343497
26-12-2020,60-69,25,0,0,0,0,0,0,0,0,0,0,0,1784,11902,0,0,95789,0,0,738500,738500,738500
2-1-2021,60-69,292,140,0,0,0,0,0,0,0,0,0,0,1873,14321,0,0,325499,0,0,738500,738500,738500
9-1-2021,60-69,476,811,132,0,0,0,0,0,0,0,0,0,1573,5419,0,0,485281,0,0,738500,738500,738500
16-1-2021,60-69,180,1003,698,44,16,0,0,0,0,0,0,0,1282,1677,9600,0,511698,83494,0,738500,655006,738500
23-1-2021,60-69,69,348,741,173,150,20,0,0,0,0,0,0,1094,1573,12434,0,535162,299401,0,738500,439099,738500
30-1-2021,60-69,47,142,251,212,226,169,7,0,0,0,0,0,966,990,6567,0,554547,465230,0,738500,273270,738500
6-2-2021,60-69,55,131,110,85,123,199,44,8,0,0,0,0,894,558,1429,0,569990,501815,0,738500,236685,738500
13-2-2021,60-69,28,98,83,33,29,80,55,43,0,0,0,0,779,1019,1304,0,585051,525415,0,738500,213085,738500
20-2-2021,60-69,25,62,52,31,19,13,17,52,0,0,0,0,576,1132,864,0,604143,544870,0,738500,193630,738500
27-2-2021,60-69,43,84,59,24,14,13,2.5,93,0,0,0,0,509,740,559,0,623318,560825,0,738500,177675,738500
6-3-2021,60-69,28,119,80,27,12,13,5,108,0,0,0,0,412,584,933,0,637839,575643,0,738500,162857,738500
13-3-2021,60-69,13,57,74,40,14,11,2.5,85,0,0,0,0,302,326,927,0,646637,593777,0,738500,144723,738500
20-3-2021,60-69,2.5,23,40,24,15,10,2.5,67,0,0,0,0,186,227,604,0,652299,612010,0,738500,126490,738500
27-3-2021,60-69,0,7,11,7,2.5,2.5,0,48,0,0,0,0,110,81,164,0,655341,620997,0,738500,117503,738500
3-4-2021,60-69,0,5,7,2.5,2.5,2.5,0,26,0,0,0,0,74,60,103,0,657503,626169,0,738500,112331,738500
10-4-2021,60-69,2.5,2.5,2.5,2.5,2.5,2.5,0,27,0,0,0,0,56,69,112,0,660606,630677,0,738500,107823,738500
17-4-2021,60-69,0,2.5,2.5,2.5,0,2.5,0,16,0,0,0,0,27,32,73,0,662545,632869,0,738500,105631,738500
24-4-2021,60-69,0,0,0,2.5,0,0,0,18,0,0,0,0,20,22,30,0,664670,634979,0,738500,103521,738500
1-5-2021,60-69,0,0,0,0,0,0,0,10,0,0,0,0,11,7.5,33,0,666119.5,637055,0,738500,101445,738500
8-5-2021,60-69,0,0,0,2.5,0,0,0,5,0,0,0,0,10,7.5,7.5,0,667145,638393.5,0,738500,100106.5,738500
15-5-2021,60-69,0,0,2.5,0,0,2.5,0,2.5,0,0,0,0,2.5,7.5,15,0,667828.5,639559.5,0,738500,98940.5,738500
22-5-2021,60-69,0,0,0,0,0,0,0,2.5,0,0,0,0,2.5,7.5,7.5,0,668281.5,640618,0,738500,97882,738500
29-5-2021,60-69,0,0,0,0,0,0,0,2.5,0,0,0,0,6,7.5,7.5,0,668821,641477.5,0,738500,97022.5,738500
5-6-2021,60-69,0,0,0,0,0,0,0,9,0,0,0,0,2.5,7.5,7.5,0,669218.5,641994,0,738500,96506,738500
12-6-2021,60-69,0,0,0,0,0,0,0,5,0,0,0,0,0,7.5,7.5,0,669552.5,642287,0,738500,96213,738500
19-6-2021,60-69,0,0,0,0,0,0,0,5,0,0,0,0,2.5,7.5,7.5,0,669915,642633.5,0,738500,95866.5,738500
26-6-2021,60-69,0,0,0,0,0,0,0,70,0,0,0,0,9,7.5,7.5,0,670452.5,642985,0,738500,95515,738500
3-7-2021,60-69,0,0,0,0,0,0,0,134,0,0,0,0,17,30,7.5,0,671543.5,643414.5,0,738500,95085.5,738500
10-7-2021,60-69,0,0,2.5,2.5,0,0,0,227,0,0,0,0,13,69,7.5,0,672981.5,643917,0,738500,94583,738500
17-7-2021,60-69,0,0,0,2.5,0,0,0,361,0,0,0,0,33,7.5,7.5,0,673351,644249.5,0,738500,94250.5,738500
24-7-2021,60-69,2.5,0,2.5,2.5,0,0,0,585,0,0,0,0,47,7.5,7.5,0,673722.5,644706,0,738500,93794,738500
31-7-2021,60-69,0,0,0,7,0,0,0,1025,0,0,0,0,93,20,42,2914,674284.5,645481,4815,738500,93019,733685
7-8-2021,60-69,0,2.5,0,10,0,2.5,0,1337,93,2.5,0,0,176,25,66,11974,674860.5,646457,167321,738500,92043,571179
14-8-2021,60-69,0,0,0,19,0,0,0,1573,399,244,0,0,295,73,58,8977,676025.5,647972,338660,738500,90528,399840
21-8-2021,60-69,2.5,5,0,17,2.5,0,0,1299,308,400,74,2.5,381,50,82,3116,677614.5,649585,433655,738500,88915,304845
28-8-2021,60-69,6,2.5,2.5,30,2.5,0,0,1033,157,257,109,48,435,55,61,1652,679123.5,650894,478654,738500,87606,259846
4-9-2021,60-69,7,10,6,24,0,2.5,0,722,77,125,75,147,456,44,70,971,680444.5,652278,503404,738500,86222,235096
11-9-2021,60-69,2.5,2.5,2.5,25,0,2.5,0,465,31,54,25,169,382,38,48,600,681069.5,653161,512731,738500,85339,225769
18-9-2021,60-69,2.5,2.5,5,26,0,0,0,496,5,18,17,211,425,33,71,616,681739,654450.5,523043,738500,84049.5,215457
26-12-2020,70-79,9,0,0,0,0,0,0,0,0,0,0,0,887,10605,0,0,79805,0,0,476400,476400,476400
2-1-2021,70-79,155,54,0,0,0,0,0,0,0,0,0,0,935,10362,0,0,262557,0,0,476400,476400,476400
9-1-2021,70-79,230,434,58,0,0,0,0,0,0,0,0,0,693,3236,0,0,373122,0,0,476400,476400,476400
16-1-2021,70-79,89,568,398,35,2.5,0,0,0,0,0,0,0,577,748,8639,0,387476,69539,0,476400,406861,476400
23-1-2021,70-79,22,142,396,139,106,12,0,0,0,0,0,0,475,801,9404,0,399153,246088,0,476400,230312,476400
30-1-2021,70-79,17,46,143,145,147,126,11,0,0,0,0,0,394,456,3810,0,409316,362156,0,476400,114244,476400
6-2-2021,70-79,16,42,43,58,74,132,56,11,0,0,0,0,411,263,632,0,417822,383279,0,476400,93121,476400
13-2-2021,70-79,10,34,39,26,15,41,48,26,0,0,0,0,322,377,621,0,424977,395168,0,476400,81232,476400
20-2-2021,70-79,13,31,29,10,10,13,16,52,0,0,0,0,239,434,394,0,433122,405313,0,476400,71087,476400
27-2-2021,70-79,12,23,17,11,6,5,5,62,0,0,0,0,242,343,268,0,442592,414090,0,476400,62310,476400
6-3-2021,70-79,11,42,27,16,2.5,2.5,8,85,0,0,0,0,191,243,347,0,449947,421248,0,476400,55152,476400
13-3-2021,70-79,7,35,36,14,6,2.5,2.5,73,0,0,0,0,143,138,335,0,454422,429105,0,476400,47295,476400
20-3-2021,70-79,2.5,6,14,14,2.5,2.5,2.5,25,0,0,0,0,89,100,296,0,457144,438134,0,476400,38266,476400
27-3-2021,70-79,0,2.5,2.5,5,2.5,2.5,2.5,29,0,0,0,0,66,26,65,0,458671,442714,0,476400,33686,476400
3-4-2021,70-79,2.5,2.5,0,2.5,0,0,2.5,15,0,0,0,0,39,31,53,0,459854,445354,0,476400,31046,476400
10-4-2021,70-79,0,2.5,2.5,2.5,0,0,2.5,18,0,0,0,0,29,40,56,0,461621,447597,0,476400,28803,476400
17-4-2021,70-79,0,2.5,0,0,0,0,0,16,0,0,0,0,25,19,22,0,462784,448736,0,476400,27664,476400
24-4-2021,70-79,0,0,0,2.5,0,0,0,12,0,0,0,0,11,7.5,7.5,0,463895.5,449876.5,0,476400,26523.5,476400
1-5-2021,70-79,0,2.5,0,2.5,0,0,2.5,6,0,0,0,0,9,7.5,7.5,0,464698,451104,0,476400,25296,476400
8-5-2021,70-79,0,0,0,2.5,0,0,0,0,0,0,0,0,5,7.5,7.5,0,465255.5,451905.5,0,476400,24494.5,476400
15-5-2021,70-79,0,0,0,0,0,0,0,2.5,0,0,0,0,2.5,7.5,7.5,0,465658,452607,0,476400,23793,476400
22-5-2021,70-79,0,0,0,0,0,0,0,9,0,0,0,0,2.5,7.5,7.5,0,465900,453177.5,0,476400,23222.5,476400
29-5-2021,70-79,0,0,0,0,0,0,0,2.5,0,0,0,0,2.5,0,7.5,0,466173.5,453706,0,476400,22694,476400
5-6-2021,70-79,0,0,0,0,0,0,0,0,0,0,0,0,2.5,0,7.5,0,466393,454000.5,0,476400,22399.5,476400
12-6-2021,70-79,0,0,0,0,0,0,0,2.5,0,0,0,0,2.5,7.5,7.5,0,466580,454186.5,0,476400,22213.5,476400
19-6-2021,70-79,0,0,0,0,0,0,0,2.5,0,0,0,0,0,7.5,7.5,0,466739,454392.5,0,476400,22007.5,476400
26-6-2021,70-79,0,0,0,0,0,0,0,44,0,0,0,0,0,7.5,0,0,467008.5,454610,0,476400,21790,476400
3-7-2021,70-79,0,0,0,0,0,0,0,90,0,0,0,0,7,18,7.5,0,467501.5,454867.5,0,476400,21532.5,476400
10-7-2021,70-79,2.5,0,0,2.5,0,0,0,143,0,0,0,0,12,25,7.5,0,468243.5,455130,0,476400,21270,476400
17-7-2021,70-79,0,0,0,0,0,0,0,236,0,0,0,0,13,7.5,7.5,0,468403.5,455334.5,0,476400,21065.5,476400
24-7-2021,70-79,0,2.5,0,2.5,0,0,0,349,0,0,0,0,19,7.5,7.5,0,468602.5,455614,0,476400,20786,476400
31-7-2021,70-79,0,2.5,0,7,0,0,0,656,0,0,0,0,54,7.5,17,2443,468914,456096,4036,476400,20304,472364
7-8-2021,70-79,2.5,2.5,0,9,2.5,2.5,2.5,841,79,0,0,0,85,19,37,10466,469350,456750,167400,476400,19650,309000
14-8-2021,70-79,2.5,2.5,2.5,6,0,0,0,933,271,200,2.5,0,125,57,35,5212,470085,457713,309226,476400,18687,167174
21-8-2021,70-79,2.5,2.5,2.5,6,0,2.5,0,558,191,294,48,2.5,241,30,30,1434,470998,458591,365068,476400,17809,111332
28-8-2021,70-79,0,2.5,2.5,11,0,0,0,396,58,161,102,40,216,24,30,720,471840,459296,389112,476400,17104,87288
4-9-2021,70-79,2.5,2.5,2.5,13,2.5,0,0,312,17,56,58,115,185,18,19,416,472559,460114,401375,476400,16286,75025
11-9-2021,70-79,2.5,2.5,2.5,5,2.5,2.5,2.5,198,7,19,20,104,167,20,41,259,472930,460637.5,405949,476400,15762.5,70451
18-9-2021,70-79,0,0,2.5,11,0,2.5,0,218,11,9,2.5,112,188,7.5,49,265,473264,461381,410959,476400,15019,65441
26-12-2020,80-89,2.5,0,0,0,0,0,0,0,0,0,0,0,393,3750,0,0,26391,0,0,224100,224100,224100
2-1-2021,80-89,76,20,0,0,0,0,0,0,0,0,0,0,417,5430,0,0,109948,0,0,224100,224100,224100
9-1-2021,80-89,211,228,12,0,0,0,0,0,0,0,0,0,372,1551,0,0,166586,0,0,224100,224100,224100
16-1-2021,80-89,54,327,259,9,8,0,0,0,0,0,0,0,288,356,3009,0,173545,22692,0,224100,201408,224100
23-1-2021,80-89,13,88,258,77,69,13,0,0,0,0,0,0,257,386,4946,0,179010,101397,0,224100,122703,224100
30-1-2021,80-89,14,25,75,58,123,90,6,0,0,0,0,0,235,173,1809,0,183874,160116,0,224100,63984,224100
6-2-2021,80-89,6,27,26,43,37,121,28,5,0,0,0,0,220,139,264,0,188178,170455,0,224100,53645,224100
13-2-2021,80-89,9,19,21,10,5,37,39,18,0,0,0,0,197,170,278,0,191598,175975,0,224100,48125,224100
20-2-2021,80-89,2.5,11,6,2.5,2.5,10,13,31,0,0,0,0,108,160,145,0,194999,180684,0,224100,43416,224100
27-2-2021,80-89,5,12,6,2.5,2.5,2.5,5,39,0,0,0,0,135,143,123,0,199243,185101,0,224100,38999,224100
6-3-2021,80-89,7,11,14,6,2.5,2.5,5,37,0,0,0,0,120,73,153,0,202395,188623,0,224100,35477,224100
13-3-2021,80-89,0,7,7,2.5,2.5,2.5,2.5,42,0,0,0,0,67,52,147,0,204591,191987,0,224100,32113,224100
20-3-2021,80-89,0,0,7,2.5,0,2.5,0,23,0,0,0,0,81,47,103,0,205977,195993,0,224100,28107,224100
27-3-2021,80-89,0,2.5,2.5,5,2.5,0,0,20,0,0,0,0,31,7.5,27,0,206718.5,198430,0,224100,25670,224100
3-4-2021,80-89,2.5,2.5,0,0,0,0,0,6,0,0,0,0,25,7.5,16,0,207409.5,199869,0,224100,24231,224100
10-4-2021,80-89,0,0,0,2.5,0,2.5,2.5,19,0,0,0,0,19,7.5,27,0,208391,201128,0,224100,22972,224100
17-4-2021,80-89,0,0,2.5,2.5,0,0,0,12,0,0,0,0,9,7.5,7.5,0,209051,201746,0,224100,22354,224100
24-4-2021,80-89,0,0,0,0,0,0,0,8,0,0,0,0,10,7.5,7.5,0,209577.5,202491.5,0,224100,21608.5,224100
1-5-2021,80-89,0,0,0,0,0,0,0,2.5,0,0,0,0,2.5,7.5,7.5,0,209993,203289,0,224100,20811,224100
8-5-2021,80-89,0,0,0,0,0,0,0,2.5,0,0,0,0,2.5,7.5,0,0,210274,203822,0,224100,20278,224100
15-5-2021,80-89,0,0,0,0,0,0,0,2.5,0,0,0,0,2.5,7.5,7.5,0,210467,204249.5,0,224100,19850.5,224100
22-5-2021,80-89,0,0,0,0,0,0,0,6,0,0,0,0,5,7.5,7.5,0,210582.5,204569.5,0,224100,19530.5,224100
29-5-2021,80-89,0,0,0,0,0,0,0,2.5,0,0,0,0,2.5,7.5,7.5,0,210721.5,204875.5,0,224100,19224.5,224100
5-6-2021,80-89,0,0,0,0,0,0,0,2.5,0,0,0,0,0,0,0,0,210721.5,205221.5,0,224100,18878.5,224100
12-6-2021,80-89,0,0,0,0,0,0,0,2.5,0,0,0,0,0,0,0,0,210721.5,205306.5,0,224100,18793.5,224100
19-6-2021,80-89,0,0,0,0,0,0,0,0,0,0,0,0,2.5,7.5,0,0,210958,205423,0,224100,18677,224100
26-6-2021,80-89,0,0,0,0,0,0,0,9,0,0,0,0,0,7.5,7.5,0,211093.5,205538.5,0,224100,18561.5,224100
3-7-2021,80-89,0,0,0,0,0,0,0,23,0,0,0,0,2.5,7.5,0,0,211355,205637.5,0,224100,18462.5,224100
10-7-2021,80-89,0,0,2.5,0,0,0,0,43,0,0,0,0,6,7.5,0,0,211717.5,205828.5,0,224100,18271.5,224100
17-7-2021,80-89,0,0,0,0,0,0,0,68,0,0,0,0,8,7.5,0,0,211798,206071,1091,224100,18029,223009
24-7-2021,80-89,0,0,0,0,0,0,2.5,146,0,0,0,0,14,0,7.5,0,211899,206368,68211,224100,17732,155889
31-7-2021,80-89,0,0,0,5,0,0,0,284,0,0,0,0,33,7.5,7.5,649,212062,206798.5,131628,224100,17301.5,92472
7-8-2021,80-89,0,0,0,2.5,0,2.5,0,407,51,0,0,0,49,7.5,15,3904,212340.5,207168,158740,224100,16932,65360
14-8-2021,80-89,2.5,0,0,6,2.5,2.5,2.5,398,112,86,0,0,83,19,7.5,2241,212732.5,207461.5,169895,224100,16638.5,54205
21-8-2021,80-89,2.5,2.5,2.5,6,2.5,2.5,2.5,294,64,150,21,2.5,111,7.5,7.5,666,213165,207754,175580,224100,16346,48520
28-8-2021,80-89,2.5,2.5,5,2.5,0,2.5,2.5,194,25,84,59,17,107,7.5,7.5,287,213548.5,207950.5,177445,224100,16149.5,46655
4-9-2021,80-89,2.5,2.5,0,9,0,2.5,0,145,12,57,30,65,96,7.5,7.5,185,213842.5,208264,179683.5,224100,15836,44416.5
11-9-2021,80-89,0,0,2.5,8,0,2.5,2.5,100,11,9,12,60,103,7.5,7.5,106,214023,0,0,51200,51200,51200
18-9-2021,80-89,0,2.5,0,2.5,2.5,0,0,88,2.5,2.5,2.5,64,117,7.5,16,102,214190.5,0,0,51200,51200,51200
26-12-2020,90+,0,0,0,0,0,0,0,0,0,0,0,0,140,690,0,0,4459.5,0,0,51200,51200,51200
2-1-2021,90+,23,5,0,0,0,0,0,0,0,0,0,0,160,1629,0,0,24589.5,3874.5,0,51200,47325.5,51200
9-1-2021,90+,75,115,2.5,0,0,0,0,0,0,0,0,0,110,331,0,0,37329.5,22442.5,0,51200,28757.5,51200
16-1-2021,90+,18,133,71,0,0,0,0,0,0,0,0,0,105,76,578,0,38704.5,35464.5,0,51200,15735.5,51200
23-1-2021,90+,2.5,17,90,19,30,2.5,0,0,0,0,0,0,86,106,1493,0,39815.5,37591.5,0,51200,13608.5,51200
30-1-2021,90+,2.5,8,18,22,40,36,2.5,0,0,0,0,0,77,30,391,0,40997.5,38674.5,0,51200,12525.5,51200
6-2-2021,90+,2.5,5,2.5,8,19,34,14,2.5,0,0,0,0,61,35,56,0,42126.5,39788.5,0,51200,11411.5,51200
13-2-2021,90+,2.5,6,2.5,2.5,2.5,2.5,15,6,0,0,0,0,63,26,72,0,43007.5,40933.5,0,51200,10266.5,51200
20-2-2021,90+,0,2.5,2.5,2.5,2.5,0,0,11,0,0,0,0,39,28,21,0,43736.5,41884.5,0,51200,9315.5,51200
27-2-2021,90+,0,2.5,0,2.5,2.5,2.5,2.5,10,0,0,0,0,36,17,34,0,44640.5,42590.5,0,51200,8609.5,51200
6-3-2021,90+,2.5,2.5,5,2.5,2.5,0,0,27,0,0,0,0,32,20,29,0,45281.5,43408,0,51200,7792,51200
13-3-2021,90+,2.5,2.5,2.5,2.5,0,2.5,0,17,0,0,0,0,26,7.5,26,0,45804,43926.5,0,51200,7273.5,51200
20-3-2021,90+,0,0,0,2.5,0,0,2.5,9,0,0,0,0,12,7.5,7.5,0,46129,44274,0,51200,6926,51200
27-3-2021,90+,2.5,0,0,0,0,0,0,2.5,0,0,0,0,9,7.5,7.5,0,46366,44609,0,51200,6591,51200
3-4-2021,90+,0,0,0,0,0,0,0,5,0,0,0,0,7,7.5,7.5,0,46599.5,44839,0,51200,6361,51200
10-4-2021,90+,0,0,0,0,0,0,0,2.5,0,0,0,0,8,7.5,7.5,0,46972.5,45111,0,51200,6089,51200
17-4-2021,90+,0,0,0,0,0,0,0,5,0,0,0,0,6,0,7.5,0,47228.5,45604,0,51200,5596,51200
24-4-2021,90+,0,0,0,0,0,0,0,2.5,0,0,0,0,2.5,0,7.5,0,47392.5,45881.5,0,51200,5318.5,51200
1-5-2021,90+,0,0,0,0,0,0,0,2.5,0,0,0,0,2.5,0,0,0,47392.5,45881.5,0,51200,5225.5,51200
8-5-2021,90+,0,0,0,0,0,0,0,2.5,0,0,0,0,2.5,0,7.5,0,47581.5,45974.5,0,51200,4752.5,51053
15-5-2021,90+,0,0,0,0,0,0,0,0,0,0,0,0,0,0,7.5,0,47691.5,46447.5,147,51200,4652,36915
22-5-2021,90+,0,0,0,0,0,0,0,5,0,0,0,0,0,0,7.5,0,47736.5,46548,14285,51200,4575.5,23634
29-5-2021,90+,0,0,0,0,0,0,0,2.5,0,0,0,0,0,0,0,0,47736.5,46548,14285,51200,4575.5,23634
5-6-2021,90+,0,0,0,0,0,0,0,0,0,0,0,0,0,0,0,0,47736.5,46548,14285,51200,4575.5,23634
12-6-2021,90+,0,0,0,0,0,0,0,0,0,0,0,0,0,0,0,0,47736.5,46548,14285,51200,4575.5,23634
19-6-2021,90+,0,0,0,0,0,0,0,0,0,0,0,0,0,0,0,0,47736.5,46548,14285,51200,4575.5,23634
26-6-2021,90+,0,0,0,0,0,0,0,2.5,0,0,0,0,0,0,0,0,47736.5,46548,14285,51200,4575.5,23634
3-7-2021,90+,0,0,0,0,0,0,0,2.5,0,0,0,0,0,0,7.5,89,48181.5,46624.5,27566,51200,4478,17640
10-7-2021,90+,0,0,0,2.5,0,0,0,8,0,0,0,0,2.5,7.5,7.5,743,48277.5,46722,33560,51200,4425.5,15037
17-7-2021,90+,0,0,0,0,0,0,0,14,0,0,0,0,2.5,7.5,7.5,488,48402.5,46774.5,36163,51200,4373,13615
24-7-2021,90+,0,0,0,2.5,0,0,0,33,0,0,0,0,9,7.5,7.5,137,48510,46827,37585,51200,4324,13181
31-7-2021,90+,0,0,2.5,2.5,0,0,0,86,0,0,0,0,7,7.5,0,62,48618.5,46876,38019,51200,4260,12561.5
7-8-2021,90+,0,2.5,0,2.5,0,0,0,105,8,0,0,0,21,7.5,7.5,47,48696,46940,38638.5,51200,4260,12561.5
14-8-2021,90+,0,0,2.5,2.5,2.5,0,0,74,27,27,0,0,36,0,7.5,20,48696,46940,38638.5,51200,4260,12561.5
21-8-2021,90+,2.5,2.5,0,2.5,0,2.5,0,74,21,28,9,0,42,7.5,7.5,23,48696,46940,38638.5,51200,4260,12561.5
28-8-2021,90+,0,0,2.5,2.5,0,0,2.5,51,2.5,15,23,7,28,7.5,7.5,23,48696,46940,38638.5,51200,4260,12561.5
4-9-2021,90+,0,2.5,0,7,0,2.5,0,33,2.5,11,6,13,31,7.5,7.5,23,4869,46940,38638.5,51200,4260,12561.5
11-9-2021,90+,2.5,2.5,0,2.5,0,2.5,0,23,2.5,5,2.5,12,35,7.5,7.5,23,48696,46940,38638.5,51200,4260,12561.5
18-9-2021,90+,0,2.5,0,2.5,0,0,0,21,2.5,2.5,2.5,15,45,7.5,7.5,23,48696,46940,38638.5,51200,4260,12561.5
