Week,Age_group,positive_1_6_days_after_1st_dose,positive_7_13_days_after_1st_dose,positive_14_20_days_after_1st_dose,positive_above_20_days_after_1st_dose,positive_1_6_days_after_2nd_dose,positive_7_13_days_after_2nd_dose,positive_14_20_days_after_2nd_dose,positive_above_20_days_after_2nd_dose,positive_1_6_days_after_3rd_dose,positive_7_13_days_after_3rd_dose,positive_14_20_days_after_3rd_dose,positive_above_20_days_after_3rd_dose,Sum_positive_without_vaccination
2020-12-20 - 2020-12-26,0-19,,,,,,,,,,,,,8109
2020-12-20 - 2020-12-26,20-29,15.0,,,,,,,,,,,,4753
2020-12-20 - 2020-12-26,30-39,24.0,,,,,,,,,,,,3762
2020-12-20 - 2020-12-26,40-49,20.0,,,,,,,,,,,,3466
2020-12-20 - 2020-12-26,50-59,20.0,,,,,,,,,,,,2511
2020-12-20 - 2020-12-26,60-69,25.0,,,,,,,,,,,,1784
2020-12-20 - 2020-12-26,70-79,9.0,,,,,,,,,,,,887
2020-12-20 - 2020-12-26,80-89,<5,,,,,,,,,,,,393
2020-12-20 - 2020-12-26,90+,,,,,,,,,,,,,140
2020-12-27 - 2021-01-02,0-19,46.0,<5,,,,,,,,,,,12752
2020-12-27 - 2021-01-02,20-29,149.0,43.0,,,,,,,,,,,6264
2020-12-27 - 2021-01-02,30-39,123.0,79.0,,,,,,,,,,,5035
2020-12-27 - 2021-01-02,40-49,156.0,62.0,,,,,,,,,,,4140
2020-12-27 - 2021-01-02,50-59,177.0,81.0,,,,,,,,,,,3148
2020-12-27 - 2021-01-02,60-69,292.0,140.0,,,,,,,,,,,1873
2020-12-27 - 2021-01-02,70-79,155.0,54.0,,,,,,,,,,,935
2020-12-27 - 2021-01-02,80-89,76.0,20.0,,,,,,,,,,,417
2020-12-27 - 2021-01-02,90+,23.0,5.0,,,,,,,,,,,160
2021-01-03 - 2021-01-09,0-19,98.0,82.0,5.0,,,,,,,,,,18254
2021-01-03 - 2021-01-09,20-29,281.0,246.0,21.0,,,,,,,,,,8380
2021-01-03 - 2021-01-09,30-39,297.0,318.0,40.0,,,,,,,,,,6361
2021-01-03 - 2021-01-09,40-49,390.0,444.0,63.0,,,,,,,,,,5242
2021-01-03 - 2021-01-09,50-59,475.0,499.0,62.0,,,,,,,,,,3280
2021-01-03 - 2021-01-09,60-69,476.0,811.0,132.0,,,,,,,,,,1573
2021-01-03 - 2021-01-09,70-79,230.0,434.0,58.0,,,,,,,,,,693
2021-01-03 - 2021-01-09,80-89,211.0,228.0,12.0,,,,,,,,,,372
2021-01-03 - 2021-01-09,90+,75.0,115.0,<5,,,,,,,,,,110
2021-01-10 - 2021-01-16,0-19,45.0,164.0,49.0,,,,,,,,,,22193
2021-01-10 - 2021-01-16,20-29,142.0,427.0,107.0,5.0,<5,,,,,,,,9047
2021-01-10 - 2021-01-16,30-39,173.0,481.0,197.0,12.0,5.0,,,,,,,,7056
2021-01-10 - 2021-01-16,40-49,285.0,745.0,281.0,22.0,10.0,,,,,,,,5355
2021-01-10 - 2021-01-16,50-59,286.0,948.0,352.0,23.0,11.0,,,,,,,,3256
2021-01-10 - 2021-01-16,60-69,180.0,1003.0,698.0,44.0,16.0,,,,,,,,1282
2021-01-10 - 2021-01-16,70-79,89.0,568.0,398.0,35.0,<5,,,,,,,,577
2021-01-10 - 2021-01-16,80-89,54.0,327.0,259.0,9.0,8.0,,,,,,,,288
2021-01-10 - 2021-01-16,90+,18.0,133.0,71.0,,,,,,,,,,105
2021-01-17 - 2021-01-23,0-19,83.0,85.0,59.0,18.0,7.0,<5,,,,,,,19739
2021-01-17 - 2021-01-23,20-29,178.0,199.0,170.0,33.0,28.0,5.0,,,,,,,7960
2021-01-17 - 2021-01-23,30-39,131.0,239.0,202.0,58.0,36.0,6.0,,,,,,,5847
2021-01-17 - 2021-01-23,40-49,257.0,419.0,344.0,86.0,79.0,14.0,,,,,,,4315
2021-01-17 - 2021-01-23,50-59,273.0,566.0,556.0,114.0,69.0,18.0,,,,,,,2413
2021-01-17 - 2021-01-23,60-69,69.0,348.0,741.0,173.0,150.0,20.0,,,,,,,1094
2021-01-17 - 2021-01-23,70-79,22.0,142.0,396.0,139.0,106.0,12.0,,,,,,,475
2021-01-17 - 2021-01-23,80-89,13.0,88.0,258.0,77.0,69.0,13.0,,,,,,,257
2021-01-17 - 2021-01-23,90+,<5,17.0,90.0,19.0,30.0,<5,,,,,,,86
2021-01-24 - 2021-01-30,0-19,268.0,190.0,23.0,15.0,11.0,<5,,,,,,,18362
2021-01-24 - 2021-01-30,20-29,314.0,393.0,66.0,48.0,63.0,18.0,,,,,,,7396
2021-01-24 - 2021-01-30,30-39,251.0,282.0,116.0,67.0,90.0,33.0,<5,,,,,,5012
2021-01-24 - 2021-01-30,40-49,417.0,608.0,223.0,137.0,142.0,54.0,5.0,,,,,,3407
2021-01-24 - 2021-01-30,50-59,167.0,554.0,325.0,219.0,201.0,86.0,<5,,,,,,1975
2021-01-24 - 2021-01-30,60-69,47.0,142.0,251.0,212.0,226.0,169.0,7.0,,,,,,966
2021-01-24 - 2021-01-30,70-79,17.0,46.0,143.0,145.0,147.0,126.0,11.0,,,,,,394
2021-01-24 - 2021-01-30,80-89,14.0,25.0,75.0,58.0,123.0,90.0,6.0,,,,,,235
2021-01-24 - 2021-01-30,90+,<5,8.0,18.0,22.0,40.0,36.0,<5,,,,,,77
2021-01-31 - 2021-02-06,0-19,352.0,765.0,120.0,12.0,16.0,7.0,,,,,,,18085
2021-01-31 - 2021-02-06,20-29,373.0,673.0,198.0,42.0,31.0,35.0,5.0,,,,,,7338
2021-01-31 - 2021-02-06,30-39,337.0,489.0,133.0,40.0,49.0,61.0,16.0,<5,,,,,5142
2021-01-31 - 2021-02-06,40-49,290.0,798.0,421.0,88.0,112.0,111.0,27.0,5.0,,,,,3169
2021-01-31 - 2021-02-06,50-59,133.0,392.0,380.0,143.0,175.0,183.0,31.0,6.0,,,,,1907
2021-01-31 - 2021-02-06,60-69,55.0,131.0,110.0,85.0,123.0,199.0,44.0,8.0,,,,,894
2021-01-31 - 2021-02-06,70-79,16.0,42.0,43.0,58.0,74.0,132.0,56.0,11.0,,,,,411
2021-01-31 - 2021-02-06,80-89,6.0,27.0,26.0,43.0,37.0,121.0,28.0,5.0,,,,,220
2021-01-31 - 2021-02-06,90+,<5,5.0,<5,8.0,19.0,34.0,14.0,<5,,,,,61
2021-02-07 - 2021-02-13,0-19,157.0,473.0,166.0,18.0,7.0,7.0,<5,<5,,,,,14236
2021-02-07 - 2021-02-13,20-29,343.0,491.0,192.0,56.0,31.0,17.0,11.0,8.0,,,,,5757
2021-02-07 - 2021-02-13,30-39,290.0,503.0,195.0,64.0,42.0,28.0,15.0,12.0,,,,,3968
2021-02-07 - 2021-02-13,40-49,151.0,450.0,359.0,124.0,78.0,56.0,25.0,27.0,,,,,2540
2021-02-07 - 2021-02-13,50-59,87.0,256.0,249.0,98.0,116.0,85.0,47.0,18.0,,,,,1539
2021-02-07 - 2021-02-13,60-69,28.0,98.0,83.0,33.0,29.0,80.0,55.0,43.0,,,,,779
2021-02-07 - 2021-02-13,70-79,10.0,34.0,39.0,26.0,15.0,41.0,48.0,26.0,,,,,322
2021-02-07 - 2021-02-13,80-89,9.0,19.0,21.0,10.0,5.0,37.0,39.0,18.0,,,,,197
2021-02-07 - 2021-02-13,90+,<5,6.0,<5,<5,<5,<5,15.0,6.0,,,,,63
2021-02-14 - 2021-02-20,0-19,121.0,135.0,103.0,49.0,25.0,<5,,,,,,,10104
2021-02-14 - 2021-02-20,20-29,415.0,490.0,147.0,50.0,38.0,14.0,<5,13.0,,,,,4195
2021-02-14 - 2021-02-20,30-39,261.0,389.0,192.0,58.0,53.0,19.0,7.0,25.0,,,,,2792
2021-02-14 - 2021-02-20,40-49,140.0,219.0,192.0,99.0,74.0,46.0,8.0,45.0,,,,,1849
2021-02-14 - 2021-02-20,50-59,89.0,153.0,122.0,68.0,49.0,50.0,13.0,45.0,,,,,1127
2021-02-14 - 2021-02-20,60-69,25.0,62.0,52.0,31.0,19.0,13.0,17.0,52.0,,,,,576
2021-02-14 - 2021-02-20,70-79,13.0,31.0,29.0,10.0,10.0,13.0,16.0,52.0,,,,,239
2021-02-14 - 2021-02-20,80-89,<5,11.0,6.0,<5,<5,10.0,13.0,31.0,,,,,108
2021-02-14 - 2021-02-20,90+,,<5,<5,<5,<5,,,11.0,,,,,39
2021-02-21 - 2021-02-27,0-19,160.0,231.0,76.0,31.0,23.0,10.0,<5,6.0,,,,,10483
2021-02-21 - 2021-02-27,20-29,450.0,725.0,187.0,73.0,65.0,18.0,6.0,21.0,,,,,3550
2021-02-21 - 2021-02-27,30-39,310.0,549.0,206.0,96.0,64.0,41.0,10.0,62.0,,,,,2480
2021-02-21 - 2021-02-27,40-49,177.0,346.0,157.0,84.0,65.0,54.0,10.0,74.0,,,,,1598
2021-02-21 - 2021-02-27,50-59,98.0,210.0,102.0,41.0,28.0,21.0,17.0,67.0,,,,,1050
2021-02-21 - 2021-02-27,60-69,43.0,84.0,59.0,24.0,14.0,13.0,<5,93.0,,,,,509
2021-02-21 - 2021-02-27,70-79,12.0,23.0,17.0,11.0,6.0,5.0,5.0,62.0,,,,,242
2021-02-21 - 2021-02-27,80-89,5.0,12.0,6.0,<5,<5,<5,5.0,39.0,,,,,135
2021-02-21 - 2021-02-27,90+,,<5,,<5,<5,<5,<5,10.0,,,,,36
2021-02-28 - 2021-03-06,0-19,108.0,335.0,93.0,35.0,26.0,11.0,<5,8.0,,,,,12118
2021-02-28 - 2021-03-06,20-29,283.0,860.0,302.0,108.0,59.0,30.0,<5,39.0,,,,,2667
2021-02-28 - 2021-03-06,30-39,225.0,708.0,350.0,99.0,86.0,64.0,18.0,85.0,,,,,2017
2021-02-28 - 2021-03-06,40-49,135.0,422.0,237.0,73.0,49.0,43.0,21.0,113.0,,,,,1350
2021-02-28 - 2021-03-06,50-59,74.0,246.0,154.0,31.0,27.0,26.0,9.0,99.0,,,,,709
2021-02-28 - 2021-03-06,60-69,28.0,119.0,80.0,27.0,12.0,13.0,5.0,108.0,,,,,412
2021-02-28 - 2021-03-06,70-79,11.0,42.0,27.0,16.0,<5,<5,8.0,85.0,,,,,191
2021-02-28 - 2021-03-06,80-89,7.0,11.0,14.0,6.0,<5,<5,5.0,37.0,,,,,120
2021-02-28 - 2021-03-06,90+,<5,<5,5.0,<5,<5,,,27.0,,,,,32
2021-03-07 - 2021-03-13,0-19,39.0,137.0,73.0,28.0,13.0,6.0,<5,<5,,,,,8587
2021-03-07 - 2021-03-13,20-29,117.0,343.0,230.0,85.0,48.0,23.0,<5,34.0,,,,,1773
2021-03-07 - 2021-03-13,30-39,74.0,306.0,279.0,117.0,54.0,40.0,13.0,83.0,,,,,1359
2021-03-07 - 2021-03-13,40-49,51.0,200.0,222.0,88.0,32.0,25.0,17.0,136.0,,,,,923
2021-03-07 - 2021-03-13,50-59,27.0,110.0,131.0,43.0,20.0,13.0,5.0,108.0,,,,,558
2021-03-07 - 2021-03-13,60-69,13.0,57.0,74.0,40.0,14.0,11.0,<5,85.0,,,,,302
2021-03-07 - 2021-03-13,70-79,7.0,35.0,36.0,14.0,6.0,<5,<5,73.0,,,,,143
2021-03-07 - 2021-03-13,80-89,,7.0,7.0,<5,<5,<5,<5,42.0,,,,,67
2021-03-07 - 2021-03-13,90+,<5,<5,<5,<5,,<5,,17.0,,,,,26
2021-03-14 - 2021-03-20,0-19,19.0,48.0,33.0,24.0,5.0,<5,,5.0,,,,,4416
2021-03-14 - 2021-03-20,20-29,42.0,96.0,88.0,61.0,30.0,19.0,7.0,32.0,,,,,985
2021-03-14 - 2021-03-20,30-39,31.0,84.0,95.0,78.0,44.0,20.0,<5,66.0,,,,,789
2021-03-14 - 2021-03-20,40-49,26.0,67.0,65.0,63.0,16.0,20.0,<5,71.0,,,,,530
2021-03-14 - 2021-03-20,50-59,15.0,37.0,43.0,43.0,17.0,8.0,<5,74.0,,,,,318
2021-03-14 - 2021-03-20,60-69,<5,23.0,40.0,24.0,15.0,10.0,<5,67.0,,,,,186
2021-03-14 - 2021-03-20,70-79,<5,6.0,14.0,14.0,<5,<5,<5,25.0,,,,,89
2021-03-14 - 2021-03-20,80-89,,,7.0,<5,,<5,,23.0,,,,,81
2021-03-14 - 2021-03-20,90+,,,,<5,,,<5,9.0,,,,,12
2021-03-21 - 2021-03-27,0-19,6.0,10.0,14.0,14.0,<5,<5,,<5,,,,,1930
2021-03-21 - 2021-03-27,20-29,22.0,51.0,32.0,19.0,9.0,10.0,<5,18.0,,,,,454
2021-03-21 - 2021-03-27,30-39,7.0,35.0,29.0,35.0,9.0,13.0,7.0,26.0,,,,,418
2021-03-21 - 2021-03-27,40-49,5.0,17.0,27.0,31.0,7.0,14.0,<5,62.0,,,,,329
2021-03-21 - 2021-03-27,50-59,<5,13.0,14.0,15.0,6.0,<5,<5,33.0,,,,,174
2021-03-21 - 2021-03-27,60-69,,7.0,11.0,7.0,<5,<5,,48.0,,,,,110
2021-03-21 - 2021-03-27,70-79,,<5,<5,5.0,<5,<5,<5,29.0,,,,,66
2021-03-21 - 2021-03-27,80-89,,<5,<5,5.0,<5,,,20.0,,,,,31
2021-03-21 - 2021-03-27,90+,<5,,,,,,,<5,,,,,9
2021-03-28 - 2021-04-03,0-19,<5,7.0,5.0,<5,<5,<5,,5.0,,,,,1013
2021-03-28 - 2021-04-03,20-29,5.0,15.0,8.0,9.0,7.0,<5,<5,21.0,,,,,245
2021-03-28 - 2021-04-03,30-39,<5,12.0,13.0,9.0,<5,6.0,<5,16.0,,,,,215
2021-03-28 - 2021-04-03,40-49,<5,10.0,11.0,9.0,<5,<5,<5,51.0,,,,,164
2021-03-28 - 2021-04-03,50-59,<5,7.0,7.0,<5,<5,<5,<5,29.0,,,,,109
2021-03-28 - 2021-04-03,60-69,,5.0,7.0,<5,<5,<5,,26.0,,,,,74
2021-03-28 - 2021-04-03,70-79,<5,<5,,<5,,,<5,15.0,,,,,39
2021-03-28 - 2021-04-03,80-89,<5,<5,,,,,,6.0,,,,,25
2021-03-28 - 2021-04-03,90+,,,,,,,,5.0,,,,,7
2021-04-04 - 2021-04-10,0-19,<5,<5,<5,<5,,,,<5,,,,,712
2021-04-04 - 2021-04-10,20-29,<5,6.0,<5,9.0,,,<5,11.0,,,,,202
2021-04-04 - 2021-04-10,30-39,<5,<5,5.0,<5,<5,,<5,31.0,,,,,170
2021-04-04 - 2021-04-10,40-49,<5,6.0,5.0,6.0,<5,,,28.0,,,,,114
2021-04-04 - 2021-04-10,50-59,,<5,<5,<5,,<5,<5,24.0,,,,,61
2021-04-04 - 2021-04-10,60-69,<5,<5,<5,<5,<5,<5,,27.0,,,,,56
2021-04-04 - 2021-04-10,70-79,,<5,<5,<5,,,<5,18.0,,,,,29
2021-04-04 - 2021-04-10,80-89,,,,<5,,<5,<5,19.0,,,,,19
2021-04-04 - 2021-04-10,90+,,,,,,,,<5,,,,,8
2021-04-11 - 2021-04-17,0-19,,<5,<5,<5,,<5,,<5,,,,,466
2021-04-11 - 2021-04-17,20-29,,<5,,<5,,<5,,14.0,,,,,94
2021-04-11 - 2021-04-17,30-39,<5,<5,<5,<5,<5,,<5,21.0,,,,,92
2021-04-11 - 2021-04-17,40-49,<5,<5,,,,<5,,23.0,,,,,68
2021-04-11 - 2021-04-17,50-59,<5,<5,,<5,,<5,,19.0,,,,,35
2021-04-11 - 2021-04-17,60-69,,<5,<5,<5,,<5,,16.0,,,,,27
2021-04-11 - 2021-04-17,70-79,,<5,,,,,,16.0,,,,,25
2021-04-11 - 2021-04-17,80-89,,,<5,<5,,,,12.0,,,,,9
2021-04-11 - 2021-04-17,90+,,,,,,,,5.0,,,,,6
2021-04-18 - 2021-04-24,0-19,,<5,<5,<5,,,,<5,,,,,372
2021-04-18 - 2021-04-24,20-29,<5,<5,<5,<5,,<5,,13.0,,,,,60
2021-04-18 - 2021-04-24,30-39,<5,<5,<5,<5,<5,,<5,18.0,,,,,56
2021-04-18 - 2021-04-24,40-49,,,<5,<5,,,<5,37.0,,,,,56
2021-04-18 - 2021-04-24,50-59,,,<5,<5,,,,13.0,,,,,24
2021-04-18 - 2021-04-24,60-69,,,,<5,,,,18.0,,,,,20
2021-04-18 - 2021-04-24,70-79,,,,<5,,,,12.0,,,,,11
2021-04-18 - 2021-04-24,80-89,,,,,,,,8.0,,,,,10
2021-04-18 - 2021-04-24,90+,,,,,,,,<5,,,,,<5
2021-04-25 - 2021-05-01,0-19,<5,,,,,,,<5,,,,,279
2021-04-25 - 2021-05-01,20-29,,,<5,<5,,,,7.0,,,,,36
2021-04-25 - 2021-05-01,30-39,<5,<5,,,<5,,<5,13.0,,,,,29
2021-04-25 - 2021-05-01,40-49,<5,<5,,,,,,15.0,,,,,31
2021-04-25 - 2021-05-01,50-59,<5,,<5,,,,,13.0,,,,,14
2021-04-25 - 2021-05-01,60-69,,,,,,,,10.0,,,,,11
2021-04-25 - 2021-05-01,70-79,,<5,,<5,,,<5,6.0,,,,,9
2021-04-25 - 2021-05-01,80-89,,,,,,,,<5,,,,,<5
2021-04-25 - 2021-05-01,90+,,,,,,,,<5,,,,,<5
2021-05-02 - 2021-05-08,0-19,,,,,,,,<5,,,,,164
2021-05-02 - 2021-05-08,20-29,,<5,,<5,,,,<5,,,,,18
2021-05-02 - 2021-05-08,30-39,<5,,,,,,,12.0,,,,,23
2021-05-02 - 2021-05-08,40-49,,<5,,,,,,12.0,,,,,21
2021-05-02 - 2021-05-08,50-59,,,,,,,,9.0,,,,,18
2021-05-02 - 2021-05-08,60-69,,,,<5,,,,5.0,,,,,10
2021-05-02 - 2021-05-08,70-79,,,,<5,,,,,,,,,5
2021-05-02 - 2021-05-08,80-89,,,,,,,,<5,,,,,<5
2021-05-02 - 2021-05-08,90+,,,,,,,,<5,,,,,<5
2021-05-09 - 2021-05-15,0-19,,<5,,,,,,<5,,,,,126
2021-05-09 - 2021-05-15,20-29,,,,<5,,,,<5,,,,,9
2021-05-09 - 2021-05-15,30-39,,,,<5,,,,<5,,,,,8
2021-05-09 - 2021-05-15,40-49,,<5,,,,,,10.0,,,,,10
2021-05-09 - 2021-05-15,50-59,,,,,,,,8.0,,,,,9
2021-05-09 - 2021-05-15,60-69,,,<5,,,<5,,<5,,,,,<5
2021-05-09 - 2021-05-15,70-79,,,,,,,,<5,,,,,<5
2021-05-09 - 2021-05-15,80-89,,,,,,,,<5,,,,,<5
2021-05-16 - 2021-05-22,0-19,,,,<5,,,,<5,,,,,54
2021-05-16 - 2021-05-22,20-29,,<5,,<5,,,,<5,,,,,5
2021-05-16 - 2021-05-22,30-39,,,,,,,,8.0,,,,,16
2021-05-16 - 2021-05-22,40-49,,,,<5,,,,8.0,,,,,<5
2021-05-16 - 2021-05-22,50-59,,,,,,,,9.0,,,,,5
2021-05-16 - 2021-05-22,60-69,,,,,,,,<5,,,,,<5
2021-05-16 - 2021-05-22,70-79,,,,,,,,9.0,,,,,<5
2021-05-16 - 2021-05-22,80-89,,,,,,,,6.0,,,,,5
2021-05-16 - 2021-05-22,90+,,,,,,,,5.0,,,,,0
2021-05-23 - 2021-05-29,0-19,,,,,,,,,,,,,55
2021-05-23 - 2021-05-29,20-29,,,,,,,,5.0,,,,,7
2021-05-23 - 2021-05-29,30-39,,,,,,,,<5,,,,,11
2021-05-23 - 2021-05-29,40-49,,,,,,,,11.0,,,,,7
2021-05-23 - 2021-05-29,50-59,,,,,,,,7.0,,,,,<5
2021-05-23 - 2021-05-29,60-69,,,,,,,,<5,,,,,6
2021-05-23 - 2021-05-29,70-79,,,,,,,,<5,,,,,<5
2021-05-23 - 2021-05-29,80-89,,,,,,,,<5,,,,,<5
2021-05-23 - 2021-05-29,90+,,,,,,,,<5,,,,,0
2021-05-30 - 2021-06-05,0-19,,,,,,,,,,,,,18
2021-05-30 - 2021-06-05,20-29,,,,,,,,<5,,,,,22
2021-05-30 - 2021-06-05,30-39,,,,<5,,,,<5,,,,,16
2021-05-30 - 2021-06-05,40-49,,,,,,,,7.0,,,,,7
2021-05-30 - 2021-06-05,50-59,,,,,,,,<5,,,,,6
2021-05-30 - 2021-06-05,60-69,,,,,,,,9.0,,,,,<5
2021-05-30 - 2021-06-05,70-79,,,,,,,,,,,,,<5
2021-05-30 - 2021-06-05,80-89,,,,,,,,<5,,,,,0
2021-06-06 - 2021-06-12,0-19,,,,,,,,,,,,,21
2021-06-06 - 2021-06-12,20-29,<5,,,,,,,<5,,,,,9
2021-06-06 - 2021-06-12,30-39,,,,,,,,7.0,,,,,<5
2021-06-06 - 2021-06-12,40-49,,,,<5,,,,5.0,,,,,<5
2021-06-06 - 2021-06-12,50-59,,,,,,,,10.0,,,,,<5
2021-06-06 - 2021-06-12,60-69,,,,,,,,5.0,,,,,0
2021-06-06 - 2021-06-12,70-79,,,,,,,,<5,,,,,<5
2021-06-06 - 2021-06-12,80-89,,,,,,,,<5,,,,,0
2021-06-13 - 2021-06-19,0-19,<5,,,,,,,<5,,,,,92
2021-06-13 - 2021-06-19,20-29,,,,,,,,10.0,,,,,<5
2021-06-13 - 2021-06-19,30-39,<5,,,,,,,8.0,,,,,5
2021-06-13 - 2021-06-19,40-49,,,,<5,,,,17.0,,,,,8
2021-06-13 - 2021-06-19,50-59,<5,,,,,,,8.0,,,,,<5
2021-06-13 - 2021-06-19,60-69,,,,,,,,5.0,,,,,<5
2021-06-13 - 2021-06-19,70-79,,,,,,,,<5,,,,,0
2021-06-13 - 2021-06-19,80-89,,,,,,,,,,,,,<5
2021-06-20 - 2021-06-26,0-19,16.0,14.0,6.0,<5,,,,24.0,,,,,505
2021-06-20 - 2021-06-26,20-29,,,,,,,,45.0,,,,,19
2021-06-20 - 2021-06-26,30-39,,,,,,,,31.0,,,,,11
2021-06-20 - 2021-06-26,40-49,,,,,,,,90.0,,,,,18
2021-06-20 - 2021-06-26,50-59,,,<5,<5,,,,75.0,,,,,5
2021-06-20 - 2021-06-26,60-69,,,,,,,,70.0,,,,,9
2021-06-20 - 2021-06-26,70-79,,,,,,,,44.0,,,,,0
2021-06-20 - 2021-06-26,80-89,,,,,,,,9.0,,,,,0
2021-06-20 - 2021-06-26,90+,,,,,,,,<5,,,,,0
2021-06-27 - 2021-07-03,0-19,32.0,20.0,7.0,<5,,,,23.0,,,,,832
2021-06-27 - 2021-07-03,20-29,,,,,,,,96.0,,,,,27
2021-06-27 - 2021-07-03,30-39,,,,<5,,,,133.0,,,,,33
2021-06-27 - 2021-07-03,40-49,,,,<5,,,,177.0,,,,,34
2021-06-27 - 2021-07-03,50-59,,,,<5,,,,125.0,,,,,18
2021-06-27 - 2021-07-03,60-69,,,,,,,,134.0,,,,,17
2021-06-27 - 2021-07-03,70-79,,,,,,,,90.0,,,,,7
2021-06-27 - 2021-07-03,80-89,,,,,,,,23.0,,,,,<5
2021-06-27 - 2021-07-03,90+,,,,,,,,<5,,,,,0
2021-07-04 - 2021-07-10,0-19,31.0,63.0,9.0,<5,<5,<5,,58.0,,,,,1226
2021-07-04 - 2021-07-10,20-29,,,,<5,,,<5,216.0,,,,,61
2021-07-04 - 2021-07-10,30-39,,,,<5,,,,250.0,,,,,84
2021-07-04 - 2021-07-10,40-49,<5,<5,,<5,,,,355.0,,,,,54
2021-07-04 - 2021-07-10,50-59,,,,<5,,,,239.0,,,,,26
2021-07-04 - 2021-07-10,60-69,,,<5,<5,,,,227.0,,,,,13
2021-07-04 - 2021-07-10,70-79,<5,,,<5,,,,143.0,,,,,12
2021-07-04 - 2021-07-10,80-89,,,<5,,,,,43.0,,,,,6
2021-07-04 - 2021-07-10,90+,,,,<5,,,,8.0,,,,,<5
2021-07-11 - 2021-07-17,0-19,22.0,81.0,44.0,10.0,<5,<5,,166.0,,,,,1756
2021-07-11 - 2021-07-17,20-29,<5,<5,<5,12.0,,,,443.0,,,,,124
2021-07-11 - 2021-07-17,30-39,<5,<5,<5,7.0,,,,480.0,,,,,128
2021-07-11 - 2021-07-17,40-49,,,<5,10.0,,,,557.0,,,,,112
2021-07-11 - 2021-07-17,50-59,<5,<5,,<5,,,,366.0,,,,,52
2021-07-11 - 2021-07-17,60-69,,,,<5,,,,361.0,,,,,33
2021-07-11 - 2021-07-17,70-79,,,,,,,,236.0,,,,,13
2021-07-11 - 2021-07-17,80-89,,,,,,,,68.0,,,,,8
2021-07-11 - 2021-07-17,90+,,,,,,,,14.0,,,,,<5
2021-07-18 - 2021-07-24,0-19,7.0,53.0,65.0,25.0,29.0,8.0,,281.0,,,,,3020
2021-07-18 - 2021-07-24,20-29,<5,,,14.0,<5,,,761.0,,,,,193
2021-07-18 - 2021-07-24,30-39,,<5,<5,22.0,,,,898.0,,,,,246
2021-07-18 - 2021-07-24,40-49,,,<5,11.0,,,<5,918.0,,,,,170
2021-07-18 - 2021-07-24,50-59,,,,6.0,,,,578.0,,,,,105
2021-07-18 - 2021-07-24,60-69,<5,,<5,<5,,,,585.0,,,,,47
2021-07-18 - 2021-07-24,70-79,,<5,,<5,,,,349.0,,,,,19
2021-07-18 - 2021-07-24,80-89,,,,,,,<5,146.0,,,,,14
2021-07-18 - 2021-07-24,90+,,,,<5,,,,33.0,,,,,9
2021-07-25 - 2021-07-31,0-19,21.0,18.0,24.0,90.0,36.0,25.0,<5,550.0,,,,,4887
2021-07-25 - 2021-07-31,20-29,<5,<5,,33.0,,<5,,1273.0,,,,,417
2021-07-25 - 2021-07-31,30-39,<5,,5.0,30.0,<5,<5,,1551.0,,,,,424
2021-07-25 - 2021-07-31,40-49,,<5,,20.0,<5,<5,,1476.0,,,,,298
2021-07-25 - 2021-07-31,50-59,<5,,,12.0,,<5,,1022.0,,,,,174
2021-07-25 - 2021-07-31,60-69,,,,7.0,,,,1025.0,,,,,93
2021-07-25 - 2021-07-31,70-79,,<5,,7.0,,,,656.0,,,,,54
2021-07-25 - 2021-07-31,80-89,,,,5.0,,,,284.0,,,,,33
2021-07-25 - 2021-07-31,90+,,,<5,<5,,,,86.0,,,,,7
2021-08-01 - 2021-08-07,0-19,39.0,51.0,21.0,87.0,40.0,38.0,16.0,774.0,,,,,8033
2021-08-01 - 2021-08-07,20-29,<5,5.0,<5,55.0,<5,<5,<5,2171.0,,,,,753
2021-08-01 - 2021-08-07,30-39,,6.0,,38.0,<5,<5,,2341.0,,,,,657
2021-08-01 - 2021-08-07,40-49,,<5,<5,24.0,,,<5,2441.0,<5,,,,493
2021-08-01 - 2021-08-07,50-59,,5.0,<5,17.0,,<5,,1678.0,<5,,,,300
2021-08-01 - 2021-08-07,60-69,,<5,,10.0,,<5,,1337.0,93.0,<5,,,176
2021-08-01 - 2021-08-07,70-79,<5,<5,,9.0,<5,<5,<5,841.0,79.0,,,,85
2021-08-01 - 2021-08-07,80-89,,,,<5,,<5,,407.0,51.0,,,,49
2021-08-01 - 2021-08-07,90+,,<5,,<5,,,,105.0,8.0,,,,21
2021-08-08 - 2021-08-14,0-19,53.0,96.0,56.0,97.0,15.0,26.0,30.0,1301.0,,,,,12401
2021-08-08 - 2021-08-14,20-29,<5,<5,5.0,124.0,,<5,<5,3765.0,,,,,1321
2021-08-08 - 2021-08-14,30-39,9.0,<5,<5,87.0,,<5,,4090.0,<5,,,,1204
2021-08-08 - 2021-08-14,40-49,<5,<5,<5,63.0,,<5,<5,3916.0,<5,,,,803
2021-08-08 - 2021-08-14,50-59,<5,<5,<5,33.0,,<5,<5,2895.0,9.0,<5,,,482
2021-08-08 - 2021-08-14,60-69,,,,19.0,,,,1573.0,399.0,244.0,,,295
2021-08-08 - 2021-08-14,70-79,<5,<5,<5,6.0,,,,933.0,271.0,200.0,<5,,125
2021-08-08 - 2021-08-14,80-89,<5,,,6.0,<5,<5,<5,398.0,112.0,86.0,,,83
2021-08-08 - 2021-08-14,90+,,,<5,<5,<5,,,74.0,27.0,27.0,,,36
2021-08-15 - 2021-08-21,0-19,119.0,184.0,58.0,131.0,25.0,12.0,22.0,1674.0,,,,,18335
2021-08-15 - 2021-08-21,20-29,11.0,16.0,<5,170.0,7.0,<5,<5,5452.0,,,,,1919
2021-08-15 - 2021-08-21,30-39,8.0,13.0,8.0,115.0,5.0,6.0,<5,5724.0,21.0,<5,,,1670
2021-08-15 - 2021-08-21,40-49,6.0,<5,<5,73.0,5.0,<5,<5,5074.0,60.0,8.0,<5,,1070
2021-08-15 - 2021-08-21,50-59,<5,<5,<5,47.0,8.0,,,2954.0,476.0,37.0,<5,,628
2021-08-15 - 2021-08-21,60-69,<5,5.0,,17.0,<5,,,1299.0,308.0,400.0,74.0,<5,381
2021-08-15 - 2021-08-21,70-79,<5,<5,<5,6.0,,<5,,558.0,191.0,294.0,48.0,<5,241
2021-08-15 - 2021-08-21,80-89,<5,<5,<5,6.0,<5,<5,<5,294.0,64.0,150.0,21.0,<5,111
2021-08-15 - 2021-08-21,90+,<5,<5,,<5,,<5,,74.0,21.0,28.0,9.0,,42
2021-08-22 - 2021-08-28,0-19,210.0,304.0,121.0,166.0,40.0,20.0,9.0,2388.0,,,,,23238
2021-08-22 - 2021-08-28,20-29,31.0,27.0,7.0,205.0,6.0,<5,<5,7137.0,,,,,2396
2021-08-22 - 2021-08-28,30-39,13.0,30.0,7.0,171.0,<5,6.0,<5,6581.0,194.0,21.0,<5,,2142
2021-08-22 - 2021-08-28,40-49,6.0,9.0,<5,102.0,<5,<5,,4909.0,681.0,122.0,<5,,1399
2021-08-22 - 2021-08-28,50-59,8.0,6.0,<5,50.0,8.0,<5,,2300.0,524.0,593.0,12.0,<5,740
2021-08-22 - 2021-08-28,60-69,6.0,<5,<5,30.0,<5,,,1033.0,157.0,257.0,109.0,48.0,435
2021-08-22 - 2021-08-28,70-79,,<5,<5,11.0,,,,396.0,58.0,161.0,102.0,40.0,216
2021-08-22 - 2021-08-28,80-89,<5,<5,5.0,<5,,<5,<5,194.0,25.0,84.0,59.0,17.0,107
2021-08-22 - 2021-08-28,90+,,,<5,<5,,,<5,51.0,<5,15.0,23.0,7.0,28
2021-08-29 - 2021-09-04,0-19,273.0,589.0,224.0,208.0,59.0,26.0,15.0,2999.0,114.0,,,,28398
2021-08-29 - 2021-09-04,20-29,25.0,40.0,18.0,230.0,6.0,<5,<5,6766.0,344.0,,,,2643
2021-08-29 - 2021-09-04,30-39,15.0,50.0,10.0,157.0,7.0,7.0,<5,5818.0,708.0,293.0,11.0,<5,2393
2021-08-29 - 2021-09-04,40-49,14.0,17.0,6.0,111.0,<5,<5,<5,3907.0,620.0,632.0,35.0,<5,1562
2021-08-29 - 2021-09-04,50-59,6.0,10.0,<5,58.0,,<5,<5,1692.0,190.0,332.0,147.0,<5,767
2021-08-29 - 2021-09-04,60-69,7.0,10.0,6.0,24.0,,<5,,722.0,77.0,125.0,75.0,147.0,456
2021-08-29 - 2021-09-04,70-79,<5,<5,<5,13.0,<5,,,312.0,17.0,56.0,58.0,115.0,185
2021-08-29 - 2021-09-04,80-89,<5,<5,,9.0,,<5,,145.0,12.0,57.0,30.0,65.0,96
2021-08-29 - 2021-09-04,90+,,<5,,7.0,,<5,,33.0,<5,11.0,6.0,13.0,31
2021-09-05 - 2021-09-11,0-19,129.0,438.0,233.0,211.0,38.0,35.0,14.0,2073.0,229.0,99.0,,,26448
2021-09-05 - 2021-09-11,20-29,14.0,34.0,11.0,168.0,5.0,<5,,4362.0,515.0,345.0,,,2349
2021-09-05 - 2021-09-11,30-39,11.0,24.0,20.0,154.0,<5,11.0,6.0,4339.0,343.0,390.0,85.0,11.0,2241
2021-09-05 - 2021-09-11,40-49,10.0,21.0,10.0,82.0,<5,<5,<5,2651.0,217.0,313.0,145.0,20.0,1563
2021-09-05 - 2021-09-11,50-59,7.0,12.0,6.0,49.0,,<5,,1101.0,81.0,97.0,68.0,111.0,745
2021-09-05 - 2021-09-11,60-69,<5,<5,<5,25.0,,<5,,465.0,31.0,54.0,25.0,169.0,382
2021-09-05 - 2021-09-11,70-79,<5,<5,<5,5.0,<5,<5,<5,198.0,7.0,19.0,20.0,104.0,167
2021-09-05 - 2021-09-11,80-89,,,<5,8.0,,<5,<5,100.0,11.0,9.0,12.0,60.0,103
2021-09-05 - 2021-09-11,90+,<5,<5,,<5,,<5,,23.0,<5,5.0,<5,12.0,35
2021-09-12 - 2021-09-18,0-19,89.0,241.0,232.0,300.0,64.0,31.0,12.0,1587.0,80.0,78.0,12.0,,27546
2021-09-12 - 2021-09-18,20-29,8.0,27.0,16.0,181.0,<5,6.0,,3789.0,213.0,187.0,47.0,,2398
2021-09-12 - 2021-09-18,30-39,10.0,30.0,20.0,174.0,9.0,<5,<5,4371.0,177.0,173.0,168.0,108.0,2376
2021-09-12 - 2021-09-18,40-49,6.0,15.0,14.0,138.0,<5,,,2608.0,114.0,126.0,123.0,205.0,1641
2021-09-12 - 2021-09-18,50-59,<5,5.0,8.0,65.0,<5,,<5,1012.0,43.0,49.0,48.0,189.0,794
2021-09-12 - 2021-09-18,60-69,<5,<5,5.0,26.0,,,,496.0,5.0,18.0,17.0,211.0,425
2021-09-12 - 2021-09-18,70-79,,,<5,11.0,,<5,,218.0,11.0,9.0,<5,112.0,188
2021-09-12 - 2021-09-18,80-89,,<5,,<5,<5,,,88.0,<5,<5,<5,64.0,117
2021-09-12 - 2021-09-18,90+,,<5,,<5,,,,21.0,<5,<5,<5,15.0,45
