VaccinationDate,age_group,first_dose,second_dose,third_dose
2020-12-20,20-29,392,0,0
2020-12-20,0-19,21,0,0
2020-12-20,80-89,94,0,0
2020-12-20,60-69,1516,0,0
2020-12-20,50-59,1787,0,0
2020-12-20,40-49,1868,0,0
2020-12-20,90+,<15,0,0
2020-12-20,70-79,495,0,0
2020-12-20,30-39,1197,0,0
2020-12-21,20-29,1064,0,0
2020-12-21,0-19,67,0,0
2020-12-21,80-89,1164,0,0
2020-12-21,90+,167,0,0
2020-12-21,40-49,3787,0,0
2020-12-21,50-59,3690,0,0
2020-12-21,70-79,4887,0,0
2020-12-21,30-39,2781,0,0
2020-12-21,60-69,7282,0,0
2020-12-22,20-29,1574,0,0
2020-12-22,90+,456,0,0
2020-12-22,0-19,100,0,0
2020-12-22,80-89,3497,0,0
2020-12-22,50-59,4662,0,0
2020-12-22,70-79,11763,0,0
2020-12-22,30-39,3598,0,0
2020-12-22,60-69,14433,0,0
2020-12-22,40-49,4535,0,0
2020-12-23,20-29,2122,0,0
2020-12-23,90+,1026,0,0
2020-12-23,40-49,5039,0,0
2020-12-23,70-79,18009,0,0
2020-12-23,30-39,3856,0,0
2020-12-23,50-59,5336,0,0
2020-12-23,60-69,21611,0,0
2020-12-23,0-19,159,0,0
2020-12-23,80-89,5677,0,0
2020-12-24,50-59,5662,0,0
2020-12-24,90+,1349,0,0
2020-12-24,80-89,7678,0,0
2020-12-24,30-39,3790,0,0
2020-12-24,60-69,25640,0,0
2020-12-24,40-49,5204,0,0
2020-12-24,70-79,21762,0,0
2020-12-24,20-29,2070,0,0
2020-12-24,0-19,202,0,0
2020-12-25,70-79,12284,0,0
2020-12-25,60-69,13405,0,0
2020-12-25,40-49,2244,0,0
2020-12-25,30-39,1383,0,0
2020-12-25,90+,764,0,0
2020-12-25,80-89,4531,0,0
2020-12-25,0-19,126,0,0
2020-12-25,50-59,2967,0,0
2020-12-25,20-29,754,0,0
2020-12-26,30-39,976,0,0
2020-12-26,90+,690,0,0
2020-12-26,40-49,1683,0,0
2020-12-26,50-59,2406,0,0
2020-12-26,60-69,11902,0,0
2020-12-26,80-89,3750,0,0
2020-12-26,70-79,10605,0,0
2020-12-26,20-29,482,0,0
2020-12-26,0-19,92,0,0
2020-12-27,50-59,10041,0,0
2020-12-27,30-39,6063,0,0
2020-12-27,40-49,8457,0,0
2020-12-27,90+,2388,0,0
2020-12-27,70-79,28543,0,0
2020-12-27,60-69,32943,0,0
2020-12-27,80-89,11874,0,0
2020-12-27,20-29,3584,0,0
2020-12-27,0-19,491,0,0
2020-12-28,30-39,9532,0,0
2020-12-28,70-79,32875,0,0
2020-12-28,40-49,13416,0,0
2020-12-28,60-69,40010,0,0
2020-12-28,50-59,14794,0,0
2020-12-28,0-19,1263,0,0
2020-12-28,20-29,6669,0,0
2020-12-28,80-89,13676,0,0
2020-12-28,90+,2611,0,0
2020-12-29,0-19,1443,0,0
2020-12-29,80-89,16459,0,0
2020-12-29,40-49,16244,0,0
2020-12-29,60-69,43979,0,0
2020-12-29,90+,4362,0,0
2020-12-29,70-79,35899,0,0
2020-12-29,30-39,11536,0,0
2020-12-29,20-29,7556,0,0
2020-12-29,50-59,18565,0,0
2020-12-30,50-59,21037,0,0
2020-12-30,0-19,1450,0,0
2020-12-30,80-89,15461,0,0
2020-12-30,70-79,32962,0,0
2020-12-30,40-49,16145,0,0
2020-12-30,90+,3896,0,0
2020-12-30,20-29,8215,0,0
2020-12-30,60-69,42052,0,0
2020-12-30,30-39,11639,0,0
2020-12-31,0-19,1804,0,0
2020-12-31,50-59,26943,0,0
2020-12-31,20-29,9667,0,0
2020-12-31,40-49,19325,0,0
2020-12-31,30-39,13775,0,0
2020-12-31,70-79,29632,0,0
2020-12-31,60-69,38849,0,0
2020-12-31,90+,3766,0,0
2020-12-31,80-89,14534,0,0
2021-01-01,80-89,6123,0,0
2021-01-01,0-19,821,0,0
2021-01-01,20-29,3327,0,0
2021-01-01,90+,1478,0,0
2021-01-01,60-69,17556,0,0
2021-01-01,50-59,14366,0,0
2021-01-01,40-49,9375,0,0
2021-01-01,70-79,12479,0,0
2021-01-01,30-39,5759,0,0
2021-01-02,60-69,14321,0,0
2021-01-02,70-79,10362,0,0
2021-01-02,80-89,5430,0,0
2021-01-02,20-29,3342,0,0
2021-01-02,0-19,859,0,0
2021-01-02,50-59,18332,0,0
2021-01-02,90+,1629,0,0
2021-01-02,30-39,5581,0,0
2021-01-02,40-49,11777,0,0
2021-01-03,0-19,2143,0,0
2021-01-03,90+,2965,0,0
2021-01-03,80-89,12985,0,0
2021-01-03,70-79,25684,0,0
2021-01-03,30-39,12639,0,0
2021-01-03,60-69,35340,0,0
2021-01-03,40-49,19277,0,0
2021-01-03,50-59,28666,0,0
2021-01-03,20-29,9798,0,0
2021-01-04,90+,2665,0,0
2021-01-04,70-79,23441,0,0
2021-01-04,30-39,14113,0,0
2021-01-04,20-29,11302,0,0
2021-01-04,50-59,30963,0,0
2021-01-04,60-69,32208,0,0
2021-01-04,40-49,22892,0,0
2021-01-04,80-89,12095,0,0
2021-01-04,0-19,2268,0,0
2021-01-05,50-59,23763,0,0
2021-01-05,30-39,11061,0,0
2021-01-05,20-29,8664,0,0
2021-01-05,70-79,20577,0,0
2021-01-05,40-49,17388,0,0
2021-01-05,90+,2288,0,0
2021-01-05,60-69,28953,0,0
2021-01-05,0-19,1829,0,0
2021-01-05,80-89,10417,0,0
2021-01-06,30-39,9096,0,0
2021-01-06,70-79,16449,0,0
2021-01-06,60-69,24556,0,0
2021-01-06,90+,2115,0,0
2021-01-06,80-89,8824,0,0
2021-01-06,40-49,13737,0,0
2021-01-06,20-29,7913,0,0
2021-01-06,0-19,1681,0,0
2021-01-06,50-59,18771,0,0
2021-01-07,90+,1758,0,0
2021-01-07,60-69,23633,0,0
2021-01-07,70-79,15379,0,0
2021-01-07,40-49,19126,0,0
2021-01-07,30-39,11925,0,0
2021-01-07,0-19,1956,0,0
2021-01-07,20-29,8778,0,0
2021-01-07,50-59,25342,0,0
2021-01-07,80-89,7969,0,0
2021-01-08,50-59,14576,0,0
2021-01-08,60-69,9673,0,0
2021-01-08,90+,618,0,0
2021-01-08,80-89,2797,0,0
2021-01-08,20-29,5750,0,0
2021-01-08,0-19,1914,0,0
2021-01-08,70-79,5799,0,0
2021-01-08,30-39,8975,0,0
2021-01-08,40-49,16223,0,0
2021-01-09,20-29,3447,0,0
2021-01-09,50-59,9760,0,0
2021-01-09,30-39,6897,0,0
2021-01-09,70-79,3236,0,0
2021-01-09,40-49,12805,0,0
2021-01-09,90+,331,0,0
2021-01-09,0-19,1019,0,0
2021-01-09,80-89,1551,0,0
2021-01-09,60-69,5419,0,0
2021-01-10,20-29,3256,299,0
2021-01-10,50-59,7449,1537,0
2021-01-10,60-69,5581,1207,0
2021-01-10,40-49,9155,1575,0
2021-01-10,70-79,3445,339,0
2021-01-10,30-39,5819,970,0
2021-01-10,80-89,1754,44,0
2021-01-10,0-19,738,15,0
2021-01-10,90+,361,<15,0
2021-01-11,60-69,2508,5580,0
2021-01-11,20-29,1774,819,0
2021-01-11,30-39,3343,2158,0
2021-01-11,40-49,5253,2972,0
2021-01-11,90+,203,129,0
2021-01-11,70-79,1685,3650,0
2021-01-11,50-59,5090,3012,0
2021-01-11,80-89,868,868,0
2021-01-11,0-19,310,51,0
2021-01-12,50-59,7795,3959,0
2021-01-12,20-29,2422,1302,0
2021-01-12,0-19,351,76,0
2021-01-12,80-89,863,2719,0
2021-01-12,70-79,1761,8941,0
2021-01-12,30-39,2928,3044,0
2021-01-12,60-69,3139,11293,0
2021-01-12,90+,181,353,0
2021-01-12,40-49,4481,3952,0
2021-01-13,0-19,695,136,0
2021-01-13,20-29,3818,1901,0
2021-01-13,50-59,23383,5051,0
2021-01-13,70-79,3144,16241,0
2021-01-13,40-49,8026,4825,0
2021-01-13,60-69,5992,19137,0
2021-01-13,30-39,5158,3626,0
2021-01-13,80-89,1483,4974,0
2021-01-13,90+,240,928,0
2021-01-14,0-19,1047,167,0
2021-01-14,70-79,2388,20241,0
2021-01-14,80-89,1087,6907,0
2021-01-14,20-29,5528,1945,0
2021-01-14,30-39,7243,3757,0
2021-01-14,90+,202,1188,0
2021-01-14,50-59,23365,5455,0
2021-01-14,40-49,10356,5148,0
2021-01-14,60-69,5106,23976,0
2021-01-15,80-89,548,4171,0
2021-01-15,20-29,3190,725,0
2021-01-15,0-19,695,118,0
2021-01-15,50-59,11823,2695,0
2021-01-15,90+,112,691,0
2021-01-15,40-49,5926,1996,0
2021-01-15,70-79,1183,11488,0
2021-01-15,30-39,4739,1303,0
2021-01-15,60-69,2414,12701,0
2021-01-16,20-29,2097,331,0
2021-01-16,0-19,542,65,0
2021-01-16,60-69,1677,9600,0
2021-01-16,80-89,356,3009,0
2021-01-16,90+,76,578,0
2021-01-16,70-79,748,8639,0
2021-01-16,40-49,8261,1280,0
2021-01-16,30-39,3372,702,0
2021-01-16,50-59,12242,1784,0
2021-01-17,70-79,2265,24629,0
2021-01-17,30-39,6820,4577,0
2021-01-17,90+,190,1783,0
2021-01-17,20-29,10388,2570,0
2021-01-17,0-19,2686,312,0
2021-01-17,80-89,1055,9661,0
2021-01-17,60-69,4485,27163,0
2021-01-17,40-49,18398,6366,0
2021-01-17,50-59,21987,7398,0
2021-01-18,80-89,878,12573,0
2021-01-18,20-29,15017,4763,0
2021-01-18,90+,146,2541,0
2021-01-18,40-49,20612,11507,0
2021-01-18,30-39,7322,8149,0
2021-01-18,50-59,15889,12818,0
2021-01-18,60-69,3951,36397,0
2021-01-18,70-79,1912,30792,0
2021-01-18,0-19,3836,733,0
2021-01-19,60-69,3901,39359,0
2021-01-19,70-79,1943,32858,0
2021-01-19,40-49,25340,13648,0
2021-01-19,30-39,9122,9573,0
2021-01-19,90+,203,3846,0
2021-01-19,80-89,857,15066,0
2021-01-19,20-29,13996,6693,0
2021-01-19,0-19,3127,1105,0
2021-01-19,50-59,14166,15461,0
2021-01-20,90+,140,3383,0
2021-01-20,30-39,12679,10746,0
2021-01-20,40-49,29698,14798,0
2021-01-20,60-69,3641,40102,0
2021-01-20,50-59,12884,18680,0
2021-01-20,20-29,12023,7881,0
2021-01-20,0-19,2924,1334,0
2021-01-20,80-89,814,14386,0
2021-01-20,70-79,1798,32204,0
2021-01-21,50-59,11074,25740,0
2021-01-21,30-39,13680,13479,0
2021-01-21,60-69,3847,41931,0
2021-01-21,40-49,26034,18876,0
2021-01-21,90+,213,4017,0
2021-01-21,20-29,9587,9670,0
2021-01-21,80-89,982,15743,0
2021-01-21,70-79,2038,32948,0
2021-01-21,0-19,2272,1741,0
2021-01-22,70-79,920,13714,0
2021-01-22,30-39,8118,5521,0
2021-01-22,40-49,15351,8646,0
2021-01-22,20-29,3861,3062,0
2021-01-22,50-59,5596,12964,0
2021-01-22,0-19,1218,723,0
2021-01-22,90+,113,1505,0
2021-01-22,80-89,493,6330,0
2021-01-22,60-69,2066,18521,0
2021-01-23,20-29,3473,2156,0
2021-01-23,80-89,386,4946,0
2021-01-23,50-59,5958,11303,0
2021-01-23,70-79,801,9404,0
2021-01-23,40-49,14566,7509,0
2021-01-23,60-69,1573,12434,0
2021-01-23,90+,106,1493,0
2021-01-23,30-39,6354,3767,0
2021-01-23,0-19,6650,483,0
2021-01-24,60-69,3629,33276,0
2021-01-24,0-19,12142,1763,0
2021-01-24,80-89,1000,12566,0
2021-01-24,40-49,19949,17973,0
2021-01-24,20-29,11029,8666,0
2021-01-24,30-39,10554,11679,0
2021-01-24,90+,221,2993,0
2021-01-24,70-79,1953,24547,0
2021-01-24,50-59,8484,27006,0
2021-01-25,20-29,15485,9257,0
2021-01-25,0-19,14689,1864,0
2021-01-25,50-59,9563,28227,0
2021-01-25,70-79,2065,22792,0
2021-01-25,60-69,3865,30382,0
2021-01-25,30-39,13359,12318,0
2021-01-25,90+,250,2574,0
2021-01-25,40-49,20478,20074,0
2021-01-25,80-89,1003,11807,0
2021-01-26,50-59,8396,25222,0
2021-01-26,0-19,14412,1763,0
2021-01-26,80-89,923,10408,0
2021-01-26,20-29,15534,8321,0
2021-01-26,90+,237,2237,0
2021-01-26,60-69,3484,28374,0
2021-01-26,70-79,1942,20398,0
2021-01-26,30-39,14168,11245,0
2021-01-26,40-49,19411,18228,0
2021-01-27,20-29,14333,10223,0
2021-01-27,80-89,841,10042,0
2021-01-27,0-19,15699,2088,0
2021-01-27,50-59,8421,23751,0
2021-01-27,60-69,3209,28300,0
2021-01-27,30-39,13632,11162,0
2021-01-27,90+,229,2275,0
2021-01-27,70-79,1721,19461,0
2021-01-27,40-49,19638,17521,0
2021-01-28,20-29,15966,9895,0
2021-01-28,0-19,13344,2125,0
2021-01-28,80-89,667,8929,0
2021-01-28,50-59,7581,27711,0
2021-01-28,70-79,1502,18139,0
2021-01-28,90+,173,1926,0
2021-01-28,40-49,16971,20951,0
2021-01-28,60-69,2972,27689,0
2021-01-28,30-39,20219,13039,0
2021-01-29,0-19,5621,1582,0
2021-01-29,80-89,257,3158,0
2021-01-29,90+,42,626,0
2021-01-29,50-59,3475,14242,0
2021-01-29,20-29,5965,4937,0
2021-01-29,70-79,524,6921,0
2021-01-29,60-69,1236,11241,0
2021-01-29,30-39,10679,7782,0
2021-01-29,40-49,8737,14178,0
2021-01-30,90+,30,391,0
2021-01-30,30-39,10584,5801,0
2021-01-30,0-19,4972,905,0
2021-01-30,20-29,5154,3121,0
2021-01-30,50-59,3138,9666,0
2021-01-30,70-79,456,3810,0
2021-01-30,40-49,8809,10613,0
2021-01-30,60-69,990,6567,0
2021-01-30,80-89,173,1809,0
2021-01-31,50-59,7227,11919,0
2021-01-31,80-89,681,3533,0
2021-01-31,40-49,16117,12486,0
2021-01-31,30-39,21651,7526,0
2021-01-31,70-79,1550,6965,0
2021-01-31,90+,168,741,0
2021-01-31,60-69,2955,10815,0
2021-01-31,20-29,13325,4350,0
2021-01-31,0-19,9523,1047,0
2021-02-01,70-79,1727,3393,0
2021-02-01,60-69,3056,5099,0
2021-02-01,40-49,14853,8323,0
2021-02-01,30-39,24199,5020,0
2021-02-01,80-89,844,1666,0
2021-02-01,90+,229,378,0
2021-02-01,20-29,19519,3019,0
2021-02-01,0-19,10304,579,0
2021-02-01,50-59,7588,7755,0
2021-02-02,50-59,6558,8852,0
2021-02-02,40-49,13310,6351,0
2021-02-02,60-69,2890,4604,0
2021-02-02,0-19,8601,438,0
2021-02-02,80-89,893,1397,0
2021-02-02,20-29,15752,2449,0
2021-02-02,90+,243,292,0
2021-02-02,30-39,19969,3939,0
2021-02-02,70-79,1680,2650,0
2021-02-03,50-59,5766,21543,0
2021-02-03,30-39,17069,5187,0
2021-02-03,80-89,863,1628,0
2021-02-03,20-29,14703,3919,0
2021-02-03,0-19,6667,655,0
2021-02-03,90+,236,308,0
2021-02-03,70-79,1562,3463,0
2021-02-03,60-69,2609,6487,0
2021-02-03,40-49,10634,8105,0
2021-02-04,20-29,22649,6211,0
2021-02-04,30-39,23205,7370,0
2021-02-04,70-79,1186,2772,0
2021-02-04,40-49,10509,10358,0
2021-02-04,50-59,5256,22728,0
2021-02-04,0-19,6540,1433,0
2021-02-04,60-69,2298,5578,0
2021-02-04,90+,141,239,0
2021-02-04,80-89,642,1277,0
2021-02-05,50-59,2698,11426,0
2021-02-05,60-69,1077,2573,0
2021-02-05,40-49,5210,5515,0
2021-02-05,90+,77,113,0
2021-02-05,70-79,538,1248,0
2021-02-05,30-39,11288,4157,0
2021-02-05,20-29,9916,2541,0
2021-02-05,80-89,242,574,0
2021-02-05,0-19,2748,524,0
2021-02-06,0-19,1942,341,0
2021-02-06,60-69,558,1429,0
2021-02-06,30-39,6932,2375,0
2021-02-06,80-89,139,264,0
2021-02-06,20-29,6974,1512,0
2021-02-06,50-59,1625,10044,0
2021-02-06,90+,35,56,0
2021-02-06,70-79,263,632,0
2021-02-06,40-49,3077,5493,0
2021-02-07,20-29,16768,9225,0
2021-02-07,0-19,4634,1828,0
2021-02-07,50-59,4363,23160,0
2021-02-07,70-79,1121,2447,0
2021-02-07,30-39,16492,7396,0
2021-02-07,60-69,2090,4731,0
2021-02-07,40-49,7772,18378,0
2021-02-07,90+,166,226,0
2021-02-07,80-89,562,1177,0
2021-02-08,50-59,4482,16471,0
2021-02-08,80-89,568,923,0
2021-02-08,0-19,4302,2584,0
2021-02-08,20-29,19918,12134,0
2021-02-08,90+,135,163,0
2021-02-08,70-79,1115,2012,0
2021-02-08,60-69,2100,4034,0
2021-02-08,40-49,7827,19972,0
2021-02-08,30-39,18050,6955,0
2021-02-09,70-79,1245,1943,0
2021-02-09,90+,205,187,0
2021-02-09,20-29,22779,12069,0
2021-02-09,0-19,5144,2697,0
2021-02-09,80-89,629,843,0
2021-02-09,50-59,5422,14187,0
2021-02-09,40-49,9098,23288,0
2021-02-09,60-69,2563,3814,0
2021-02-09,30-39,19085,8329,0
2021-02-10,20-29,24082,10774,0
2021-02-10,0-19,5397,2345,0
2021-02-10,90+,152,134,0
2021-02-10,80-89,571,822,0
2021-02-10,30-39,20600,11504,0
2021-02-10,40-49,9818,27809,0
2021-02-10,70-79,1295,1830,0
2021-02-10,50-59,5744,13147,0
2021-02-10,60-69,2700,3693,0
2021-02-11,0-19,6392,2290,0
2021-02-11,80-89,635,1004,0
2021-02-11,20-29,27382,10535,0
2021-02-11,90+,136,200,0
2021-02-11,30-39,23172,13659,0
2021-02-11,50-59,6823,11665,0
2021-02-11,70-79,1401,2097,0
2021-02-11,60-69,3132,3923,0
2021-02-11,40-49,11889,26500,0
2021-02-12,20-29,12973,3847,0
2021-02-12,80-89,285,473,0
2021-02-12,90+,61,101,0
2021-02-12,30-39,11141,7803,0
2021-02-12,70-79,601,939,0
2021-02-12,40-49,5890,15130,0
2021-02-12,0-19,3084,1157,0
2021-02-12,60-69,1457,2101,0
2021-02-12,50-59,3468,5886,0
2021-02-13,80-89,170,278,0
2021-02-13,70-79,377,621,0
2021-02-13,90+,26,72,0
2021-02-13,40-49,4284,11651,0
2021-02-13,60-69,1019,1304,0
2021-02-13,30-39,7331,4643,0
2021-02-13,20-29,9117,2369,0
2021-02-13,0-19,2471,4046,0
2021-02-13,50-59,2591,5382,0
2021-02-14,90+,148,213,0
2021-02-14,60-69,3535,3669,0
2021-02-14,70-79,1662,2004,0
2021-02-14,40-49,11638,21914,0
2021-02-14,30-39,19902,11298,0
2021-02-14,20-29,23309,10000,0
2021-02-14,50-59,6969,8965,0
2021-02-14,0-19,6878,9902,0
2021-02-14,80-89,717,952,0
2021-02-15,50-59,7853,9522,0
2021-02-15,70-79,1750,2117,0
2021-02-15,60-69,3853,4020,0
2021-02-15,20-29,25081,13188,0
2021-02-15,0-19,7488,12367,0
2021-02-15,80-89,812,1038,0
2021-02-15,30-39,21522,12500,0
2021-02-15,40-49,12781,20491,0
2021-02-15,90+,207,282,0
2021-02-16,30-39,21427,13724,0
2021-02-16,70-79,1814,1942,0
2021-02-16,60-69,3832,3511,0
2021-02-16,50-59,7607,8469,0
2021-02-16,80-89,770,962,0
2021-02-16,90+,166,238,0
2021-02-16,40-49,12699,18992,0
2021-02-16,20-29,26533,15872,0
2021-02-16,0-19,8482,14364,0
2021-02-17,60-69,2386,3000,0
2021-02-17,40-49,9752,18289,0
2021-02-17,70-79,959,1596,0
2021-02-17,30-39,15890,12843,0
2021-02-17,0-19,6341,14987,0
2021-02-17,20-29,20636,15866,0
2021-02-17,50-59,5389,7954,0
2021-02-17,80-89,370,712,0
2021-02-17,90+,86,160,0
2021-02-18,50-59,6346,7956,0
2021-02-18,60-69,2870,3059,0
2021-02-18,40-49,11161,17728,0
2021-02-18,90+,69,146,0
2021-02-18,30-39,17964,18783,0
2021-02-18,70-79,1049,1499,0
2021-02-18,20-29,21857,15668,0
2021-02-18,80-89,386,640,0
2021-02-18,0-19,7287,14064,0
2021-02-19,50-59,3538,3692,0
2021-02-19,20-29,12680,6219,0
2021-02-19,0-19,4217,6171,0
2021-02-19,80-89,186,260,0
2021-02-19,30-39,10568,10361,0
2021-02-19,70-79,477,593,0
2021-02-19,60-69,1484,1332,0
2021-02-19,90+,25,54,0
2021-02-19,40-49,6389,9327,0
2021-02-20,0-19,3900,4454,0
2021-02-20,20-29,10145,4047,0
2021-02-20,50-59,2939,2885,0
2021-02-20,70-79,434,394,0
2021-02-20,60-69,1132,864,0
2021-02-20,30-39,7626,8139,0
2021-02-20,40-49,5224,7715,0
2021-02-20,90+,28,21,0
2021-02-20,80-89,160,145,0
2021-02-21,80-89,766,825,0
2021-02-21,0-19,8547,10052,0
2021-02-21,20-29,23850,14399,0
2021-02-21,30-39,20582,22696,0
2021-02-21,90+,174,212,0
2021-02-21,70-79,1833,1731,0
2021-02-21,50-59,7311,7618,0
2021-02-21,40-49,12454,17575,0
2021-02-21,60-69,3802,3240,0
2021-02-22,20-29,25456,18475,0
2021-02-22,80-89,879,876,0
2021-02-22,0-19,8639,9513,0
2021-02-22,50-59,7698,7645,0
2021-02-22,70-79,2119,1758,0
2021-02-22,30-39,22725,23520,0
2021-02-22,60-69,4173,3219,0
2021-02-22,90+,207,245,0
2021-02-22,40-49,13006,15152,0
2021-02-23,20-29,23927,16249,0
2021-02-23,0-19,8438,9107,0
2021-02-23,80-89,843,883,0
2021-02-23,90+,156,229,0
2021-02-23,70-79,1855,1682,0
2021-02-23,60-69,3679,2872,0
2021-02-23,40-49,11651,13046,0
2021-02-23,30-39,19661,19615,0
2021-02-23,50-59,6989,6590,0
2021-02-24,90+,156,195,0
2021-02-24,30-39,15150,17200,0
2021-02-24,70-79,1564,1569,0
2021-02-24,0-19,6830,7783,0
2021-02-24,80-89,708,817,0
2021-02-24,20-29,18760,15881,0
2021-02-24,60-69,2947,2690,0
2021-02-24,40-49,9281,10921,0
2021-02-24,50-59,5506,5866,0
2021-02-25,20-29,15254,18324,0
2021-02-25,30-39,12904,20697,0
2021-02-25,70-79,1231,1239,0
2021-02-25,80-89,618,650,0
2021-02-25,60-69,2646,2300,0
2021-02-25,90+,143,163,0
2021-02-25,40-49,8281,10272,0
2021-02-25,50-59,5087,5352,0
2021-02-25,0-19,5390,5606,0
2021-02-26,30-39,6692,10539,0
2021-02-26,40-49,4283,5328,0
2021-02-26,70-79,525,530,0
2021-02-26,60-69,1188,1075,0
2021-02-26,80-89,287,243,0
2021-02-26,90+,51,67,0
2021-02-26,0-19,2643,2721,0
2021-02-26,20-29,7508,8675,0
2021-02-26,50-59,2593,2728,0
2021-02-27,90+,17,34,0
2021-02-27,60-69,740,559,0
2021-02-27,40-49,2867,3165,0
2021-02-27,50-59,1726,1605,0
2021-02-27,20-29,5739,6524,0
2021-02-27,0-19,2525,1960,0
2021-02-27,80-89,143,123,0
2021-02-27,30-39,4158,6903,0
2021-02-27,70-79,343,268,0
2021-02-28,50-59,3825,4525,0
2021-02-28,60-69,2149,2078,0
2021-02-28,70-79,1111,1135,0
2021-02-28,20-29,11362,16612,0
2021-02-28,90+,94,170,0
2021-02-28,30-39,9885,17088,0
2021-02-28,40-49,6388,8621,0
2021-02-28,80-89,541,592,0
2021-02-28,0-19,4824,4934,0
2021-03-01,30-39,11127,18935,0
2021-03-01,70-79,1329,1158,0
2021-03-01,50-59,4495,4528,0
2021-03-01,0-19,5064,4920,0
2021-03-01,20-29,13025,20637,0
2021-03-01,90+,129,143,0
2021-03-01,80-89,618,615,0
2021-03-01,60-69,2606,2177,0
2021-03-01,40-49,7138,8171,0
2021-03-02,0-19,4275,4855,0
2021-03-02,50-59,4368,5116,0
2021-03-02,70-79,1432,1195,0
2021-03-02,40-49,6478,9023,0
2021-03-02,60-69,2798,2425,0
2021-03-02,90+,121,222,0
2021-03-02,30-39,9489,19066,0
2021-03-02,80-89,571,647,0
2021-03-02,20-29,11466,22046,0
2021-03-03,50-59,4433,5538,0
2021-03-03,60-69,2828,2659,0
2021-03-03,0-19,4846,5082,0
2021-03-03,20-29,11574,22774,0
2021-03-03,80-89,633,615,0
2021-03-03,30-39,9285,19308,0
2021-03-03,90+,131,182,0
2021-03-03,70-79,1537,1302,0
2021-03-03,40-49,6526,9150,0
2021-03-04,0-19,4449,6137,0
2021-03-04,20-29,10899,26487,0
2021-03-04,50-59,4349,6698,0
2021-03-04,30-39,9018,22789,0
2021-03-04,40-49,6398,11537,0
2021-03-04,90+,106,141,0
2021-03-04,70-79,1219,1401,0
2021-03-04,80-89,514,634,0
2021-03-04,60-69,2537,3087,0
2021-03-05,20-29,4719,13600,0
2021-03-05,50-59,1975,3402,0
2021-03-05,0-19,1760,3007,0
2021-03-05,80-89,202,266,0
2021-03-05,90+,40,64,0
2021-03-05,70-79,484,620,0
2021-03-05,40-49,2945,6180,0
2021-03-05,30-39,4024,11740,0
2021-03-05,60-69,1019,1459,0
2021-03-06,20-29,3230,8314,0
2021-03-06,80-89,73,153,0
2021-03-06,0-19,1441,2099,0
2021-03-06,60-69,584,933,0
2021-03-06,50-59,1163,2464,0
2021-03-06,30-39,2135,6994,0
2021-03-06,90+,20,29,0
2021-03-06,70-79,243,347,0
2021-03-06,40-49,1685,3950,0
2021-03-07,20-29,8759,23059,0
2021-03-07,0-19,3869,6525,0
2021-03-07,40-49,4760,11074,0
2021-03-07,80-89,531,683,0
2021-03-07,50-59,3129,6544,0
2021-03-07,70-79,1081,1601,0
2021-03-07,60-69,2014,3332,0
2021-03-07,90+,135,131,0
2021-03-07,30-39,6708,19760,0
2021-03-08,20-29,8070,22536,0
2021-03-08,90+,106,208,0
2021-03-08,80-89,422,771,0
2021-03-08,0-19,3344,6373,0
2021-03-08,50-59,2747,7066,0
2021-03-08,40-49,4008,11439,0
2021-03-08,30-39,5953,19518,0
2021-03-08,60-69,1631,3558,0
2021-03-08,70-79,890,1649,0
2021-03-09,20-29,7703,24089,0
2021-03-09,70-79,801,1711,0
2021-03-09,90+,87,165,0
2021-03-09,40-49,3998,11789,0
2021-03-09,80-89,426,761,0
2021-03-09,30-39,5834,19873,0
2021-03-09,60-69,1685,3564,0
2021-03-09,50-59,2647,7087,0
2021-03-09,0-19,3336,7459,0
2021-03-10,80-89,337,420,0
2021-03-10,90+,87,94,0
2021-03-10,70-79,710,1022,0
2021-03-10,40-49,3453,9013,0
2021-03-10,60-69,1278,2370,0
2021-03-10,30-39,4922,14953,0
2021-03-10,0-19,3452,5985,0
2021-03-10,50-59,2164,5099,0
2021-03-10,20-29,6710,19572,0
2021-03-11,60-69,1310,2874,0
2021-03-11,90+,74,62,0
2021-03-11,80-89,316,400,0
2021-03-11,30-39,5231,18385,0
2021-03-11,40-49,3579,11249,0
2021-03-11,70-79,590,1065,0
2021-03-11,0-19,3086,6895,0
2021-03-11,50-59,2193,6329,0
2021-03-11,20-29,6691,21656,0
2021-03-12,50-59,1023,3829,0
2021-03-12,90+,26,20,0
2021-03-12,70-79,265,474,0
2021-03-12,60-69,554,1509,0
2021-03-12,40-49,1760,6802,0
2021-03-12,20-29,3399,13135,0
2021-03-12,0-19,1425,4054,0
2021-03-12,30-39,2541,11301,0
2021-03-12,80-89,112,182,0
2021-03-13,50-59,716,2353,0
2021-03-13,60-69,326,927,0
2021-03-13,20-29,2543,8197,0
2021-03-13,80-89,52,147,0
2021-03-13,0-19,1119,2997,0
2021-03-13,90+,<15,26,0
2021-03-13,30-39,1677,6097,0
2021-03-13,70-79,138,335,0
2021-03-13,40-49,1273,4105,0
2021-03-14,20-29,6301,22248,0
2021-03-14,70-79,573,1685,0
2021-03-14,60-69,1173,3496,0
2021-03-14,40-49,2978,11738,0
2021-03-14,30-39,4561,19717,0
2021-03-14,50-59,1918,6775,0
2021-03-14,0-19,2970,7358,0
2021-03-14,80-89,287,693,0
2021-03-14,90+,66,142,0
2021-03-15,0-19,2598,8035,0
2021-03-15,80-89,261,833,0
2021-03-15,40-49,2961,12042,0
2021-03-15,60-69,1053,3800,0
2021-03-15,90+,57,200,0
2021-03-15,20-29,6131,23734,0
2021-03-15,30-39,4528,20404,0
2021-03-15,70-79,509,1961,0
2021-03-15,50-59,1830,7085,0
2021-03-16,50-59,1646,6383,0
2021-03-16,0-19,2557,7967,0
2021-03-16,20-29,5662,22208,0
2021-03-16,80-89,259,758,0
2021-03-16,70-79,519,1697,0
2021-03-16,60-69,1000,3389,0
2021-03-16,90+,76,141,0
2021-03-16,40-49,2783,10680,0
2021-03-16,30-39,4041,18153,0
2021-03-17,0-19,2333,6292,0
2021-03-17,20-29,5216,17880,0
2021-03-17,50-59,1662,5524,0
2021-03-17,70-79,457,1568,0
2021-03-17,40-49,2632,8971,0
2021-03-17,30-39,3949,14887,0
2021-03-17,60-69,982,2897,0
2021-03-17,90+,45,156,0
2021-03-17,80-89,228,698,0
2021-03-18,50-59,1537,5549,0
2021-03-18,80-89,231,641,0
2021-03-18,0-19,2035,5999,0
2021-03-18,20-29,4599,17178,0
2021-03-18,90+,66,131,0
2021-03-18,30-39,3597,15018,0
2021-03-18,40-49,2418,9349,0
2021-03-18,60-69,916,2834,0
2021-03-18,70-79,431,1285,0
2021-03-19,20-29,1929,8372,0
2021-03-19,30-39,1719,7520,0
2021-03-19,0-19,807,2684,0
2021-03-19,80-89,73,280,0
2021-03-19,60-69,311,1213,0
2021-03-19,50-59,660,2698,0
2021-03-19,90+,<15,40,0
2021-03-19,70-79,133,537,0
2021-03-19,40-49,1108,4537,0
2021-03-20,20-29,1762,4897,0
2021-03-20,0-19,716,2066,0
2021-03-20,80-89,47,103,0
2021-03-20,90+,<15,<15,0
2021-03-20,60-69,227,604,0
2021-03-20,30-39,1037,3374,0
2021-03-20,70-79,100,296,0
2021-03-20,50-59,461,1429,0
2021-03-20,40-49,765,2450,0
2021-03-21,80-89,178,556,0
2021-03-21,0-19,1749,4538,0
2021-03-21,20-29,3988,11769,0
2021-03-21,90+,47,101,0
2021-03-21,50-59,1189,3714,0
2021-03-21,60-69,742,2116,0
2021-03-21,70-79,375,1034,0
2021-03-21,30-39,2938,10317,0
2021-03-21,40-49,1832,6240,0
2021-03-22,20-29,4185,11998,0
2021-03-22,90+,69,125,0
2021-03-22,70-79,409,1046,0
2021-03-22,30-39,3029,10245,0
2021-03-22,40-49,1895,6207,0
2021-03-22,0-19,1680,4591,0
2021-03-22,80-89,159,551,0
2021-03-22,60-69,731,1981,0
2021-03-22,50-59,1198,3649,0
2021-03-23,80-89,26,89,0
2021-03-23,40-49,382,1178,0
2021-03-23,60-69,176,290,0
2021-03-23,90+,<15,18,0
2021-03-23,30-39,558,1754,0
2021-03-23,70-79,55,172,0
2021-03-23,20-29,821,2192,0
2021-03-23,0-19,310,823,0
2021-03-23,50-59,272,644,0
2021-03-24,90+,43,140,0
2021-03-24,70-79,300,1249,0
2021-03-24,60-69,545,2329,0
2021-03-24,30-39,2332,11360,0
2021-03-24,40-49,1631,6910,0
2021-03-24,80-89,179,662,0
2021-03-24,0-19,1367,5294,0
2021-03-24,20-29,3496,14377,0
2021-03-24,50-59,905,4069,0
2021-03-25,40-49,1485,5411,0
2021-03-25,50-59,931,3173,0
2021-03-25,60-69,545,1572,0
2021-03-25,20-29,3102,10927,0
2021-03-25,80-89,149,412,0
2021-03-25,0-19,1248,4309,0
2021-03-25,90+,45,96,0
2021-03-25,30-39,2263,8609,0
2021-03-25,70-79,270,764,0
2021-03-26,20-29,1191,4171,0
2021-03-26,70-79,92,250,0
2021-03-26,50-59,389,1160,0
2021-03-26,30-39,987,3274,0
2021-03-26,40-49,617,2126,0
2021-03-26,90+,18,31,0
2021-03-26,60-69,222,535,0
2021-03-26,80-89,43,140,0
2021-03-26,0-19,449,1530,0
2021-03-27,70-79,26,65,0
2021-03-27,60-69,81,164,0
2021-03-27,40-49,237,646,0
2021-03-27,30-39,387,871,0
2021-03-27,50-59,134,386,0
2021-03-27,0-19,253,542,0
2021-03-27,20-29,585,1497,0
2021-03-27,80-89,<15,27,0
2021-03-27,90+,<15,<15,0
2021-03-28,60-69,68,187,0
2021-03-28,70-79,36,90,0
2021-03-28,50-59,179,427,0
2021-03-28,20-29,727,1495,0
2021-03-28,30-39,437,931,0
2021-03-28,40-49,288,708,0
2021-03-28,90+,<15,<15,0
2021-03-28,80-89,<15,28,0
2021-03-28,0-19,284,678,0
2021-03-29,50-59,715,2840,0
2021-03-29,0-19,902,3639,0
2021-03-29,70-79,225,817,0
2021-03-29,90+,47,107,0
2021-03-29,20-29,1868,8800,0
2021-03-29,80-89,127,433,0
2021-03-29,30-39,1415,7003,0
2021-03-29,40-49,1018,4693,0
2021-03-29,60-69,456,1545,0
2021-03-30,0-19,1106,2826,0
2021-03-30,20-29,2231,6666,0
2021-03-30,50-59,721,2116,0
2021-03-30,70-79,270,607,0
2021-03-30,30-39,1588,5086,0
2021-03-30,40-49,1056,3338,0
2021-03-30,60-69,479,1156,0
2021-03-30,80-89,156,370,0
2021-03-30,90+,58,81,0
2021-03-31,0-19,994,2312,0
2021-03-31,80-89,199,279,0
2021-03-31,20-29,2293,5647,0
2021-03-31,90+,58,74,0
2021-03-31,70-79,300,534,0
2021-03-31,30-39,1664,4694,0
2021-03-31,50-59,793,1771,0
2021-03-31,40-49,1172,2972,0
2021-03-31,60-69,485,993,0
2021-04-01,20-29,2282,5724,0
2021-04-01,80-89,166,234,0
2021-04-01,0-19,1104,2362,0
2021-04-01,40-49,1212,2753,0
2021-04-01,50-59,785,1644,0
2021-04-01,90+,48,63,0
2021-04-01,30-39,1605,4418,0
2021-04-01,70-79,260,416,0
2021-04-01,60-69,487,872,0
2021-04-02,20-29,820,2539,0
2021-04-02,0-19,319,902,0
2021-04-02,80-89,28,79,0
2021-04-02,90+,<15,<15,0
2021-04-02,70-79,61,123,0
2021-04-02,40-49,440,1287,0
2021-04-02,60-69,127,316,0
2021-04-02,30-39,663,2073,0
2021-04-02,50-59,306,640,0
2021-04-03,90+,<15,<15,0
2021-04-03,70-79,31,53,0
2021-04-03,30-39,248,594,0
2021-04-03,20-29,472,1073,0
2021-04-03,0-19,206,385,0
2021-04-03,80-89,<15,16,0
2021-04-03,60-69,60,103,0
2021-04-03,40-49,183,433,0
2021-04-03,50-59,132,222,0
2021-04-04,80-89,162,310,0
2021-04-04,20-29,2840,7116,0
2021-04-04,40-49,1366,3465,0
2021-04-04,30-39,2100,5431,0
2021-04-04,90+,57,69,0
2021-04-04,60-69,560,1015,0
2021-04-04,70-79,314,501,0
2021-04-04,50-59,867,1846,0
2021-04-04,0-19,1274,2987,0
2021-04-05,70-79,362,467,0
2021-04-05,40-49,1411,2952,0
2021-04-05,30-39,2180,4810,0
2021-04-05,60-69,581,899,0
2021-04-05,90+,70,77,0
2021-04-05,80-89,224,248,0
2021-04-05,20-29,2931,6795,0
2021-04-05,0-19,1487,3114,0
2021-04-05,50-59,931,1753,0
2021-04-06,30-39,1922,3926,0
2021-04-06,90+,66,71,0
2021-04-06,60-69,564,795,0
2021-04-06,40-49,1261,2474,0
2021-04-06,50-59,849,1394,0
2021-04-06,80-89,188,191,0
2021-04-06,0-19,1164,2188,0
2021-04-06,20-29,2398,5130,0
2021-04-06,70-79,368,400,0
2021-04-07,50-59,842,1286,0
2021-04-07,60-69,586,660,0
2021-04-07,90+,82,56,0
2021-04-07,70-79,305,352,0
2021-04-07,30-39,1806,3455,0
2021-04-07,40-49,1198,2311,0
2021-04-07,20-29,2488,4663,0
2021-04-07,80-89,176,213,0
2021-04-07,0-19,1193,2108,0
2021-04-08,40-49,1379,2549,0
2021-04-08,70-79,305,371,0
2021-04-08,30-39,2008,4204,0
2021-04-08,50-59,849,1434,0
2021-04-08,20-29,2563,5101,0
2021-04-08,0-19,1216,2087,0
2021-04-08,80-89,184,203,0
2021-04-08,90+,83,47,0
2021-04-08,60-69,577,797,0
2021-04-09,20-29,931,1831,0
2021-04-09,80-89,40,67,0
2021-04-09,50-59,331,498,0
2021-04-09,70-79,73,96,0
2021-04-09,30-39,886,1630,0
2021-04-09,60-69,166,230,0
2021-04-09,40-49,499,940,0
2021-04-09,90+,<15,<15,0
2021-04-09,0-19,444,756,0
2021-04-10,60-69,69,112,0
2021-04-10,80-89,<15,27,0
2021-04-10,0-19,191,490,0
2021-04-10,40-49,207,519,0
2021-04-10,30-39,334,737,0
2021-04-10,20-29,504,1195,0
2021-04-10,70-79,40,56,0
2021-04-10,90+,<15,<15,0
2021-04-10,50-59,140,294,0
2021-04-11,20-29,2555,4441,0
2021-04-11,0-19,1268,2009,0
2021-04-11,50-59,770,1174,0
2021-04-11,70-79,344,334,0
2021-04-11,30-39,1973,3267,0
2021-04-11,90+,60,64,0
2021-04-11,40-49,1203,1981,0
2021-04-11,60-69,565,663,0
2021-04-11,80-89,159,175,0
2021-04-12,50-59,850,1044,0
2021-04-12,0-19,1339,1740,0
2021-04-12,20-29,2467,4229,0
2021-04-12,80-89,210,159,0
2021-04-12,90+,78,63,0
2021-04-12,70-79,329,352,0
2021-04-12,40-49,1149,1801,0
2021-04-12,60-69,556,623,0
2021-04-12,30-39,1737,3022,0
2021-04-13,20-29,1520,1427,0
2021-04-13,80-89,159,76,0
2021-04-13,0-19,651,562,0
2021-04-13,50-59,542,408,0
2021-04-13,60-69,340,238,0
2021-04-13,30-39,1259,1229,0
2021-04-13,90+,86,30,0
2021-04-13,40-49,817,683,0
2021-04-13,70-79,234,130,0
2021-04-14,20-29,880,1469,0
2021-04-14,0-19,372,582,0
2021-04-14,80-89,72,111,0
2021-04-14,60-69,223,283,0
2021-04-14,50-59,384,490,0
2021-04-14,70-79,141,152,0
2021-04-14,90+,17,34,0
2021-04-14,40-49,529,794,0
2021-04-14,30-39,810,1206,0
2021-04-15,0-19,41,50,0
2021-04-15,20-29,122,119,0
2021-04-15,90+,<15,<15,0
2021-04-15,80-89,<15,<15,0
2021-04-15,50-59,73,50,0
2021-04-15,70-79,24,19,0
2021-04-15,30-39,83,86,0
2021-04-15,40-49,59,68,0
2021-04-15,60-69,42,21,0
2021-04-16,80-89,45,82,0
2021-04-16,30-39,736,1647,0
2021-04-16,70-79,72,130,0
2021-04-16,20-29,961,2019,0
2021-04-16,0-19,430,778,0
2021-04-16,90+,<15,24,0
2021-04-16,50-59,294,487,0
2021-04-16,40-49,466,1007,0
2021-04-16,60-69,181,291,0
2021-04-17,40-49,101,271,0
2021-04-17,20-29,264,684,0
2021-04-17,80-89,<15,<15,0
2021-04-17,30-39,175,445,0
2021-04-17,60-69,32,73,0
2021-04-17,70-79,19,22,0
2021-04-17,90+,0,<15,0
2021-04-17,0-19,80,268,0
2021-04-17,50-59,69,146,0
2021-04-18,30-39,1419,1707,0
2021-04-18,40-49,963,994,0
2021-04-18,70-79,229,207,0
2021-04-18,90+,31,26,0
2021-04-18,80-89,93,90,0
2021-04-18,60-69,454,371,0
2021-04-18,20-29,2062,2412,0
2021-04-18,0-19,1081,976,0
2021-04-18,50-59,632,569,0
2021-04-19,90+,32,55,0
2021-04-19,30-39,1269,1576,0
2021-04-19,40-49,845,913,0
2021-04-19,60-69,389,386,0
2021-04-19,50-59,572,597,0
2021-04-19,0-19,946,893,0
2021-04-19,20-29,1859,2211,0
2021-04-19,70-79,202,204,0
2021-04-19,80-89,95,141,0
2021-04-20,50-59,588,559,0
2021-04-20,30-39,1353,1601,0
2021-04-20,90+,38,61,0
2021-04-20,20-29,1702,1947,0
2021-04-20,80-89,98,146,0
2021-04-20,0-19,818,818,0
2021-04-20,60-69,358,412,0
2021-04-20,70-79,207,206,0
2021-04-20,40-49,891,949,0
2021-04-21,20-29,1713,2087,0
2021-04-21,30-39,1335,1535,0
2021-04-21,40-49,866,1007,0
2021-04-21,70-79,206,215,0
2021-04-21,50-59,662,608,0
2021-04-21,0-19,815,870,0
2021-04-21,60-69,388,369,0
2021-04-21,80-89,121,162,0
2021-04-21,90+,48,54,0
2021-04-22,80-89,85,164,0
2021-04-22,40-49,887,1067,0
2021-04-22,60-69,395,409,0
2021-04-22,90+,<15,61,0
2021-04-22,70-79,210,253,0
2021-04-22,30-39,1242,1685,0
2021-04-22,0-19,750,944,0
2021-04-22,20-29,1597,2195,0
2021-04-22,50-59,566,699,0
2021-04-23,80-89,27,35,0
2021-04-23,0-19,397,451,0
2021-04-23,20-29,692,964,0
2021-04-23,40-49,397,481,0
2021-04-23,30-39,634,795,0
2021-04-23,50-59,266,318,0
2021-04-23,60-69,119,133,0
2021-04-23,90+,<15,<15,0
2021-04-23,70-79,50,48,0
2021-04-24,0-19,109,177,0
2021-04-24,20-29,242,469,0
2021-04-24,50-59,56,93,0
2021-04-24,70-79,<15,<15,0
2021-04-24,40-49,104,175,0
2021-04-24,30-39,133,253,0
2021-04-24,60-69,22,30,0
2021-04-24,90+,0,<15,0
2021-04-24,80-89,<15,<15,0
2021-04-25,50-59,432,546,0
2021-04-25,0-19,610,892,0
2021-04-25,80-89,76,110,0
2021-04-25,20-29,1392,2142,0
2021-04-25,90+,17,36,0
2021-04-25,40-49,681,944,0
2021-04-25,70-79,167,202,0
2021-04-25,60-69,300,379,0
2021-04-25,30-39,1039,1580,0
2021-04-26,20-29,1613,2416,0
2021-04-26,70-79,163,249,0
2021-04-26,90+,29,49,0
2021-04-26,80-89,78,152,0
2021-04-26,0-19,855,1163,0
2021-04-26,60-69,256,355,0
2021-04-26,50-59,433,652,0
2021-04-26,30-39,1181,1630,0
2021-04-26,40-49,725,1064,0
2021-04-27,0-19,638,841,0
2021-04-27,90+,28,59,0
2021-04-27,80-89,97,157,0
2021-04-27,30-39,966,1463,0
2021-04-27,70-79,160,234,0
2021-04-27,20-29,1120,1772,0
2021-04-27,50-59,453,582,0
2021-04-27,40-49,626,920,0
2021-04-27,60-69,263,395,0
2021-04-28,0-19,642,1041,0
2021-04-28,80-89,57,155,0
2021-04-28,20-29,1278,2164,0
2021-04-28,90+,21,79,0
2021-04-28,50-59,382,610,0
2021-04-28,30-39,940,1522,0
2021-04-28,40-49,613,913,0
2021-04-28,70-79,139,221,0
2021-04-28,60-69,243,401,0
2021-04-29,20-29,1067,2054,0
2021-04-29,0-19,559,926,0
2021-04-29,30-39,949,1636,0
2021-04-29,90+,16,69,0
2021-04-29,70-79,141,243,0
2021-04-29,40-49,689,995,0
2021-04-29,80-89,79,152,0
2021-04-29,60-69,278,391,0
2021-04-29,50-59,414,629,0
2021-04-30,80-89,21,64,0
2021-04-30,90+,<15,<15,0
2021-04-30,40-49,318,433,0
2021-04-30,70-79,25,71,0
2021-04-30,60-69,102,122,0
2021-04-30,30-39,432,805,0
2021-04-30,20-29,413,853,0
2021-04-30,0-19,241,392,0
2021-04-30,50-59,180,256,0
2021-05-01,70-79,<15,<15,0
2021-05-01,60-69,<15,33,0
2021-05-01,40-49,57,110,0
2021-05-01,30-39,89,197,0
2021-05-01,80-89,<15,<15,0
2021-05-01,20-29,148,309,0
2021-05-01,0-19,47,110,0
2021-05-01,50-59,22,45,0
2021-05-02,50-59,293,414,0
2021-05-02,60-69,165,324,0
2021-05-02,0-19,511,927,0
2021-05-02,20-29,902,1829,0
2021-05-02,80-89,49,94,0
2021-05-02,90+,<15,31,0
2021-05-02,30-39,704,1387,0
2021-05-02,70-79,107,173,0
2021-05-02,40-49,414,780,0
2021-05-03,30-39,781,1345,0
2021-05-03,70-79,95,194,0
2021-05-03,40-49,496,786,0
2021-05-03,50-59,308,443,0
2021-05-03,80-89,51,112,0
2021-05-03,60-69,204,329,0
2021-05-03,90+,15,49,0
2021-05-03,0-19,525,787,0
2021-05-03,20-29,928,1590,0
2021-05-04,70-79,132,170,0
2021-05-04,30-39,753,1038,0
2021-05-04,40-49,478,667,0
2021-05-04,20-29,969,1252,0
2021-05-04,50-59,327,378,0
2021-05-04,80-89,65,129,0
2021-05-04,90+,18,55,0
2021-05-04,0-19,437,605,0
2021-05-04,60-69,205,238,0
2021-05-05,80-89,59,106,0
2021-05-05,0-19,496,543,0
2021-05-05,50-59,260,350,0
2021-05-05,60-69,165,183,0
2021-05-05,40-49,487,518,0
2021-05-05,30-39,759,903,0
2021-05-05,90+,15,36,0
2021-05-05,70-79,82,138,0
2021-05-05,20-29,794,1092,0
2021-05-06,0-19,552,479,0
2021-05-06,60-69,175,148,0
2021-05-06,80-89,42,53,0
2021-05-06,20-29,897,910,0
2021-05-06,70-79,94,78,0
2021-05-06,90+,<15,<15,0
2021-05-06,40-49,488,383,0
2021-05-06,30-39,814,622,0
2021-05-06,50-59,367,241,0
2021-05-07,20-29,416,692,0
2021-05-07,0-19,206,302,0
2021-05-07,50-59,174,204,0
2021-05-07,70-79,40,41,0
2021-05-07,60-69,104,109,0
2021-05-07,30-39,430,535,0
2021-05-07,40-49,281,349,0
2021-05-07,90+,<15,<15,0
2021-05-07,80-89,<15,39,0
2021-05-08,0-19,25,46,0
2021-05-08,80-89,<15,0,0
2021-05-08,20-29,62,175,0
2021-05-08,30-39,43,95,0
2021-05-08,70-79,<15,<15,0
2021-05-08,90+,0,<15,0
2021-05-08,60-69,<15,<15,0
2021-05-08,40-49,23,51,0
2021-05-08,50-59,<15,32,0
2021-05-09,80-89,38,86,0
2021-05-09,20-29,745,1402,0
2021-05-09,0-19,434,690,0
2021-05-09,50-59,277,360,0
2021-05-09,30-39,626,1036,0
2021-05-09,60-69,133,290,0
2021-05-09,70-79,96,154,0
2021-05-09,90+,<15,46,0
2021-05-09,40-49,406,569,0
2021-05-10,20-29,705,1295,0
2021-05-10,0-19,398,695,0
2021-05-10,90+,18,51,0
2021-05-10,60-69,149,253,0
2021-05-10,80-89,39,102,0
2021-05-10,70-79,99,157,0
2021-05-10,40-49,434,599,0
2021-05-10,30-39,639,1013,0
2021-05-10,50-59,284,368,0
2021-05-11,90+,<15,17,0
2021-05-11,30-39,553,846,0
2021-05-11,70-79,68,125,0
2021-05-11,20-29,684,1073,0
2021-05-11,80-89,51,67,0
2021-05-11,0-19,387,479,0
2021-05-11,50-59,220,333,0
2021-05-11,60-69,120,177,0
2021-05-11,40-49,327,531,0
2021-05-12,60-69,127,180,0
2021-05-12,70-79,54,94,0
2021-05-12,20-29,464,817,0
2021-05-12,90+,21,29,0
2021-05-12,30-39,475,703,0
2021-05-12,40-49,284,450,0
2021-05-12,50-59,174,261,0
2021-05-12,0-19,198,499,0
2021-05-12,80-89,26,71,0
2021-05-13,70-79,52,129,0
2021-05-13,40-49,265,493,0
2021-05-13,30-39,391,749,0
2021-05-13,60-69,113,192,0
2021-05-13,80-89,24,74,0
2021-05-13,90+,<15,<15,0
2021-05-13,0-19,301,653,0
2021-05-13,50-59,152,278,0
2021-05-13,20-29,517,906,0
2021-05-14,90+,<15,<15,0
2021-05-14,60-69,34,59,0
2021-05-14,70-79,26,35,0
2021-05-14,40-49,105,199,0
2021-05-14,0-19,135,226,0
2021-05-14,50-59,87,123,0
2021-05-14,20-29,201,334,0
2021-05-14,80-89,<15,20,0
2021-05-14,30-39,172,335,0
2021-05-15,50-59,15,43,0
2021-05-15,60-69,<15,15,0
2021-05-15,70-79,<15,<15,0
2021-05-15,20-29,47,51,0
2021-05-15,40-49,25,23,0
2021-05-15,30-39,30,29,0
2021-05-15,0-19,<15,<15,0
2021-05-15,80-89,<15,<15,0
2021-05-16,30-39,89,267,0
2021-05-16,70-79,15,27,0
2021-05-16,50-59,43,90,0
2021-05-16,20-29,132,363,0
2021-05-16,0-19,62,167,0
2021-05-16,80-89,<15,17,0
2021-05-16,90+,0,<15,0
2021-05-16,60-69,25,53,0
2021-05-16,40-49,57,150,0
2021-05-17,0-19,19,74,0
2021-05-17,20-29,57,232,0
2021-05-17,50-59,24,112,0
2021-05-17,60-69,<15,70,0
2021-05-17,70-79,<15,23,0
2021-05-17,30-39,37,136,0
2021-05-17,40-49,33,107,0
2021-05-17,80-89,0,<15,0
2021-05-18,50-59,192,453,0
2021-05-18,60-69,112,320,0
2021-05-18,20-29,444,1225,0
2021-05-18,80-89,29,95,0
2021-05-18,0-19,309,639,0
2021-05-18,70-79,64,214,0
2021-05-18,30-39,398,1152,0
2021-05-18,40-49,258,668,0
2021-05-18,90+,<15,40,0
2021-05-19,20-29,610,1446,0
2021-05-19,0-19,302,681,0
2021-05-19,50-59,171,454,0
2021-05-19,80-89,43,90,0
2021-05-19,60-69,127,328,0
2021-05-19,90+,26,30,0
2021-05-19,30-39,426,1067,0
2021-05-19,70-79,64,140,0
2021-05-19,40-49,269,643,0
2021-05-20,0-19,361,547,0
2021-05-20,20-29,585,1003,0
2021-05-20,50-59,190,347,0
2021-05-20,90+,<15,27,0
2021-05-20,80-89,21,81,0
2021-05-20,60-69,122,212,0
2021-05-20,70-79,67,133,0
2021-05-20,30-39,466,856,0
2021-05-20,40-49,281,516,0
2021-05-21,80-89,<15,22,0
2021-05-21,20-29,289,319,0
2021-05-21,0-19,163,210,0
2021-05-21,70-79,17,26,0
2021-05-21,50-59,96,95,0
2021-05-21,60-69,52,68,0
2021-05-21,40-49,139,171,0
2021-05-21,30-39,259,318,0
2021-05-21,90+,0,<15,0
2021-05-22,40-49,16,55,0
2021-05-22,90+,0,<15,0
2021-05-22,80-89,<15,<15,0
2021-05-22,20-29,51,109,0
2021-05-22,0-19,19,34,0
2021-05-22,70-79,<15,<15,0
2021-05-22,30-39,28,90,0
2021-05-22,60-69,<15,<15,0
2021-05-22,50-59,17,27,0
2021-05-23,80-89,24,46,0
2021-05-23,90+,<15,<15,0
2021-05-23,20-29,614,881,0
2021-05-23,70-79,52,102,0
2021-05-23,40-49,285,421,0
2021-05-23,30-39,516,759,0
2021-05-23,0-19,360,502,0
2021-05-23,50-59,235,258,0
2021-05-23,60-69,107,148,0
2021-05-24,0-19,329,493,0
2021-05-24,90+,<15,16,0
2021-05-24,30-39,455,921,0
2021-05-24,70-79,53,110,0
2021-05-24,20-29,514,880,0
2021-05-24,80-89,26,63,0
2021-05-24,50-59,225,302,0
2021-05-24,60-69,114,174,0
2021-05-24,40-49,250,508,0
2021-05-25,80-89,29,68,0
2021-05-25,60-69,131,171,0
2021-05-25,20-29,401,613,0
2021-05-25,70-79,61,96,0
2021-05-25,30-39,378,536,0
2021-05-25,90+,<15,24,0
2021-05-25,40-49,263,353,0
2021-05-25,50-59,151,234,0
2021-05-25,0-19,231,349,0
2021-05-26,70-79,52,88,0
2021-05-26,40-49,176,327,0
2021-05-26,30-39,250,594,0
2021-05-26,90+,<15,<15,0
2021-05-26,80-89,24,51,0
2021-05-26,60-69,73,130,0
2021-05-26,20-29,339,609,0
2021-05-26,0-19,211,354,0
2021-05-26,50-59,109,190,0
2021-05-27,70-79,48,89,0
2021-05-27,30-39,371,609,0
2021-05-27,50-59,157,222,0
2021-05-27,90+,<15,23,0
2021-05-27,60-69,74,144,0
2021-05-27,40-49,229,356,0
2021-05-27,80-89,21,63,0
2021-05-27,20-29,477,881,0
2021-05-27,0-19,260,571,0
2021-05-28,50-59,76,158,0
2021-05-28,60-69,33,85,0
2021-05-28,70-79,<15,36,0
2021-05-28,80-89,<15,<15,0
2021-05-28,20-29,168,248,0
2021-05-28,0-19,95,148,0
2021-05-28,30-39,140,336,0
2021-05-28,40-49,99,218,0
2021-05-28,90+,<15,<15,0
2021-05-29,30-39,23,33,0
2021-05-29,40-49,24,20,0
2021-05-29,60-69,<15,<15,0
2021-05-29,70-79,0,<15,0
2021-05-29,50-59,<15,<15,0
2021-05-29,20-29,26,64,0
2021-05-29,0-19,<15,25,0
2021-05-29,90+,0,<15,0
2021-05-29,80-89,<15,<15,0
2021-05-30,50-59,158,157,0
2021-05-30,0-19,226,282,0
2021-05-30,60-69,93,102,0
2021-05-30,40-49,226,273,0
2021-05-30,90+,<15,<15,0
2021-05-30,30-39,360,440,0
2021-05-30,20-29,400,474,0
2021-05-30,70-79,58,78,0
2021-05-30,80-89,24,35,0
2021-05-31,50-59,120,184,0
2021-05-31,0-19,178,308,0
2021-05-31,20-29,485,513,0
2021-05-31,80-89,<15,18,0
2021-05-31,70-79,42,60,0
2021-05-31,60-69,86,117,0
2021-05-31,30-39,440,495,0
2021-05-31,90+,<15,<15,0
2021-05-31,40-49,207,271,0
2021-06-01,0-19,188,279,0
2021-06-01,20-29,349,453,0
2021-06-01,50-59,134,140,0
2021-06-01,70-79,36,51,0
2021-06-01,30-39,226,403,0
2021-06-01,40-49,175,220,0
2021-06-01,60-69,57,96,0
2021-06-01,90+,<15,<15,0
2021-06-01,80-89,26,38,0
2021-06-02,50-59,113,124,0
2021-06-02,0-19,195,233,0
2021-06-02,80-89,15,26,0
2021-06-02,20-29,441,415,0
2021-06-02,90+,<15,<15,0
2021-06-02,40-49,185,192,0
2021-06-02,70-79,38,45,0
2021-06-02,60-69,69,79,0
2021-06-02,30-39,260,331,0
2021-06-03,0-19,491,211,0
2021-06-03,20-29,391,338,0
2021-06-03,40-49,167,173,0
2021-06-03,80-89,<15,30,0
2021-06-03,60-69,67,87,0
2021-06-03,30-39,245,296,0
2021-06-03,70-79,38,35,0
2021-06-03,90+,<15,<15,0
2021-06-03,50-59,110,119,0
2021-06-04,20-29,97,116,0
2021-06-04,0-19,517,77,0
2021-06-04,80-89,<15,<15,0
2021-06-04,70-79,<15,18,0
2021-06-04,60-69,18,28,0
2021-06-04,30-39,121,149,0
2021-06-04,50-59,62,63,0
2021-06-04,90+,0,<15,0
2021-06-04,40-49,103,92,0
2021-06-05,0-19,23,<15,0
2021-06-05,20-29,33,19,0
2021-06-05,50-59,<15,<15,0
2021-06-05,40-49,<15,<15,0
2021-06-05,30-39,30,19,0
2021-06-05,70-79,0,<15,0
2021-06-05,60-69,<15,<15,0
2021-06-06,20-29,299,229,0
2021-06-06,90+,<15,<15,0
2021-06-06,70-79,41,30,0
2021-06-06,80-89,<15,<15,0
2021-06-06,40-49,132,93,0
2021-06-06,30-39,255,188,0
2021-06-06,60-69,61,45,0
2021-06-06,0-19,3265,202,0
2021-06-06,50-59,119,71,0
2021-06-07,30-39,325,151,0
2021-06-07,70-79,37,29,0
2021-06-07,90+,<15,<15,0
2021-06-07,40-49,186,95,0
2021-06-07,80-89,27,23,0
2021-06-07,60-69,67,36,0
2021-06-07,0-19,3031,84,0
2021-06-07,20-29,451,181,0
2021-06-07,50-59,109,67,0
2021-06-08,90+,<15,<15,0
2021-06-08,80-89,<15,15,0
2021-06-08,30-39,262,241,0
2021-06-08,40-49,132,147,0
2021-06-08,70-79,21,28,0
2021-06-08,60-69,66,67,0
2021-06-08,20-29,253,260,0
2021-06-08,50-59,96,105,0
2021-06-08,0-19,2739,161,0
2021-06-09,60-69,63,70,0
2021-06-09,50-59,99,89,0
2021-06-09,40-49,158,131,0
2021-06-09,70-79,47,48,0
2021-06-09,0-19,2521,206,0
2021-06-09,80-89,16,28,0
2021-06-09,20-29,315,324,0
2021-06-09,90+,<15,<15,0
2021-06-09,30-39,240,247,0
2021-06-10,20-29,340,306,0
2021-06-10,30-39,247,256,0
2021-06-10,50-59,99,93,0
2021-06-10,70-79,26,36,0
2021-06-10,60-69,62,60,0
2021-06-10,0-19,2239,211,0
2021-06-10,80-89,15,18,0
2021-06-10,90+,<15,<15,0
2021-06-10,40-49,161,146,0
2021-06-11,0-19,939,74,0
2021-06-11,50-59,40,33,0
2021-06-11,70-79,<15,<15,0
2021-06-11,30-39,89,103,0
2021-06-11,40-49,67,65,0
2021-06-11,20-29,95,110,0
2021-06-11,80-89,<15,<15,0
2021-06-11,90+,<15,<15,0
2021-06-11,60-69,<15,<15,0
2021-06-12,0-19,57,16,0
2021-06-12,50-59,<15,<15,0
2021-06-12,40-49,<15,<15,0
2021-06-12,60-69,<15,<15,0
2021-06-12,20-29,33,33,0
2021-06-12,30-39,28,18,0
2021-06-12,70-79,<15,<15,0
2021-06-13,0-19,2123,221,0
2021-06-13,90+,<15,<15,0
2021-06-13,70-79,34,36,0
2021-06-13,20-29,292,311,0
2021-06-13,80-89,<15,<15,0
2021-06-13,60-69,64,53,0
2021-06-13,40-49,167,147,0
2021-06-13,30-39,252,275,0
2021-06-13,50-59,103,113,0
2021-06-14,0-19,1880,272,0
2021-06-14,50-59,105,128,0
2021-06-14,20-29,333,354,0
2021-06-14,70-79,28,25,0
2021-06-14,30-39,278,298,0
2021-06-14,40-49,191,191,0
2021-06-14,60-69,70,93,0
2021-06-14,80-89,<15,18,0
2021-06-14,90+,<15,<15,0
2021-06-15,80-89,15,23,0
2021-06-15,70-79,29,47,0
2021-06-15,20-29,339,305,0
2021-06-15,0-19,1943,191,0
2021-06-15,90+,<15,<15,0
2021-06-15,30-39,268,311,0
2021-06-15,40-49,178,149,0
2021-06-15,50-59,123,97,0
2021-06-15,60-69,78,72,0
2021-06-16,80-89,<15,29,0
2021-06-16,20-29,278,173,0
2021-06-16,0-19,1686,151,0
2021-06-16,50-59,117,62,0
2021-06-16,40-49,165,131,0
2021-06-16,90+,<15,15,0
2021-06-16,70-79,28,46,0
2021-06-16,30-39,237,180,0
2021-06-16,60-69,55,53,0
2021-06-17,20-29,355,258,0
2021-06-17,0-19,1521,182,0
2021-06-17,90+,<15,<15,0
2021-06-17,80-89,16,<15,0
2021-06-17,30-39,277,254,0
2021-06-17,70-79,25,37,0
2021-06-17,60-69,65,50,0
2021-06-17,40-49,200,139,0
2021-06-17,50-59,95,91,0
2021-06-18,90+,<15,0,0
2021-06-18,70-79,<15,<15,0
2021-06-18,20-29,117,78,0
2021-06-18,30-39,134,103,0
2021-06-18,50-59,41,36,0
2021-06-18,0-19,715,45,0
2021-06-18,80-89,<15,<15,0
2021-06-18,40-49,79,55,0
2021-06-18,60-69,23,18,0
2021-06-19,20-29,37,23,0
2021-06-19,70-79,<15,<15,0
2021-06-19,40-49,<15,18,0
2021-06-19,30-39,19,15,0
2021-06-19,60-69,<15,<15,0
2021-06-19,50-59,<15,<15,0
2021-06-19,0-19,58,<15,0
2021-06-19,80-89,<15,0,0
2021-06-20,30-39,296,296,0
2021-06-20,70-79,34,42,0
2021-06-20,40-49,197,197,0
2021-06-20,60-69,61,78,0
2021-06-20,90+,<15,<15,0
2021-06-20,80-89,16,18,0
2021-06-20,20-29,355,267,0
2021-06-20,0-19,2141,183,0
2021-06-20,50-59,133,137,0
2021-06-21,90+,<15,<15,0
2021-06-21,70-79,34,53,0
2021-06-21,60-69,75,61,0
2021-06-21,30-39,443,242,0
2021-06-21,40-49,228,125,0
2021-06-21,50-59,152,71,0
2021-06-21,20-29,605,258,0
2021-06-21,80-89,<15,<15,0
2021-06-21,0-19,3511,246,0
2021-06-22,60-69,98,47,0
2021-06-22,50-59,167,96,0
2021-06-22,90+,<15,<15,0
2021-06-22,30-39,374,225,0
2021-06-22,40-49,237,155,0
2021-06-22,70-79,47,31,0
2021-06-22,20-29,477,228,0
2021-06-22,0-19,5332,143,0
2021-06-22,80-89,26,<15,0
2021-06-23,70-79,50,40,0
2021-06-23,30-39,474,224,0
2021-06-23,90+,<15,<15,0
2021-06-23,60-69,125,67,0
2021-06-23,40-49,321,151,0
2021-06-23,50-59,202,106,0
2021-06-23,20-29,560,319,0
2021-06-23,0-19,8791,191,0
2021-06-23,80-89,36,21,0
2021-06-24,50-59,269,101,0
2021-06-24,30-39,497,231,0
2021-06-24,70-79,79,44,0
2021-06-24,60-69,121,69,0
2021-06-24,40-49,358,153,0
2021-06-24,90+,<15,<15,0
2021-06-24,0-19,9881,406,0
2021-06-24,20-29,621,293,0
2021-06-24,80-89,35,16,0
2021-06-25,50-59,136,45,0
2021-06-25,60-69,50,22,0
2021-06-25,0-19,5972,431,0
2021-06-25,80-89,<15,<15,0
2021-06-25,30-39,279,106,0
2021-06-25,20-29,246,73,0
2021-06-25,70-79,18,<15,0
2021-06-25,40-49,222,84,0
2021-06-26,20-29,76,29,0
2021-06-26,0-19,1949,27,0
2021-06-26,50-59,34,<15,0
2021-06-26,30-39,55,29,0
2021-06-26,70-79,<15,0,0
2021-06-26,60-69,<15,<15,0
2021-06-26,80-89,<15,<15,0
2021-06-26,40-49,61,15,0
2021-06-27,0-19,11005,2335,0
2021-06-27,20-29,804,288,0
2021-06-27,50-59,287,137,0
2021-06-27,90+,<15,<15,0
2021-06-27,80-89,36,18,0
2021-06-27,60-69,164,65,0
2021-06-27,30-39,732,265,0
2021-06-27,40-49,432,175,0
2021-06-27,70-79,65,51,0
2021-06-28,20-29,880,310,0
2021-06-28,0-19,11745,2548,0
2021-06-28,80-89,39,23,0
2021-06-28,90+,<15,<15,0
2021-06-28,40-49,485,161,0
2021-06-28,50-59,327,104,0
2021-06-28,60-69,175,70,0
2021-06-28,70-79,70,46,0
2021-06-28,30-39,634,247,0
2021-06-29,20-29,953,237,0
2021-06-29,80-89,50,23,0
2021-06-29,60-69,200,79,0
2021-06-29,70-79,100,50,0
2021-06-29,0-19,13539,2579,0
2021-06-29,30-39,761,278,0
2021-06-29,50-59,378,126,0
2021-06-29,90+,<15,<15,0
2021-06-29,40-49,545,177,0
2021-06-30,0-19,13316,2287,0
2021-06-30,90+,<15,<15,0
2021-06-30,80-89,63,25,0
2021-06-30,60-69,207,77,0
2021-06-30,40-49,565,163,0
2021-06-30,70-79,107,41,0
2021-06-30,30-39,790,228,0
2021-06-30,20-29,887,250,0
2021-06-30,50-59,350,135,0
2021-07-01,90+,16,<15,0
2021-07-01,70-79,92,45,0
2021-07-01,50-59,395,125,0
2021-07-01,20-29,965,299,0
2021-07-01,30-39,799,239,0
2021-07-01,40-49,608,162,0
2021-07-01,60-69,221,103,0
2021-07-01,80-89,49,20,0
2021-07-01,0-19,13507,2221,0
2021-07-02,50-59,207,65,0
2021-07-02,30-39,477,100,0
2021-07-02,20-29,500,106,0
2021-07-02,80-89,17,<15,0
2021-07-02,60-69,94,28,0
2021-07-02,40-49,332,76,0
2021-07-02,90+,<15,<15,0
2021-07-02,70-79,41,17,0
2021-07-02,0-19,8011,1017,0
2021-07-03,70-79,18,<15,0
2021-07-03,40-49,118,28,0
2021-07-03,60-69,30,<15,0
2021-07-03,30-39,137,29,0
2021-07-03,80-89,<15,0,0
2021-07-03,20-29,179,54,0
2021-07-03,0-19,2051,105,0
2021-07-03,50-59,61,<15,0
2021-07-04,90+,<15,<15,0
2021-07-04,30-39,819,242,0
2021-07-04,60-69,235,100,0
2021-07-04,40-49,634,185,0
2021-07-04,50-59,426,119,0
2021-07-04,0-19,14329,2108,0
2021-07-04,70-79,126,57,0
2021-07-04,80-89,62,23,0
2021-07-04,20-29,1008,247,0
2021-07-05,50-59,466,130,0
2021-07-05,90+,<15,<15,0
2021-07-05,40-49,702,199,0
2021-07-05,20-29,1187,282,0
2021-07-05,80-89,46,<15,0
2021-07-05,0-19,14034,1870,0
2021-07-05,70-79,131,44,0
2021-07-05,30-39,899,242,0
2021-07-05,60-69,237,92,0
2021-07-06,20-29,1327,363,0
2021-07-06,30-39,928,321,0
2021-07-06,70-79,143,50,0
2021-07-06,40-49,680,223,0
2021-07-06,50-59,418,126,0
2021-07-06,0-19,13873,2050,0
2021-07-06,60-69,292,82,0
2021-07-06,90+,16,<15,0
2021-07-06,80-89,58,19,0
2021-07-07,50-59,376,106,0
2021-07-07,60-69,233,91,0
2021-07-07,40-49,698,153,0
2021-07-07,30-39,842,253,0
2021-07-07,70-79,112,45,0
2021-07-07,90+,24,<15,0
2021-07-07,80-89,66,25,0
2021-07-07,20-29,1034,238,0
2021-07-07,0-19,11983,1610,0
2021-07-08,60-69,247,78,0
2021-07-08,0-19,12648,1669,0
2021-07-08,20-29,1235,275,0
2021-07-08,30-39,958,265,0
2021-07-08,40-49,687,206,0
2021-07-08,90+,29,<15,0
2021-07-08,70-79,143,41,0
2021-07-08,50-59,412,129,0
2021-07-08,80-89,81,21,0
2021-07-09,20-29,734,101,0
2021-07-09,0-19,8643,849,0
2021-07-09,50-59,297,55,0
2021-07-09,60-69,125,52,0
2021-07-09,40-49,494,102,0
2021-07-09,70-79,62,18,0
2021-07-09,30-39,620,129,0
2021-07-09,90+,<15,<15,0
2021-07-09,80-89,42,20,0
2021-07-10,50-59,135,23,0
2021-07-10,0-19,3791,117,0
2021-07-10,80-89,<15,0,0
2021-07-10,20-29,360,64,0
2021-07-10,70-79,25,<15,0
2021-07-10,40-49,238,47,0
2021-07-10,60-69,69,<15,0
2021-07-10,30-39,273,44,0
2021-07-11,70-79,20,24,0
2021-07-11,20-29,299,238,0
2021-07-11,80-89,<15,21,0
2021-07-11,0-19,502,1969,0
2021-07-11,50-59,102,69,0
2021-07-11,60-69,49,67,0
2021-07-11,30-39,237,222,0
2021-07-11,40-49,172,152,0
2021-07-11,90+,0,<15,0
2021-07-12,0-19,1160,2685,0
2021-07-12,80-89,<15,<15,0
2021-07-12,30-39,263,221,0
2021-07-12,70-79,24,27,0
2021-07-12,90+,<15,<15,0
2021-07-12,40-49,214,135,0
2021-07-12,20-29,447,296,0
2021-07-12,50-59,129,92,0
2021-07-12,60-69,71,54,0
2021-07-13,20-29,537,376,0
2021-07-13,80-89,19,16,0
2021-07-13,90+,<15,<15,0
2021-07-13,0-19,1502,4312,0
2021-07-13,50-59,136,107,0
2021-07-13,70-79,31,30,0
2021-07-13,40-49,209,156,0
2021-07-13,30-39,342,236,0
2021-07-13,60-69,65,53,0
2021-07-14,20-29,447,248,0
2021-07-14,0-19,1455,6493,0
2021-07-14,40-49,195,140,0
2021-07-14,70-79,36,39,0
2021-07-14,30-39,258,254,0
2021-07-14,90+,<15,<15,0
2021-07-14,60-69,77,65,0
2021-07-14,80-89,24,24,0
2021-07-14,50-59,114,87,0
2021-07-15,50-59,136,105,0
2021-07-15,70-79,34,61,0
2021-07-15,60-69,76,60,0
2021-07-15,30-39,285,247,0
2021-07-15,90+,<15,<15,0
2021-07-15,40-49,202,184,0
2021-07-15,80-89,<15,23,0
2021-07-15,20-29,449,305,0
2021-07-15,0-19,1660,8118,0
2021-07-16,70-79,<15,16,0
2021-07-16,60-69,24,26,0
2021-07-16,40-49,85,118,0
2021-07-16,30-39,120,117,0
2021-07-16,80-89,<15,<15,0
2021-07-16,90+,<15,<15,0
2021-07-16,50-59,51,62,0
2021-07-16,0-19,678,5292,0
2021-07-16,20-29,182,103,0
2021-07-17,50-59,<15,17,0
2021-07-17,60-69,<15,<15,0
2021-07-17,30-39,19,25,0
2021-07-17,20-29,52,35,0
2021-07-17,80-89,<15,0,0
2021-07-17,0-19,198,1194,0
2021-07-17,70-79,<15,<15,0
2021-07-17,40-49,15,20,0
2021-07-18,50-59,84,116,0
2021-07-18,90+,<15,<15,0
2021-07-18,40-49,143,160,0
2021-07-18,60-69,48,62,0
2021-07-18,30-39,220,253,0
2021-07-18,0-19,1205,8777,0
2021-07-18,20-29,268,256,0
2021-07-18,70-79,26,35,0
2021-07-18,80-89,<15,20,0
2021-07-19,50-59,117,113,0
2021-07-19,20-29,481,340,0
2021-07-19,70-79,43,38,0
2021-07-19,40-49,223,175,0
2021-07-19,30-39,295,281,0
2021-07-19,0-19,1839,10106,0
2021-07-19,90+,<15,<15,0
2021-07-19,80-89,24,25,0
2021-07-19,60-69,74,74,0
2021-07-20,80-89,25,52,0
2021-07-20,40-49,179,181,0
2021-07-20,60-69,72,86,0
2021-07-20,30-39,250,297,0
2021-07-20,20-29,367,314,0
2021-07-20,0-19,1494,10623,0
2021-07-20,50-59,102,113,0
2021-07-20,90+,<15,24,0
2021-07-20,70-79,44,54,0
2021-07-21,0-19,1350,10590,0
2021-07-21,80-89,21,44,0
2021-07-21,40-49,159,187,0
2021-07-21,20-29,304,256,0
2021-07-21,60-69,53,100,0
2021-07-21,90+,<15,<15,0
2021-07-21,30-39,219,290,0
2021-07-21,70-79,35,71,0
2021-07-21,50-59,116,136,0
2021-07-22,20-29,384,277,0
2021-07-22,0-19,1640,11806,0
2021-07-22,50-59,140,172,0
2021-07-22,70-79,36,52,0
2021-07-22,30-39,276,363,0
2021-07-22,60-69,80,91,0
2021-07-22,40-49,210,268,0
2021-07-22,90+,<15,<15,0
2021-07-22,80-89,16,35,0
2021-07-23,0-19,1258,7461,0
2021-07-23,80-89,<15,<15,0
2021-07-23,20-29,207,141,0
2021-07-23,30-39,202,195,0
2021-07-23,90+,<15,<15,0
2021-07-23,70-79,<15,22,0
2021-07-23,50-59,67,83,0
2021-07-23,60-69,37,36,0
2021-07-23,40-49,130,95,0
2021-07-24,20-29,70,85,0
2021-07-24,80-89,0,<15,0
2021-07-24,0-19,390,1200,0
2021-07-24,50-59,18,<15,0
2021-07-24,30-39,50,39,0
2021-07-24,70-79,<15,<15,0
2021-07-24,60-69,<15,<15,0
2021-07-24,40-49,40,42,0
2021-07-25,20-29,532,427,0
2021-07-25,0-19,2804,13878,0
2021-07-25,80-89,27,39,0
2021-07-25,90+,<15,<15,0
2021-07-25,70-79,62,79,0
2021-07-25,30-39,374,416,0
2021-07-25,40-49,269,251,0
2021-07-25,60-69,117,113,0
2021-07-25,50-59,157,175,0
2021-07-26,90+,<15,<15,0
2021-07-26,30-39,415,371,0
2021-07-26,80-89,24,34,0
2021-07-26,0-19,3382,11823,0
2021-07-26,20-29,581,501,0
2021-07-26,50-59,172,170,0
2021-07-26,70-79,54,75,0
2021-07-26,60-69,105,113,0
2021-07-26,40-49,302,243,0
2021-07-27,30-39,460,472,0
2021-07-27,20-29,685,611,0
2021-07-27,50-59,187,189,0
2021-07-27,90+,15,15,0
2021-07-27,70-79,51,83,0
2021-07-27,40-49,338,281,0
2021-07-27,60-69,101,137,0
2021-07-27,0-19,3528,11571,0
2021-07-27,80-89,27,32,0
2021-07-28,30-39,387,429,0
2021-07-28,70-79,44,87,0
2021-07-28,60-69,83,122,0
2021-07-28,90+,<15,32,0
2021-07-28,80-89,43,50,0
2021-07-28,40-49,256,257,0
2021-07-28,20-29,464,396,0
2021-07-28,0-19,2455,10610,0
2021-07-28,50-59,161,197,0
2021-07-29,90+,<15,27,0
2021-07-29,70-79,61,103,0
2021-07-29,60-69,86,160,0
2021-07-29,40-49,302,359,0
2021-07-29,30-39,451,549,0
2021-07-29,0-19,2930,12005,0
2021-07-29,80-89,27,56,0
2021-07-29,50-59,190,186,0
2021-07-29,20-29,514,523,0
2021-07-30,50-59,130,145,0
2021-07-30,60-69,50,88,1901
2021-07-30,30-39,232,340,0
2021-07-30,20-29,263,304,0
2021-07-30,90+,<15,<15,58
2021-07-30,70-79,32,38,1593
2021-07-30,40-49,181,231,0
2021-07-30,0-19,1639,9514,0
2021-07-30,80-89,<15,24,442
2021-07-31,30-39,100,135,0
2021-07-31,70-79,<15,17,2443
2021-07-31,50-59,39,50,0
2021-07-31,20-29,132,155,0
2021-07-31,0-19,992,2977,0
2021-07-31,80-89,<15,<15,649
2021-07-31,60-69,20,42,2914
2021-07-31,40-49,62,88,0
2021-07-31,90+,0,<15,89
2021-08-01,20-29,276,158,0
2021-08-01,0-19,2102,2738,0
2021-08-01,80-89,66,29,5181
2021-08-01,50-59,81,50,0
2021-08-01,60-69,61,68,11889
2021-08-01,70-79,48,49,12747
2021-08-01,40-49,160,71,0
2021-08-01,30-39,196,105,0
2021-08-01,90+,34,<15,943
2021-08-02,50-59,106,93,0
2021-08-02,60-69,82,125,22314
2021-08-02,20-29,330,243,0
2021-08-02,80-89,34,43,9781
2021-08-02,0-19,2074,2172,0
2021-08-02,90+,16,15,2128
2021-08-02,30-39,201,158,0
2021-08-02,70-79,61,84,23960
2021-08-02,40-49,132,99,0
2021-08-03,20-29,378,318,0
2021-08-03,0-19,2185,2088,0
2021-08-03,80-89,41,42,13384
2021-08-03,60-69,93,172,30244
2021-08-03,70-79,80,117,31965
2021-08-03,50-59,103,88,0
2021-08-03,30-39,249,209,0
2021-08-03,90+,<15,21,2972
2021-08-03,40-49,170,110,0
2021-08-04,0-19,2364,2001,0
2021-08-04,20-29,319,248,0
2021-08-04,50-59,122,73,0
2021-08-04,70-79,79,139,32335
2021-08-04,30-39,263,213,0
2021-08-04,60-69,104,187,31364
2021-08-04,40-49,172,140,0
2021-08-04,80-89,44,60,13704
2021-08-04,90+,<15,19,2895
2021-08-05,80-89,64,77,14265
2021-08-05,0-19,2986,2192,0
2021-08-05,20-29,466,274,0
2021-08-05,70-79,100,159,35088
2021-08-05,50-59,144,106,0
2021-08-05,40-49,223,146,0
2021-08-05,60-69,139,224,35484
2021-08-05,90+,16,23,3015
2021-08-05,30-39,299,238,0
2021-08-06,70-79,49,69,16803
2021-08-06,90+,<15,<15,1442
2021-08-06,20-29,151,111,0
2021-08-06,40-49,109,70,0
2021-08-06,80-89,22,31,6901
2021-08-06,0-19,1732,1108,0
2021-08-06,50-59,66,61,0
2021-08-06,30-39,149,111,0
2021-08-06,60-69,72,134,19237
2021-08-07,0-19,687,311,0
2021-08-07,90+,<15,<15,743
2021-08-07,80-89,<15,15,3904
2021-08-07,40-49,38,29,0
2021-08-07,70-79,19,37,10466
2021-08-07,30-39,69,36,0
2021-08-07,20-29,86,75,0
2021-08-07,50-59,34,27,0
2021-08-07,60-69,25,66,11974
2021-08-08,80-89,57,72,12866
2021-08-08,0-19,3478,1741,0
2021-08-08,90+,24,<15,2546
2021-08-08,70-79,94,159,30436
2021-08-08,30-39,315,232,0
2021-08-08,20-29,418,263,0
2021-08-08,60-69,172,257,33206
2021-08-08,40-49,278,142,0
2021-08-08,50-59,162,121,0
2021-08-09,20-29,476,326,0
2021-08-09,80-89,66,74,12464
2021-08-09,60-69,180,269,31546
2021-08-09,90+,17,<15,2671
2021-08-09,30-39,359,220,0
2021-08-09,70-79,109,160,28399
2021-08-09,40-49,272,163,0
2021-08-09,50-59,162,99,0
2021-08-09,0-19,3664,1583,0
2021-08-10,70-79,129,220,27219
2021-08-10,40-49,330,165,500
2021-08-10,30-39,454,251,93
2021-08-10,60-69,169,286,31711
2021-08-10,80-89,66,106,12306
2021-08-10,90+,23,21,2423
2021-08-10,20-29,612,332,0
2021-08-10,0-19,3525,1522,0
2021-08-10,50-59,215,153,926
2021-08-11,70-79,142,158,22067
2021-08-11,90+,19,<15,2147
2021-08-11,60-69,230,242,26365
2021-08-11,40-49,350,171,587
2021-08-11,80-89,71,68,10129
2021-08-11,0-19,3564,1453,0
2021-08-11,50-59,243,139,1063
2021-08-11,20-29,562,293,0
2021-08-11,30-39,440,262,84
2021-08-12,70-79,142,159,20269
2021-08-12,50-59,298,168,826
2021-08-12,20-29,542,350,0
2021-08-12,80-89,77,77,9486
2021-08-12,0-19,4721,1705,0
2021-08-12,60-69,236,256,26025
2021-08-12,90+,27,18,2101
2021-08-12,30-39,556,262,81
2021-08-12,40-49,398,183,462
2021-08-13,70-79,62,72,8224
2021-08-13,60-69,105,147,13509
2021-08-13,30-39,262,177,84
2021-08-13,40-49,189,119,354
2021-08-13,50-59,125,165,16701
2021-08-13,20-29,279,193,0
2021-08-13,0-19,2692,1039,0
2021-08-13,80-89,36,26,3925
2021-08-13,90+,<15,<15,905
2021-08-14,50-59,135,169,26964
2021-08-14,20-29,191,94,0
2021-08-14,0-19,1497,286,0
2021-08-14,60-69,73,58,8977
2021-08-14,40-49,124,56,367
2021-08-14,70-79,57,35,5212
2021-08-14,90+,<15,<15,488
2021-08-14,30-39,143,53,101
2021-08-14,80-89,19,<15,2241
2021-08-15,50-59,349,466,50111
2021-08-15,60-69,278,270,21581
2021-08-15,0-19,4705,2433,0
2021-08-15,20-29,642,416,0
2021-08-15,70-79,132,166,13491
2021-08-15,30-39,565,343,1508
2021-08-15,90+,<15,20,1383
2021-08-15,40-49,424,239,2958
2021-08-15,80-89,75,84,6561
2021-08-16,0-19,4234,2463,0
2021-08-16,20-29,726,411,0
2021-08-16,50-59,435,597,46164
2021-08-16,70-79,186,153,11935
2021-08-16,30-39,581,340,1954
2021-08-16,40-49,492,278,3248
2021-08-16,90+,16,15,1302
2021-08-16,80-89,71,50,5949
2021-08-16,60-69,249,296,18508
2021-08-17,50-59,439,521,42844
2021-08-17,80-89,88,90,4872
2021-08-17,20-29,701,514,0
2021-08-17,0-19,4649,2718,0
2021-08-17,90+,23,20,1121
2021-08-17,70-79,185,166,10241
2021-08-17,60-69,271,289,17048
2021-08-17,30-39,677,396,2294
2021-08-17,40-49,539,299,4400
2021-08-18,20-29,780,442,0
2021-08-18,90+,18,<15,980
2021-08-18,40-49,532,302,3597
2021-08-18,30-39,716,382,2011
2021-08-18,0-19,5591,2426,0
2021-08-18,80-89,74,54,4143
2021-08-18,50-59,495,464,35222
2021-08-18,60-69,281,265,14334
2021-08-18,70-79,141,143,8538
2021-08-19,20-29,869,512,0
2021-08-19,0-19,6647,2778,0
2021-08-19,80-89,85,68,3513
2021-08-19,70-79,164,162,7255
2021-08-19,30-39,790,396,2202
2021-08-19,50-59,513,503,33896
2021-08-19,60-69,329,301,13720
2021-08-19,90+,28,20,776
2021-08-19,40-49,638,377,4157
2021-08-20,0-19,3217,1385,0
2021-08-20,90+,<15,<15,295
2021-08-20,20-29,352,255,0
2021-08-20,80-89,32,16,1408
2021-08-20,50-59,261,334,21053
2021-08-20,70-79,75,58,2948
2021-08-20,40-49,316,298,26229
2021-08-20,30-39,347,231,1280
2021-08-20,60-69,131,110,6688
2021-08-21,70-79,30,30,1434
2021-08-21,20-29,241,155,0
2021-08-21,80-89,<15,<15,666
2021-08-21,30-39,179,115,1446
2021-08-21,90+,<15,<15,137
2021-08-21,40-49,231,218,31518
2021-08-21,50-59,136,165,11939
2021-08-21,60-69,50,82,3116
2021-08-21,0-19,2622,717,0
2021-08-22,30-39,774,331,5789
2021-08-22,70-79,152,129,5933
2021-08-22,40-49,794,563,51239
2021-08-22,90+,23,15,575
2021-08-22,80-89,93,55,2703
2021-08-22,60-69,295,220,10523
2021-08-22,0-19,6370,2684,0
2021-08-22,50-59,497,394,25878
2021-08-22,20-29,918,365,0
2021-08-23,60-69,278,228,8950
2021-08-23,80-89,71,59,2433
2021-08-23,90+,28,<15,568
2021-08-23,30-39,906,333,8818
2021-08-23,70-79,156,136,4993
2021-08-23,40-49,900,535,43511
2021-08-23,20-29,956,370,0
2021-08-23,50-59,532,387,21285
2021-08-23,0-19,7185,2261,0
2021-08-24,40-49,873,555,40431
2021-08-24,60-69,299,243,7995
2021-08-24,50-59,549,417,19114
2021-08-24,20-29,1041,460,0
2021-08-24,80-89,75,68,2073
2021-08-24,0-19,7818,2354,0
2021-08-24,30-39,1007,363,18657
2021-08-24,70-79,163,127,4583
2021-08-24,90+,17,<15,540
2021-08-25,50-59,491,385,14879
2021-08-25,60-69,260,243,6456
2021-08-25,70-79,156,129,3600
2021-08-25,0-19,5774,2231,0
2021-08-25,20-29,1043,385,0
2021-08-25,90+,18,<15,462
2021-08-25,40-49,874,468,32331
2021-08-25,30-39,1103,464,35051
2021-08-25,80-89,61,44,1702
2021-08-26,50-59,471,400,16184
2021-08-26,30-39,1131,493,34192
2021-08-26,40-49,853,509,34315
2021-08-26,70-79,145,116,3022
2021-08-26,0-19,6164,2749,0
2021-08-26,20-29,1122,409,0
2021-08-26,90+,<15,<15,296
2021-08-26,80-89,57,41,1445
2021-08-26,60-69,226,224,6408
2021-08-27,0-19,2855,1651,0
2021-08-27,50-59,181,189,8787
2021-08-27,60-69,96,90,3015
2021-08-27,40-49,353,262,20786
2021-08-27,20-29,367,168,0
2021-08-27,70-79,46,38,1193
2021-08-27,80-89,19,19,512
2021-08-27,90+,<15,<15,100
2021-08-27,30-39,411,263,19885
2021-08-28,0-19,2740,707,0
2021-08-28,50-59,114,141,4876
2021-08-28,80-89,<15,<15,287
2021-08-28,20-29,246,132,0
2021-08-28,30-39,271,168,12978
2021-08-28,90+,<15,0,62
2021-08-28,70-79,24,30,720
2021-08-28,60-69,55,61,1652
2021-08-28,40-49,255,178,11704
2021-08-29,0-19,6578,3523,1544
2021-08-29,50-59,460,329,10457
2021-08-29,20-29,1190,542,9202
2021-08-29,80-89,59,50,1155
2021-08-29,90+,18,<15,261
2021-08-29,60-69,242,211,4818
2021-08-29,70-79,125,146,2554
2021-08-29,30-39,990,542,26972
2021-08-29,40-49,796,520,22164
2021-08-30,30-39,1411,667,28827
2021-08-30,20-29,1604,821,35338
2021-08-30,80-89,59,44,1209
2021-08-30,0-19,7397,3996,9402
2021-08-30,50-59,579,400,10788
2021-08-30,90+,<15,<15,316
2021-08-30,70-79,141,136,2449
2021-08-30,40-49,968,594,22201
2021-08-30,60-69,270,229,4788
2021-08-31,20-29,1482,922,39446
2021-08-31,80-89,47,59,1164
2021-08-31,0-19,7639,3454,9846
2021-08-31,60-69,230,254,4635
2021-08-31,50-59,440,408,10054
2021-08-31,40-49,892,539,20214
2021-08-31,70-79,150,165,2347
2021-08-31,90+,<15,<15,265
2021-08-31,30-39,1297,591,26110
2021-09-01,20-29,1821,1061,43766
2021-09-01,0-19,4487,2870,12250
2021-09-01,80-89,49,57,881
2021-09-01,90+,<15,<15,246
2021-09-01,70-79,127,160,1909
2021-09-01,40-49,774,493,17018
2021-09-01,30-39,1156,634,23627
2021-09-01,60-69,226,271,3784
2021-09-01,50-59,447,330,7879
2021-09-02,90+,22,<15,224
2021-09-02,20-29,1853,1094,37848
2021-09-02,30-39,1188,597,25142
2021-09-02,0-19,4132,4005,12205
2021-09-02,80-89,65,58,786
2021-09-02,50-59,487,382,9091
2021-09-02,40-49,752,535,19881
2021-09-02,60-69,235,250,3824
2021-09-02,70-79,119,132,1787
2021-09-03,20-29,527,484,16664
2021-09-03,70-79,39,60,801
2021-09-03,90+,<15,<15,63
2021-09-03,40-49,319,297,12081
2021-09-03,80-89,<15,17,305
2021-09-03,30-39,435,332,15748
2021-09-03,60-69,74,99,1930
2021-09-03,50-59,149,230,5121
2021-09-03,0-19,2169,2477,5904
2021-09-04,70-79,18,19,416
2021-09-04,30-39,241,185,7463
2021-09-04,90+,<15,<15,47
2021-09-04,40-49,176,156,5747
2021-09-04,60-69,44,70,971
2021-09-04,80-89,<15,<15,185
2021-09-04,0-19,1832,1144,3772
2021-09-04,20-29,255,222,8507
2021-09-04,50-59,97,141,2707
2021-09-05,90+,15,<15,154
2021-09-05,30-39,885,447,14730
2021-09-05,40-49,611,380,10081
2021-09-05,70-79,132,102,1401
2021-09-05,60-69,202,202,2504
2021-09-05,50-59,374,280,5103
2021-09-05,20-29,1294,871,28593
2021-09-05,0-19,3546,4069,9584
2021-09-05,80-89,49,38,607
2021-09-06,60-69,68,72,799
2021-09-06,50-59,140,115,2050
2021-09-06,90+,<15,<15,28
2021-09-06,70-79,38,42,358
2021-09-06,40-49,272,166,3884
2021-09-06,20-29,435,323,7299
2021-09-06,0-19,1509,1660,2954
2021-09-06,30-39,332,207,5134
2021-09-06,80-89,18,22,143
2021-09-07,60-69,15,25,278
2021-09-07,30-39,118,74,1333
2021-09-07,70-79,<15,<15,132
2021-09-07,50-59,48,35,614
2021-09-07,20-29,161,106,1389
2021-09-07,0-19,760,468,435
2021-09-07,80-89,<15,<15,36
2021-09-07,90+,0,0,<15
2021-09-07,40-49,61,71,1091
2021-09-08,0-19,857,723,620
2021-09-08,20-29,199,151,1739
2021-09-08,50-59,53,42,719
2021-09-08,70-79,<15,15,130
2021-09-08,60-69,24,24,331
2021-09-08,30-39,115,78,1607
2021-09-08,40-49,96,69,1314
2021-09-08,80-89,<15,<15,55
2021-09-08,90+,0,0,<15
2021-09-09,80-89,57,88,653
2021-09-09,0-19,3663,8421,7558
2021-09-09,60-69,201,380,3278
2021-09-09,20-29,1222,1037,21843
2021-09-09,90+,16,19,168
2021-09-09,70-79,113,253,1639
2021-09-09,30-39,877,922,17381
2021-09-09,40-49,636,747,13710
2021-09-09,50-59,362,560,7025
2021-09-10,20-29,443,410,10152
2021-09-10,0-19,1817,3327,3468
2021-09-10,50-59,135,213,3702
2021-09-10,80-89,34,26,265
2021-09-10,90+,<15,<15,49
2021-09-10,60-69,77,132,1537
2021-09-10,30-39,399,398,10168
2021-09-10,70-79,53,63,655
2021-09-10,40-49,293,339,7671
2021-09-11,0-19,1434,1745,1540
2021-09-11,20-29,216,179,3883
2021-09-11,50-59,74,94,1560
2021-09-11,80-89,<15,<15,106
2021-09-11,90+,0,<15,20
2021-09-11,70-79,20,41,259
2021-09-11,30-39,200,160,3671
2021-09-11,40-49,128,158,3070
2021-09-11,60-69,38,48,600
2021-09-12,80-89,48,77,669
2021-09-12,0-19,3091,5554,5842
2021-09-12,20-29,1192,946,17976
2021-09-12,30-39,799,640,11806
2021-09-12,90+,<15,<15,180
2021-09-12,50-59,289,360,4654
2021-09-12,60-69,167,269,2591
2021-09-12,40-49,530,479,8601
2021-09-12,70-79,89,173,1386
2021-09-13,60-69,175,327,2167
2021-09-13,30-39,761,681,10585
2021-09-13,80-89,41,72,588
2021-09-13,20-29,1087,864,15535
2021-09-13,0-19,2662,5048,5080
2021-09-13,50-59,323,404,4125
2021-09-13,70-79,107,204,1120
2021-09-13,90+,18,19,185
2021-09-13,40-49,580,517,8079
2021-09-14,20-29,807,685,14535
2021-09-14,0-19,2603,4600,4630
2021-09-14,80-89,37,72,505
2021-09-14,90+,<15,15,159
2021-09-14,60-69,135,275,2244
2021-09-14,40-49,488,510,9012
2021-09-14,70-79,69,156,1152
2021-09-14,30-39,618,638,11108
2021-09-14,50-59,255,370,5170
2021-09-15,90+,<15,<15,20
2021-09-15,70-79,17,37,318
2021-09-15,50-59,90,149,2150
2021-09-15,20-29,269,268,4167
2021-09-15,30-39,258,241,4054
2021-09-15,60-69,49,109,867
2021-09-15,40-49,167,207,3736
2021-09-15,0-19,864,1615,1126
2021-09-15,80-89,<15,17,129
2021-09-16,50-59,<15,19,256
2021-09-16,80-89,<15,<15,<15
2021-09-16,20-29,60,54,479
2021-09-16,70-79,<15,<15,30
2021-09-16,90+,0,0,<15
2021-09-16,60-69,<15,<15,79
2021-09-16,30-39,39,32,371
2021-09-16,40-49,31,32,356
2021-09-16,0-19,162,325,114
2021-09-17,70-79,37,117,739
2021-09-17,30-39,492,581,11440
2021-09-17,40-49,417,468,8894
2021-09-17,80-89,19,52,238
2021-09-17,60-69,103,231,1748
2021-09-17,90+,0,<15,45
2021-09-17,20-29,602,565,11147
2021-09-17,0-19,1847,4549,3996
2021-09-17,50-59,200,345,4404
2021-09-18,90+,<15,<15,23
2021-09-18,70-79,<15,49,265
2021-09-18,30-39,236,214,3212
2021-09-18,60-69,33,71,616
2021-09-18,40-49,175,187,2789
2021-09-18,50-59,81,109,1462
2021-09-18,20-29,237,206,3085
2021-09-18,0-19,1473,2031,1155
2021-09-18,80-89,<15,16,102
2021-09-19,60-69,187,396,2411
2021-09-19,50-59,372,457,4253
2021-09-19,40-49,603,691,7420
2021-09-19,20-29,1266,1047,13549
2021-09-19,80-89,44,101,589
2021-09-19,0-19,2641,6877,4524
2021-09-19,90+,<15,21,143
2021-09-19,30-39,873,835,9747
2021-09-19,70-79,93,223,1348
2021-09-20,20-29,488,440,4559
2021-09-20,70-79,39,73,476
2021-09-20,60-69,61,143,969
2021-09-20,40-49,317,289,2993
2021-09-20,30-39,378,394,3941
2021-09-20,50-59,185,235,1782
2021-09-20,0-19,1766,2958,1506
2021-09-20,80-89,<15,19,230
2021-09-20,90+,<15,<15,40
2021-09-21,80-89,<15,<15,44
2021-09-21,0-19,829,1535,283
2021-09-21,50-59,47,53,384
2021-09-21,60-69,22,25,171
2021-09-21,70-79,<15,<15,92
2021-09-21,40-49,77,93,652
2021-09-21,30-39,125,103,853
2021-09-21,90+,<15,<15,<15
2021-09-21,20-29,183,159,867
2021-09-22,60-69,119,269,1544
2021-09-22,20-29,731,699,6066
2021-09-22,40-49,363,494,4310
2021-09-22,30-39,515,604,5581
2021-09-22,90+,<15,16,106
2021-09-22,70-79,79,172,844
2021-09-22,50-59,230,344,2578
2021-09-22,0-19,1875,3830,1884
2021-09-22,80-89,30,53,415
2021-09-23,20-29,760,663,6242
2021-09-23,0-19,1788,2890,1859
2021-09-23,50-59,304,356,3054
2021-09-23,90+,<15,16,118
2021-09-23,80-89,26,68,374
2021-09-23,70-79,65,134,875
2021-09-23,30-39,600,589,6372
2021-09-23,40-49,450,495,5056
2021-09-23,60-69,137,210,1699
2021-09-24,80-89,<15,15,145
2021-09-24,0-19,1440,2178,1889
2021-09-24,20-29,446,339,6278
2021-09-24,50-59,166,238,3039
2021-09-24,90+,<15,<15,38
2021-09-24,70-79,27,56,456
2021-09-24,60-69,72,123,1192
2021-09-24,30-39,358,387,6801
2021-09-24,40-49,320,331,5615
2021-09-25,20-29,219,200,2538
2021-09-25,80-89,<15,<15,55
2021-09-25,0-19,1396,1430,883
2021-09-25,90+,0,0,<15
2021-09-25,40-49,147,161,2178
2021-09-25,70-79,<15,18,160
2021-09-25,30-39,160,151,2477
2021-09-25,50-59,87,108,1176
2021-09-25,60-69,28,59,464
